,Date,Warehouse,Product_Code,Product_Category,Order_Demand
0,2018-01-01,Whse_J,Product_1,Category_028,(13)
1,2018-01-02,Whse_J,Product_1,Category_028,(11)
2,2018-01-03,Whse_J,Product_1,Category_028,(14)
3,2018-01-04,Whse_J,Product_1,Category_028,(13)
4,2018-01-05,Whse_J,Product_1,Category_028,(10)
5,2018-01-06,Whse_J,Product_1,Category_028,(12)
6,2018-01-07,Whse_J,Product_1,Category_028,(10)
7,2018-01-08,Whse_J,Product_1,Category_028,(9)
8,2018-01-09,Whse_J,Product_1,Category_028,(12)
9,2018-01-10,Whse_J,Product_1,Category_028,(9)
10,2018-01-11,Whse_J,Product_1,Category_028,(9)
11,2018-01-12,Whse_J,Product_1,Category_028,(7)
12,2018-01-13,Whse_J,Product_1,Category_028,(10)
13,2018-01-14,Whse_J,Product_1,Category_028,(12)
14,2018-01-15,Whse_J,Product_1,Category_028,(5)
15,2018-01-16,Whse_J,Product_1,Category_028,(7)
16,2018-01-17,Whse_J,Product_1,Category_006,(16)
17,2018-01-18,Whse_J,Product_1,Category_006,(7)
18,2018-01-19,Whse_J,Product_1,Category_006,(18)
19,2018-01-20,Whse_J,Product_1,Category_006,(15)
20,2018-01-21,Whse_J,Product_1,Category_006,(8)
21,2018-01-22,Whse_J,Product_1,Category_006,(7)
22,2018-01-23,Whse_J,Product_1,Category_006,(9)
23,2018-01-24,Whse_J,Product_1,Category_006,(8)
24,2018-01-25,Whse_J,Product_1,Category_006,(14)
25,2018-01-26,Whse_J,Product_1,Category_006,(12)
26,2018-01-27,Whse_J,Product_1,Category_006,(12)
27,2018-01-28,Whse_J,Product_1,Category_006,(11)
28,2018-01-29,Whse_J,Product_1,Category_006,(6)
29,2018-01-30,Whse_J,Product_1,Category_006,(9)
30,2018-01-31,Whse_J,Product_1,Category_006,(13)
31,2018-02-01,Whse_J,Product_1,Category_006,(11)
32,2018-02-02,Whse_J,Product_1,Category_006,(21)
33,2018-02-03,Whse_J,Product_1,Category_006,(15)
34,2018-02-04,Whse_J,Product_1,Category_006,(14)
35,2018-02-05,Whse_J,Product_1,Category_006,(9)
36,2018-02-06,Whse_J,Product_1,Category_006,(10)
37,2018-02-07,Whse_J,Product_1,Category_006,(13)
38,2018-02-08,Whse_J,Product_1,Category_006,(11)
39,2018-02-09,Whse_J,Product_1,Category_006,(14)
40,2018-02-10,Whse_J,Product_1,Category_006,(11)
41,2018-02-11,Whse_J,Product_1,Category_006,(16)
42,2018-02-12,Whse_J,Product_1,Category_006,(11)
43,2018-02-13,Whse_J,Product_1,Category_006,(14)
44,2018-02-14,Whse_J,Product_1,Category_006,(10)
45,2018-02-15,Whse_J,Product_1,Category_006,(11)
46,2018-02-16,Whse_J,Product_1,Category_006,(7)
47,2018-02-17,Whse_J,Product_1,Category_001,(11)
48,2018-02-18,Whse_J,Product_1,Category_001,(10)
49,2018-02-19,Whse_J,Product_1,Category_001,(10)
50,2018-02-20,Whse_J,Product_1,Category_006,(7)
51,2018-02-21,Whse_J,Product_1,Category_006,(13)
52,2018-02-22,Whse_J,Product_1,Category_006,(12)
53,2018-02-23,Whse_J,Product_1,Category_006,(15)
54,2018-02-24,Whse_J,Product_1,Category_006,(11)
55,2018-02-25,Whse_J,Product_1,Category_006,(7)
56,2018-02-26,Whse_J,Product_1,Category_006,(9)
57,2018-02-27,Whse_J,Product_1,Category_006,(9)
58,2018-02-28,Whse_J,Product_1,Category_006,(10)
59,2018-03-01,Whse_J,Product_1,Category_006,(15)
60,2018-03-02,Whse_J,Product_1,Category_006,(13)
61,2018-03-03,Whse_J,Product_1,Category_006,(20)
62,2018-03-04,Whse_J,Product_1,Category_006,(14)
63,2018-03-05,Whse_J,Product_1,Category_019,(13)
64,2018-03-06,Whse_J,Product_1,Category_019,(17)
65,2018-03-07,Whse_J,Product_1,Category_019,(11)
66,2018-03-08,Whse_J,Product_1,Category_019,(15)
67,2018-03-09,Whse_J,Product_1,Category_019,(16)
68,2018-03-10,Whse_J,Product_1,Category_019,(11)
69,2018-03-11,Whse_J,Product_1,Category_019,(18)
70,2018-03-12,Whse_J,Product_1,Category_019,(14)
71,2018-03-13,Whse_J,Product_1,Category_019,(13)
72,2018-03-14,Whse_J,Product_1,Category_019,(10)
73,2018-03-15,Whse_J,Product_1,Category_019,(14)
74,2018-03-16,Whse_J,Product_1,Category_019,(10)
75,2018-03-17,Whse_J,Product_1,Category_019,(22)
76,2018-03-18,Whse_J,Product_1,Category_019,(11)
77,2018-03-19,Whse_J,Product_1,Category_019,(19)
78,2018-03-20,Whse_J,Product_1,Category_019,(14)
79,2018-03-21,Whse_J,Product_1,Category_019,(17)
80,2018-03-22,Whse_J,Product_1,Category_019,(21)
81,2018-03-23,Whse_J,Product_1,Category_019,(21)
82,2018-03-24,Whse_J,Product_1,Category_019,(19)
83,2018-03-25,Whse_J,Product_1,Category_019,(13)
84,2018-03-26,Whse_J,Product_1,Category_019,(16)
85,2018-03-27,Whse_J,Product_1,Category_019,(11)
86,2018-03-28,Whse_J,Product_1,Category_019,(13)
87,2018-03-29,Whse_J,Product_1,Category_019,(17)
88,2018-03-30,Whse_J,Product_1,Category_019,(19)
89,2018-03-31,Whse_J,Product_1,Category_019,(20)
90,2018-04-01,Whse_J,Product_1,Category_019,(11)
91,2018-04-02,Whse_J,Product_1,Category_019,(19)
92,2018-04-03,Whse_J,Product_1,Category_019,(24)
93,2018-04-04,Whse_J,Product_1,Category_019,(18)
94,2018-04-05,Whse_J,Product_1,Category_019,(19)
95,2018-04-06,Whse_J,Product_1,Category_019,(23)
96,2018-04-07,Whse_J,Product_1,Category_019,(17)
97,2018-04-08,Whse_J,Product_1,Category_019,(19)
98,2018-04-09,Whse_J,Product_1,Category_019,(13)
99,2018-04-10,Whse_J,Product_1,Category_019,(19)
100,2018-04-11,Whse_J,Product_1,Category_019,(16)
101,2018-04-12,Whse_J,Product_1,Category_019,(18)
102,2018-04-13,Whse_J,Product_1,Category_019,(17)
103,2018-04-14,Whse_J,Product_1,Category_019,(26)
104,2018-04-15,Whse_J,Product_1,Category_019,(14)
105,2018-04-16,Whse_J,Product_1,Category_019,(9)
106,2018-04-17,Whse_J,Product_1,Category_019,(17)
107,2018-04-18,Whse_J,Product_1,Category_019,(21)
108,2018-04-19,Whse_J,Product_1,Category_019,(22)
109,2018-04-20,Whse_J,Product_1,Category_019,(22)
110,2018-04-21,Whse_J,Product_1,Category_019,(20)
111,2018-04-22,Whse_J,Product_1,Category_019,(13)
112,2018-04-23,Whse_J,Product_1,Category_019,(11)
113,2018-04-24,Whse_J,Product_1,Category_019,(13)
114,2018-04-25,Whse_J,Product_1,Category_019,(14)
115,2018-04-26,Whse_J,Product_1,Category_019,(20)
116,2018-04-27,Whse_J,Product_1,Category_019,(22)
117,2018-04-28,Whse_J,Product_1,Category_019,(19)
118,2018-04-29,Whse_J,Product_1,Category_019,(11)
119,2018-04-30,Whse_J,Product_1,Category_019,(15)
120,2018-05-01,Whse_J,Product_1,Category_019,(16)
121,2018-05-02,Whse_J,Product_1,Category_019,(23)
122,2018-05-03,Whse_J,Product_1,Category_019,(22)
123,2018-05-04,Whse_J,Product_1,Category_019,(20)
124,2018-05-05,Whse_J,Product_1,Category_019,(14)
125,2018-05-06,Whse_J,Product_1,Category_019,(14)
126,2018-05-07,Whse_J,Product_1,Category_005,(15)
127,2018-05-08,Whse_J,Product_1,Category_005,(14)
128,2018-05-09,Whse_J,Product_1,Category_005,(11)
129,2018-05-10,Whse_J,Product_1,Category_005,(16)
130,2018-05-11,Whse_J,Product_1,Category_005,(19)
131,2018-05-12,Whse_J,Product_1,Category_005,(13)
132,2018-05-13,Whse_J,Product_1,Category_005,(9)
133,2018-05-14,Whse_J,Product_1,Category_005,(13)
134,2018-05-15,Whse_J,Product_1,Category_005,(16)
135,2018-05-16,Whse_J,Product_1,Category_005,(15)
136,2018-05-17,Whse_J,Product_1,Category_005,(16)
137,2018-05-18,Whse_J,Product_1,Category_005,(20)
138,2018-05-19,Whse_J,Product_1,Category_005,(19)
139,2018-05-20,Whse_J,Product_1,Category_005,(14)
140,2018-05-21,Whse_J,Product_1,Category_005,(24)
141,2018-05-22,Whse_J,Product_1,Category_005,(23)
142,2018-05-23,Whse_J,Product_1,Category_005,(14)
143,2018-05-24,Whse_J,Product_1,Category_005,(24)
144,2018-05-25,Whse_J,Product_1,Category_005,(25)
145,2018-05-26,Whse_J,Product_1,Category_005,(27)
146,2018-05-27,Whse_J,Product_1,Category_005,(7)
147,2018-05-28,Whse_J,Product_1,Category_005,(12)
148,2018-05-29,Whse_J,Product_1,Category_005,(10)
149,2018-05-30,Whse_J,Product_1,Category_005,(19)
150,2018-05-31,Whse_J,Product_1,Category_005,(27)
151,2018-06-01,Whse_J,Product_1,Category_005,(26)
152,2018-06-02,Whse_J,Product_1,Category_005,(22)
153,2018-06-03,Whse_J,Product_1,Category_005,(12)
154,2018-06-04,Whse_J,Product_1,Category_005,(15)
155,2018-06-05,Whse_J,Product_1,Category_005,(24)
156,2018-06-06,Whse_J,Product_1,Category_019,(9)
157,2018-06-07,Whse_J,Product_1,Category_019,(21)
158,2018-06-08,Whse_J,Product_1,Category_019,(20)
159,2018-06-09,Whse_J,Product_1,Category_019,(38)
160,2018-06-10,Whse_J,Product_1,Category_019,(20)
161,2018-06-11,Whse_J,Product_1,Category_019,(18)
162,2018-06-12,Whse_J,Product_1,Category_019,(22)
163,2018-06-13,Whse_J,Product_1,Category_019,(21)
164,2018-06-14,Whse_J,Product_1,Category_019,(22)
165,2018-06-15,Whse_J,Product_1,Category_019,(26)
166,2018-06-16,Whse_J,Product_1,Category_019,(23)
167,2018-06-17,Whse_J,Product_1,Category_019,(13)
168,2018-06-18,Whse_J,Product_1,Category_019,(21)
169,2018-06-19,Whse_J,Product_1,Category_019,(18)
170,2018-06-20,Whse_J,Product_1,Category_019,(24)
171,2018-06-21,Whse_J,Product_1,Category_019,(19)
172,2018-06-22,Whse_J,Product_1,Category_019,(23)
173,2018-06-23,Whse_J,Product_1,Category_019,(24)
174,2018-06-24,Whse_J,Product_1,Category_019,(17)
175,2018-06-25,Whse_J,Product_1,Category_019,(21)
176,2018-06-26,Whse_J,Product_1,Category_019,(21)
177,2018-06-27,Whse_J,Product_1,Category_019,(26)
178,2018-06-28,Whse_J,Product_1,Category_019,(17)
179,2018-06-29,Whse_J,Product_1,Category_019,(20)
180,2018-06-30,Whse_J,Product_1,Category_019,(24)
181,2018-07-01,Whse_J,Product_1,Category_019,(23)
182,2018-07-02,Whse_J,Product_1,Category_019,(17)
183,2018-07-03,Whse_J,Product_1,Category_019,(12)
184,2018-07-04,Whse_J,Product_1,Category_019,(24)
185,2018-07-05,Whse_J,Product_1,Category_019,(17)
186,2018-07-06,Whse_J,Product_1,Category_019,(16)
187,2018-07-07,Whse_J,Product_1,Category_019,(34)
188,2018-07-08,Whse_J,Product_1,Category_019,(20)
189,2018-07-09,Whse_J,Product_1,Category_019,(23)
190,2018-07-10,Whse_J,Product_1,Category_019,(14)
191,2018-07-11,Whse_J,Product_1,Category_019,(25)
192,2018-07-12,Whse_J,Product_1,Category_019,(29)
193,2018-07-13,Whse_J,Product_1,Category_019,(22)
194,2018-07-14,Whse_J,Product_1,Category_019,(29)
195,2018-07-15,Whse_J,Product_1,Category_019,(18)
196,2018-07-16,Whse_J,Product_1,Category_019,(12)
197,2018-07-17,Whse_J,Product_1,Category_019,(16)
198,2018-07-18,Whse_J,Product_1,Category_019,(21)
199,2018-07-19,Whse_J,Product_1,Category_019,(25)
200,2018-07-20,Whse_J,Product_1,Category_019,(25)
201,2018-07-21,Whse_J,Product_1,Category_019,(26)
202,2018-07-22,Whse_J,Product_1,Category_019,(18)
203,2018-07-23,Whse_J,Product_1,Category_019,(17)
204,2018-07-24,Whse_J,Product_1,Category_019,(21)
205,2018-07-25,Whse_J,Product_1,Category_019,(21)
206,2018-07-26,Whse_J,Product_1,Category_019,(31)
207,2018-07-27,Whse_J,Product_1,Category_019,(19)
208,2018-07-28,Whse_J,Product_1,Category_019,(25)
209,2018-07-29,Whse_J,Product_1,Category_019,(8)
210,2018-07-30,Whse_J,Product_1,Category_019,(26)
211,2018-07-31,Whse_J,Product_1,Category_019,(27)
212,2018-08-01,Whse_J,Product_1,Category_019,(21)
213,2018-08-02,Whse_J,Product_1,Category_019,(19)
214,2018-08-03,Whse_J,Product_1,Category_019,(24)
215,2018-08-04,Whse_J,Product_1,Category_019,(26)
216,2018-08-05,Whse_J,Product_1,Category_030,(17)
217,2018-08-06,Whse_J,Product_1,Category_030,(10)
218,2018-08-07,Whse_J,Product_1,Category_030,(25)
219,2018-08-08,Whse_J,Product_1,Category_019,(20)
220,2018-08-09,Whse_J,Product_1,Category_019,(19)
221,2018-08-10,Whse_J,Product_1,Category_019,(22)
222,2018-08-11,Whse_J,Product_1,Category_030,(25)
223,2018-08-12,Whse_J,Product_1,Category_030,(10)
224,2018-08-13,Whse_J,Product_1,Category_030,(11)
225,2018-08-14,Whse_J,Product_1,Category_030,(19)
226,2018-08-15,Whse_J,Product_1,Category_030,(22)
227,2018-08-16,Whse_J,Product_1,Category_006,(15)
228,2018-08-17,Whse_J,Product_1,Category_006,(29)
229,2018-08-18,Whse_J,Product_1,Category_006,(27)
230,2018-08-19,Whse_J,Product_1,Category_006,(11)
231,2018-08-20,Whse_J,Product_1,Category_006,(15)
232,2018-08-21,Whse_J,Product_1,Category_006,(20)
233,2018-08-22,Whse_J,Product_1,Category_006,(20)
234,2018-08-23,Whse_J,Product_1,Category_006,(19)
235,2018-08-24,Whse_J,Product_1,Category_006,(19)
236,2018-08-25,Whse_J,Product_1,Category_006,(23)
237,2018-08-26,Whse_J,Product_1,Category_006,(11)
238,2018-08-27,Whse_J,Product_1,Category_006,(16)
239,2018-08-28,Whse_J,Product_1,Category_006,(20)
240,2018-08-29,Whse_J,Product_1,Category_006,(14)
241,2018-08-30,Whse_J,Product_1,Category_006,(20)
242,2018-08-31,Whse_J,Product_1,Category_006,(25)
243,2018-09-01,Whse_J,Product_1,Category_006,(25)
244,2018-09-02,Whse_J,Product_1,Category_006,(10)
245,2018-09-03,Whse_J,Product_1,Category_006,(16)
246,2018-09-04,Whse_J,Product_1,Category_006,(10)
247,2018-09-05,Whse_J,Product_1,Category_006,(16)
248,2018-09-06,Whse_J,Product_1,Category_006,(20)
249,2018-09-07,Whse_J,Product_1,Category_006,(20)
250,2018-09-08,Whse_J,Product_1,Category_006,(19)
251,2018-09-09,Whse_J,Product_1,Category_006,(15)
252,2018-09-10,Whse_J,Product_1,Category_006,(17)
253,2018-09-11,Whse_J,Product_1,Category_006,(26)
254,2018-09-12,Whse_J,Product_1,Category_006,(14)
255,2018-09-13,Whse_J,Product_1,Category_006,(16)
256,2018-09-14,Whse_J,Product_1,Category_006,(27)
257,2018-09-15,Whse_J,Product_1,Category_006,(14)
258,2018-09-16,Whse_J,Product_1,Category_006,(16)
259,2018-09-17,Whse_J,Product_1,Category_006,(20)
260,2018-09-18,Whse_J,Product_1,Category_006,(18)
261,2018-09-19,Whse_J,Product_1,Category_006,(16)
262,2018-09-20,Whse_J,Product_1,Category_006,(11)
263,2018-09-21,Whse_J,Product_1,Category_006,(13)
264,2018-09-22,Whse_J,Product_1,Category_006,(16)
265,2018-09-23,Whse_J,Product_1,Category_006,(18)
266,2018-09-24,Whse_J,Product_1,Category_006,(14)
267,2018-09-25,Whse_J,Product_1,Category_019,(17)
268,2018-09-26,Whse_J,Product_1,Category_019,(20)
269,2018-09-27,Whse_J,Product_1,Category_019,(22)
270,2018-09-28,Whse_J,Product_1,Category_019,(13)
271,2018-09-29,Whse_J,Product_1,Category_019,(20)
272,2018-09-30,Whse_J,Product_1,Category_019,(20)
273,2018-10-01,Whse_J,Product_1,Category_019,(12)
274,2018-10-02,Whse_J,Product_1,Category_019,(11)
275,2018-10-03,Whse_J,Product_1,Category_019,(14)
276,2018-10-04,Whse_J,Product_1,Category_019,(14)
277,2018-10-05,Whse_J,Product_1,Category_019,(14)
278,2018-10-06,Whse_J,Product_1,Category_019,(20)
279,2018-10-07,Whse_J,Product_1,Category_019,(13)
280,2018-10-08,Whse_J,Product_1,Category_019,(13)
281,2018-10-09,Whse_J,Product_1,Category_019,(14)
282,2018-10-10,Whse_J,Product_1,Category_019,(20)
283,2018-10-11,Whse_J,Product_1,Category_019,(17)
284,2018-10-12,Whse_J,Product_1,Category_019,(17)
285,2018-10-13,Whse_J,Product_1,Category_019,(20)
286,2018-10-14,Whse_J,Product_1,Category_019,(15)
287,2018-10-15,Whse_J,Product_1,Category_019,(15)
288,2018-10-16,Whse_J,Product_1,Category_019,(15)
289,2018-10-17,Whse_J,Product_1,Category_019,(10)
290,2018-10-18,Whse_J,Product_1,Category_019,(10)
291,2018-10-19,Whse_J,Product_1,Category_019,(18)
292,2018-10-20,Whse_J,Product_1,Category_019,(25)
293,2018-10-21,Whse_J,Product_1,Category_019,(13)
294,2018-10-22,Whse_J,Product_1,Category_019,(11)
295,2018-10-23,Whse_J,Product_1,Category_019,(16)
296,2018-10-24,Whse_J,Product_1,Category_019,(17)
297,2018-10-25,Whse_J,Product_1,Category_019,(18)
298,2018-10-26,Whse_J,Product_1,Category_019,(19)
299,2018-10-27,Whse_J,Product_1,Category_019,(14)
300,2018-10-28,Whse_J,Product_1,Category_019,(11)
301,2018-10-29,Whse_J,Product_1,Category_019,(17)
302,2018-10-30,Whse_J,Product_1,Category_019,(20)
303,2018-10-31,Whse_J,Product_1,Category_019,(21)
304,2018-11-01,Whse_J,Product_1,Category_019,(20)
305,2018-11-02,Whse_J,Product_1,Category_019,(24)
306,2018-11-03,Whse_J,Product_1,Category_019,(19)
307,2018-11-04,Whse_J,Product_1,Category_019,(12)
308,2018-11-05,Whse_J,Product_1,Category_019,(20)
309,2018-11-06,Whse_J,Product_1,Category_019,(16)
310,2018-11-07,Whse_J,Product_1,Category_019,(17)
311,2018-11-08,Whse_J,Product_1,Category_019,(22)
312,2018-11-09,Whse_J,Product_1,Category_019,(18)
313,2018-11-10,Whse_J,Product_1,Category_005,(23)
314,2018-11-11,Whse_J,Product_1,Category_005,(16)
315,2018-11-12,Whse_J,Product_1,Category_005,(20)
316,2018-11-13,Whse_J,Product_1,Category_005,(20)
317,2018-11-14,Whse_J,Product_1,Category_005,(9)
318,2018-11-15,Whse_J,Product_1,Category_005,(18)
319,2018-11-16,Whse_J,Product_1,Category_005,(13)
320,2018-11-17,Whse_J,Product_1,Category_005,(17)
321,2018-11-18,Whse_J,Product_1,Category_005,(17)
322,2018-11-19,Whse_J,Product_1,Category_005,(18)
323,2018-11-20,Whse_J,Product_1,Category_005,(17)
324,2018-11-21,Whse_J,Product_1,Category_005,(16)
325,2018-11-22,Whse_J,Product_1,Category_005,(17)
326,2018-11-23,Whse_J,Product_1,Category_005,(31)
327,2018-11-24,Whse_J,Product_1,Category_005,(20)
328,2018-11-25,Whse_J,Product_1,Category_005,(16)
329,2018-11-26,Whse_J,Product_1,Category_005,(25)
330,2018-11-27,Whse_J,Product_1,Category_005,(25)
331,2018-11-28,Whse_J,Product_1,Category_005,(17)
332,2018-11-29,Whse_J,Product_1,Category_005,(19)
333,2018-11-30,Whse_J,Product_1,Category_005,(30)
334,2018-12-01,Whse_J,Product_1,Category_005,(16)
335,2018-12-02,Whse_J,Product_1,Category_005,(8)
336,2018-12-03,Whse_J,Product_1,Category_005,(21)
337,2018-12-04,Whse_J,Product_1,Category_005,(6)
338,2018-12-05,Whse_J,Product_1,Category_005,(13)
339,2018-12-06,Whse_J,Product_1,Category_005,(15)
340,2018-12-07,Whse_J,Product_1,Category_005,(17)
341,2018-12-08,Whse_J,Product_1,Category_005,(17)
342,2018-12-09,Whse_J,Product_1,Category_005,(8)
343,2018-12-10,Whse_J,Product_1,Category_005,(14)
344,2018-12-11,Whse_J,Product_1,Category_005,(7)
345,2018-12-12,Whse_J,Product_1,Category_005,(5)
346,2018-12-13,Whse_J,Product_1,Category_005,(13)
347,2018-12-14,Whse_J,Product_1,Category_005,(16)
348,2018-12-15,Whse_J,Product_1,Category_005,(15)
349,2018-12-16,Whse_J,Product_1,Category_005,(15)
350,2018-12-17,Whse_J,Product_1,Category_005,(8)
351,2018-12-18,Whse_J,Product_1,Category_005,(18)
352,2018-12-19,Whse_J,Product_1,Category_005,(7)
353,2018-12-20,Whse_J,Product_1,Category_005,(13)
354,2018-12-21,Whse_J,Product_1,Category_005,(11)
355,2018-12-22,Whse_J,Product_1,Category_005,(9)
356,2018-12-23,Whse_J,Product_1,Category_005,(8)
357,2018-12-24,Whse_J,Product_1,Category_005,(17)
358,2018-12-25,Whse_J,Product_1,Category_005,(6)
359,2018-12-26,Whse_J,Product_1,Category_005,(16)
360,2018-12-27,Whse_J,Product_1,Category_005,(18)
361,2018-12-28,Whse_J,Product_1,Category_005,(17)
362,2018-12-29,Whse_J,Product_1,Category_005,(14)
363,2018-12-30,Whse_J,Product_1,Category_005,(5)
364,2018-12-31,Whse_J,Product_1,Category_005,(15)
365,2019-01-01,Whse_J,Product_1,Category_019,(9)
366,2019-01-02,Whse_J,Product_1,Category_019,(14)
367,2019-01-03,Whse_J,Product_1,Category_019,(11)
368,2019-01-04,Whse_J,Product_1,Category_019,(20)
369,2019-01-05,Whse_J,Product_1,Category_019,(17)
370,2019-01-06,Whse_J,Product_1,Category_019,(14)
371,2019-01-07,Whse_J,Product_1,Category_019,(11)
372,2019-01-08,Whse_J,Product_1,Category_019,(12)
373,2019-01-09,Whse_J,Product_1,Category_019,(17)
374,2019-01-10,Whse_J,Product_1,Category_019,(12)
375,2019-01-11,Whse_J,Product_1,Category_019,(17)
376,2019-01-12,Whse_J,Product_1,Category_019,(12)
377,2019-01-13,Whse_J,Product_1,Category_019,(12)
378,2019-01-14,Whse_J,Product_1,Category_019,(17)
379,2019-01-15,Whse_J,Product_1,Category_019,(17)
380,2019-01-16,Whse_J,Product_1,Category_019,(15)
381,2019-01-17,Whse_J,Product_1,Category_019,(18)
382,2019-01-18,Whse_J,Product_1,Category_019,(15)
383,2019-01-19,Whse_J,Product_1,Category_019,(12)
384,2019-01-20,Whse_J,Product_1,Category_019,(6)
385,2019-01-21,Whse_J,Product_1,Category_019,(7)
386,2019-01-22,Whse_J,Product_1,Category_019,(21)
387,2019-01-23,Whse_J,Product_1,Category_019,(18)
388,2019-01-24,Whse_J,Product_1,Category_019,(18)
389,2019-01-25,Whse_J,Product_1,Category_019,(21)
390,2019-01-26,Whse_J,Product_1,Category_019,(16)
391,2019-01-27,Whse_J,Product_1,Category_019,(8)
392,2019-01-28,Whse_J,Product_1,Category_019,(6)
393,2019-01-29,Whse_J,Product_1,Category_019,(13)
394,2019-01-30,Whse_J,Product_1,Category_019,(11)
395,2019-01-31,Whse_J,Product_1,Category_019,(18)
396,2019-02-01,Whse_J,Product_1,Category_019,(13)
397,2019-02-02,Whse_J,Product_1,Category_019,(16)
398,2019-02-03,Whse_J,Product_1,Category_019,(10)
399,2019-02-04,Whse_J,Product_1,Category_019,(9)
400,2019-02-05,Whse_J,Product_1,Category_019,(21)
401,2019-02-06,Whse_J,Product_1,Category_019,(17)
402,2019-02-07,Whse_J,Product_1,Category_019,(15)
403,2019-02-08,Whse_J,Product_1,Category_019,(15)
404,2019-02-09,Whse_J,Product_1,Category_019,(18)
405,2019-02-10,Whse_J,Product_1,Category_019,(10)
406,2019-02-11,Whse_J,Product_1,Category_019,(10)
407,2019-02-12,Whse_J,Product_1,Category_019,(9)
408,2019-02-13,Whse_J,Product_1,Category_019,(22)
409,2019-02-14,Whse_J,Product_1,Category_019,(20)
410,2019-02-15,Whse_J,Product_1,Category_019,(20)
411,2019-02-16,Whse_J,Product_1,Category_019,(13)
412,2019-02-17,Whse_J,Product_1,Category_019,(11)
413,2019-02-18,Whse_J,Product_1,Category_019,(11)
414,2019-02-19,Whse_J,Product_1,Category_019,(16)
415,2019-02-20,Whse_J,Product_1,Category_019,(19)
416,2019-02-21,Whse_J,Product_1,Category_019,(16)
417,2019-02-22,Whse_J,Product_1,Category_019,(17)
418,2019-02-23,Whse_J,Product_1,Category_019,(13)
419,2019-02-24,Whse_J,Product_1,Category_019,(7)
420,2019-02-25,Whse_J,Product_1,Category_019,(14)
421,2019-02-26,Whse_J,Product_1,Category_019,(17)
422,2019-02-27,Whse_J,Product_1,Category_019,(10)
423,2019-02-28,Whse_J,Product_1,Category_019,(16)
424,2019-03-01,Whse_J,Product_1,Category_019,(20)
425,2019-03-02,Whse_J,Product_1,Category_019,(15)
426,2019-03-03,Whse_J,Product_1,Category_019,(12)
427,2019-03-04,Whse_J,Product_1,Category_019,(11)
428,2019-03-05,Whse_J,Product_1,Category_019,(18)
429,2019-03-06,Whse_J,Product_1,Category_019,(19)
430,2019-03-07,Whse_J,Product_1,Category_019,(21)
431,2019-03-08,Whse_J,Product_1,Category_019,(14)
432,2019-03-09,Whse_J,Product_1,Category_019,(21)
433,2019-03-10,Whse_J,Product_1,Category_019,(13)
434,2019-03-11,Whse_J,Product_1,Category_019,(14)
435,2019-03-12,Whse_J,Product_1,Category_019,(24)
436,2019-03-13,Whse_J,Product_1,Category_019,(17)
437,2019-03-14,Whse_J,Product_1,Category_019,(16)
438,2019-03-15,Whse_J,Product_1,Category_019,(22)
439,2019-03-16,Whse_J,Product_1,Category_019,(31)
440,2019-03-17,Whse_J,Product_1,Category_019,(19)
441,2019-03-18,Whse_J,Product_1,Category_019,(17)
442,2019-03-19,Whse_J,Product_1,Category_019,(24)
443,2019-03-20,Whse_J,Product_1,Category_019,(21)
444,2019-03-21,Whse_J,Product_1,Category_019,(18)
445,2019-03-22,Whse_J,Product_1,Category_019,(20)
446,2019-03-23,Whse_J,Product_1,Category_019,(25)
447,2019-03-24,Whse_J,Product_1,Category_019,(4)
448,2019-03-25,Whse_J,Product_1,Category_019,(15)
449,2019-03-26,Whse_J,Product_1,Category_019,(17)
450,2019-03-27,Whse_J,Product_1,Category_019,(17)
451,2019-03-28,Whse_J,Product_1,Category_019,(16)
452,2019-03-29,Whse_J,Product_1,Category_019,(18)
453,2019-03-30,Whse_J,Product_1,Category_019,(15)
454,2019-03-31,Whse_J,Product_1,Category_019,(15)
455,2019-04-01,Whse_J,Product_1,Category_019,(19)
456,2019-04-02,Whse_J,Product_1,Category_019,(11)
457,2019-04-03,Whse_J,Product_1,Category_019,(16)
458,2019-04-04,Whse_J,Product_1,Category_019,(17)
459,2019-04-05,Whse_J,Product_1,Category_019,(21)
460,2019-04-06,Whse_J,Product_1,Category_019,(26)
461,2019-04-07,Whse_J,Product_1,Category_019,(19)
462,2019-04-08,Whse_J,Product_1,Category_019,(19)
463,2019-04-09,Whse_J,Product_1,Category_019,(20)
464,2019-04-10,Whse_J,Product_1,Category_019,(18)
465,2019-04-11,Whse_J,Product_1,Category_019,(23)
466,2019-04-12,Whse_J,Product_1,Category_019,(19)
467,2019-04-13,Whse_J,Product_1,Category_019,(22)
468,2019-04-14,Whse_J,Product_1,Category_019,(20)
469,2019-04-15,Whse_J,Product_1,Category_019,(22)
470,2019-04-16,Whse_J,Product_1,Category_019,(20)
471,2019-04-17,Whse_J,Product_1,Category_019,(18)
472,2019-04-18,Whse_J,Product_1,Category_019,(20)
473,2019-04-19,Whse_J,Product_1,Category_019,(22)
474,2019-04-20,Whse_J,Product_1,Category_019,(22)
475,2019-04-21,Whse_J,Product_1,Category_019,(17)
476,2019-04-22,Whse_J,Product_1,Category_019,(12)
477,2019-04-23,Whse_J,Product_1,Category_019,(16)
478,2019-04-24,Whse_J,Product_1,Category_019,(25)
479,2019-04-25,Whse_J,Product_1,Category_019,(22)
480,2019-04-26,Whse_J,Product_1,Category_019,(21)
481,2019-04-27,Whse_J,Product_1,Category_019,(20)
482,2019-04-28,Whse_J,Product_1,Category_019,(15)
483,2019-04-29,Whse_J,Product_1,Category_019,(18)
484,2019-04-30,Whse_J,Product_1,Category_019,(13)
485,2019-05-01,Whse_J,Product_1,Category_019,(22)
486,2019-05-02,Whse_J,Product_1,Category_019,(19)
487,2019-05-03,Whse_J,Product_1,Category_019,(22)
488,2019-05-04,Whse_J,Product_1,Category_019,(23)
489,2019-05-05,Whse_J,Product_1,Category_019,(21)
490,2019-05-06,Whse_J,Product_1,Category_019,(19)
491,2019-05-07,Whse_J,Product_1,Category_019,(21)
492,2019-05-08,Whse_J,Product_1,Category_019,(15)
493,2019-05-09,Whse_J,Product_1,Category_019,(18)
494,2019-05-10,Whse_J,Product_1,Category_019,(16)
495,2019-05-11,Whse_J,Product_1,Category_019,(27)
496,2019-05-12,Whse_J,Product_1,Category_019,(16)
497,2019-05-13,Whse_J,Product_1,Category_019,(22)
498,2019-05-14,Whse_J,Product_1,Category_019,(21)
499,2019-05-15,Whse_J,Product_1,Category_019,(22)
500,2019-05-16,Whse_J,Product_1,Category_019,(23)
501,2019-05-17,Whse_J,Product_1,Category_019,(18)
502,2019-05-18,Whse_J,Product_1,Category_019,(36)
503,2019-05-19,Whse_J,Product_1,Category_019,(12)
504,2019-05-20,Whse_J,Product_1,Category_019,(23)
505,2019-05-21,Whse_J,Product_1,Category_019,(16)
506,2019-05-22,Whse_J,Product_1,Category_019,(25)
507,2019-05-23,Whse_J,Product_1,Category_019,(28)
508,2019-05-24,Whse_J,Product_1,Category_019,(25)
509,2019-05-25,Whse_J,Product_1,Category_019,(20)
510,2019-05-26,Whse_J,Product_1,Category_019,(15)
511,2019-05-27,Whse_J,Product_1,Category_019,(13)
512,2019-05-28,Whse_J,Product_1,Category_019,(13)
513,2019-05-29,Whse_J,Product_1,Category_019,(20)
514,2019-05-30,Whse_J,Product_1,Category_019,(29)
515,2019-05-31,Whse_J,Product_1,Category_019,(31)
516,2019-06-01,Whse_J,Product_1,Category_019,(24)
517,2019-06-02,Whse_J,Product_1,Category_019,(16)
518,2019-06-03,Whse_J,Product_1,Category_030,(23)
519,2019-06-04,Whse_J,Product_1,Category_030,(20)
520,2019-06-05,Whse_J,Product_1,Category_019,(24)
521,2019-06-06,Whse_J,Product_1,Category_019,(23)
522,2019-06-07,Whse_J,Product_1,Category_019,(27)
523,2019-06-08,Whse_J,Product_1,Category_019,(29)
524,2019-06-09,Whse_J,Product_1,Category_019,(18)
525,2019-06-10,Whse_J,Product_1,Category_019,(14)
526,2019-06-11,Whse_J,Product_1,Category_019,(22)
527,2019-06-12,Whse_J,Product_1,Category_019,(22)
528,2019-06-13,Whse_J,Product_1,Category_019,(25)
529,2019-06-14,Whse_J,Product_1,Category_019,(29)
530,2019-06-15,Whse_J,Product_1,Category_019,(33)
531,2019-06-16,Whse_J,Product_1,Category_019,(25)
532,2019-06-17,Whse_J,Product_1,Category_019,(32)
533,2019-06-18,Whse_J,Product_1,Category_019,(20)
534,2019-06-19,Whse_J,Product_1,Category_019,(22)
535,2019-06-20,Whse_J,Product_1,Category_019,(19)
536,2019-06-21,Whse_J,Product_1,Category_019,(26)
537,2019-06-22,Whse_J,Product_1,Category_032,(37)
538,2019-06-23,Whse_J,Product_1,Category_032,(19)
539,2019-06-24,Whse_J,Product_1,Category_032,(24)
540,2019-06-25,Whse_J,Product_1,Category_019,(21)
541,2019-06-26,Whse_J,Product_1,Category_019,(18)
542,2019-06-27,Whse_J,Product_1,Category_019,(29)
543,2019-06-28,Whse_J,Product_1,Category_019,(34)
544,2019-06-29,Whse_J,Product_1,Category_019,(19)
545,2019-06-30,Whse_J,Product_1,Category_019,(16)
546,2019-07-01,Whse_J,Product_1,Category_019,(16)
547,2019-07-02,Whse_J,Product_1,Category_019,(24)
548,2019-07-03,Whse_J,Product_1,Category_019,(25)
549,2019-07-04,Whse_J,Product_1,Category_019,(28)
550,2019-07-05,Whse_J,Product_1,Category_019,(25)
551,2019-07-06,Whse_J,Product_1,Category_019,(34)
552,2019-07-07,Whse_J,Product_1,Category_019,(16)
553,2019-07-08,Whse_J,Product_1,Category_019,(25)
554,2019-07-09,Whse_J,Product_1,Category_019,(27)
555,2019-07-10,Whse_J,Product_1,Category_019,(23)
556,2019-07-11,Whse_J,Product_1,Category_019,(25)
557,2019-07-12,Whse_J,Product_1,Category_019,(22)
558,2019-07-13,Whse_J,Product_1,Category_019,(24)
559,2019-07-14,Whse_J,Product_1,Category_019,(21)
560,2019-07-15,Whse_J,Product_1,Category_019,(24)
561,2019-07-16,Whse_J,Product_1,Category_019,(17)
562,2019-07-17,Whse_J,Product_1,Category_019,(26)
563,2019-07-18,Whse_J,Product_1,Category_019,(25)
564,2019-07-19,Whse_J,Product_1,Category_019,(31)
565,2019-07-20,Whse_J,Product_1,Category_019,(26)
566,2019-07-21,Whse_J,Product_1,Category_019,(21)
567,2019-07-22,Whse_J,Product_1,Category_019,(30)
568,2019-07-23,Whse_J,Product_1,Category_019,(19)
569,2019-07-24,Whse_J,Product_1,Category_019,(26)
570,2019-07-25,Whse_J,Product_1,Category_019,(24)
571,2019-07-26,Whse_J,Product_1,Category_019,(29)
572,2019-07-27,Whse_J,Product_1,Category_019,(35)
573,2019-07-28,Whse_J,Product_1,Category_019,(11)
574,2019-07-29,Whse_J,Product_1,Category_019,(19)
575,2019-07-30,Whse_J,Product_1,Category_019,(25)
576,2019-07-31,Whse_J,Product_1,Category_019,(23)
577,2019-08-01,Whse_J,Product_1,Category_019,(12)
578,2019-08-02,Whse_J,Product_1,Category_019,(23)
579,2019-08-03,Whse_J,Product_1,Category_019,(27)
580,2019-08-04,Whse_J,Product_1,Category_019,(20)
581,2019-08-05,Whse_J,Product_1,Category_019,(19)
582,2019-08-06,Whse_J,Product_1,Category_019,(25)
583,2019-08-07,Whse_J,Product_1,Category_019,(21)
584,2019-08-08,Whse_J,Product_1,Category_019,(27)
585,2019-08-09,Whse_J,Product_1,Category_019,(27)
586,2019-08-10,Whse_J,Product_1,Category_019,(22)
587,2019-08-11,Whse_J,Product_1,Category_019,(22)
588,2019-08-12,Whse_J,Product_1,Category_019,(20)
589,2019-08-13,Whse_J,Product_1,Category_019,(11)
590,2019-08-14,Whse_J,Product_1,Category_019,(17)
591,2019-08-15,Whse_J,Product_1,Category_019,(21)
592,2019-08-16,Whse_J,Product_1,Category_019,(20)
593,2019-08-17,Whse_J,Product_1,Category_019,(31)
594,2019-08-18,Whse_J,Product_1,Category_019,(25)
595,2019-08-19,Whse_J,Product_1,Category_019,(15)
596,2019-08-20,Whse_J,Product_1,Category_019,(21)
597,2019-08-21,Whse_J,Product_1,Category_019,(20)
598,2019-08-22,Whse_J,Product_1,Category_006,(21)
599,2019-08-23,Whse_J,Product_1,Category_019,(26)
600,2019-08-24,Whse_J,Product_1,Category_019,(26)
601,2019-08-25,Whse_J,Product_1,Category_019,(12)
602,2019-08-26,Whse_J,Product_1,Category_019,(25)
603,2019-08-27,Whse_J,Product_1,Category_028,(21)
604,2019-08-28,Whse_J,Product_1,Category_028,(19)
605,2019-08-29,Whse_J,Product_1,Category_028,(17)
606,2019-08-30,Whse_J,Product_1,Category_011,(30)
607,2019-08-31,Whse_J,Product_1,Category_011,(28)
608,2019-09-01,Whse_J,Product_1,Category_011,(16)
609,2019-09-02,Whse_J,Product_1,Category_011,(15)
610,2019-09-03,Whse_J,Product_1,Category_011,(22)
611,2019-09-04,Whse_J,Product_1,Category_011,(26)
612,2019-09-05,Whse_J,Product_1,Category_011,(27)
613,2019-09-06,Whse_J,Product_1,Category_011,(21)
614,2019-09-07,Whse_J,Product_1,Category_011,(25)
615,2019-09-08,Whse_J,Product_1,Category_011,(12)
616,2019-09-09,Whse_J,Product_1,Category_011,(22)
617,2019-09-10,Whse_J,Product_1,Category_011,(16)
618,2019-09-11,Whse_J,Product_1,Category_011,(15)
619,2019-09-12,Whse_J,Product_1,Category_011,(25)
620,2019-09-13,Whse_J,Product_1,Category_011,(17)
621,2019-09-14,Whse_J,Product_1,Category_011,(26)
622,2019-09-15,Whse_J,Product_1,Category_011,(12)
623,2019-09-16,Whse_J,Product_1,Category_011,(15)
624,2019-09-17,Whse_J,Product_1,Category_011,(17)
625,2019-09-18,Whse_J,Product_1,Category_011,(18)
626,2019-09-19,Whse_J,Product_1,Category_011,(21)
627,2019-09-20,Whse_J,Product_1,Category_011,(21)
628,2019-09-21,Whse_J,Product_1,Category_011,(20)
629,2019-09-22,Whse_J,Product_1,Category_011,(15)
630,2019-09-23,Whse_J,Product_1,Category_011,(20)
631,2019-09-24,Whse_J,Product_1,Category_011,(14)
632,2019-09-25,Whse_J,Product_1,Category_011,(17)
633,2019-09-26,Whse_J,Product_1,Category_011,(23)
634,2019-09-27,Whse_J,Product_1,Category_011,(13)
635,2019-09-28,Whse_J,Product_1,Category_011,(22)
636,2019-09-29,Whse_J,Product_1,Category_011,(18)
637,2019-09-30,Whse_J,Product_1,Category_011,(15)
638,2019-10-01,Whse_J,Product_1,Category_011,(12)
639,2019-10-02,Whse_J,Product_1,Category_011,(15)
640,2019-10-03,Whse_J,Product_1,Category_011,(24)
641,2019-10-04,Whse_J,Product_1,Category_011,(27)
642,2019-10-05,Whse_J,Product_1,Category_011,(33)
643,2019-10-06,Whse_J,Product_1,Category_005,(9)
644,2019-10-07,Whse_J,Product_1,Category_005,(10)
645,2019-10-08,Whse_J,Product_1,Category_005,(25)
646,2019-10-09,Whse_J,Product_1,Category_005,(18)
647,2019-10-10,Whse_J,Product_1,Category_005,(19)
648,2019-10-11,Whse_J,Product_1,Category_005,(28)
649,2019-10-12,Whse_J,Product_1,Category_005,(29)
650,2019-10-13,Whse_J,Product_1,Category_005,(6)
651,2019-10-14,Whse_J,Product_1,Category_005,(20)
652,2019-10-15,Whse_J,Product_1,Category_005,(21)
653,2019-10-16,Whse_J,Product_1,Category_005,(17)
654,2019-10-17,Whse_J,Product_1,Category_005,(18)
655,2019-10-18,Whse_J,Product_1,Category_005,(22)
656,2019-10-19,Whse_J,Product_1,Category_005,(13)
657,2019-10-20,Whse_J,Product_1,Category_005,(8)
658,2019-10-21,Whse_J,Product_1,Category_005,(19)
659,2019-10-22,Whse_J,Product_1,Category_005,(14)
660,2019-10-23,Whse_J,Product_1,Category_005,(18)
661,2019-10-24,Whse_J,Product_1,Category_005,(17)
662,2019-10-25,Whse_J,Product_1,Category_005,(21)
663,2019-10-26,Whse_J,Product_1,Category_005,(22)
664,2019-10-27,Whse_J,Product_1,Category_005,(15)
665,2019-10-28,Whse_J,Product_1,Category_005,(12)
666,2019-10-29,Whse_J,Product_1,Category_005,(11)
667,2019-10-30,Whse_J,Product_1,Category_005,(12)
668,2019-10-31,Whse_J,Product_1,Category_005,(20)
669,2019-11-01,Whse_J,Product_1,Category_005,(17)
670,2019-11-02,Whse_J,Product_1,Category_005,(33)
671,2019-11-03,Whse_J,Product_1,Category_005,(16)
672,2019-11-04,Whse_J,Product_1,Category_005,(16)
673,2019-11-05,Whse_J,Product_1,Category_005,(15)
674,2019-11-06,Whse_J,Product_1,Category_005,(22)
675,2019-11-07,Whse_J,Product_1,Category_005,(22)
676,2019-11-08,Whse_J,Product_1,Category_005,(12)
677,2019-11-09,Whse_J,Product_1,Category_005,(28)
678,2019-11-10,Whse_J,Product_1,Category_005,(16)
679,2019-11-11,Whse_J,Product_1,Category_005,(12)
680,2019-11-12,Whse_J,Product_1,Category_005,(18)
681,2019-11-13,Whse_J,Product_1,Category_005,(18)
682,2019-11-14,Whse_J,Product_1,Category_005,(25)
683,2019-11-15,Whse_J,Product_1,Category_005,(24)
684,2019-11-16,Whse_J,Product_1,Category_005,(18)
685,2019-11-17,Whse_J,Product_1,Category_005,(17)
686,2019-11-18,Whse_J,Product_1,Category_005,(18)
687,2019-11-19,Whse_J,Product_1,Category_005,(19)
688,2019-11-20,Whse_J,Product_1,Category_005,(17)
689,2019-11-21,Whse_J,Product_1,Category_005,(28)
690,2019-11-22,Whse_J,Product_1,Category_005,(20)
691,2019-11-23,Whse_J,Product_1,Category_005,(29)
692,2019-11-24,Whse_J,Product_1,Category_005,(18)
693,2019-11-25,Whse_J,Product_1,Category_005,(19)
694,2019-11-26,Whse_J,Product_1,Category_005,(23)
695,2019-11-27,Whse_J,Product_1,Category_005,(23)
696,2019-11-28,Whse_J,Product_1,Category_005,(24)
697,2019-11-29,Whse_J,Product_1,Category_005,(28)
698,2019-11-30,Whse_J,Product_1,Category_005,(24)
699,2019-12-01,Whse_J,Product_1,Category_005,(10)
700,2019-12-02,Whse_J,Product_1,Category_005,(17)
701,2019-12-03,Whse_J,Product_1,Category_005,(9)
702,2019-12-04,Whse_J,Product_1,Category_005,(10)
703,2019-12-05,Whse_J,Product_1,Category_005,(14)
704,2019-12-06,Whse_J,Product_1,Category_005,(16)
705,2019-12-07,Whse_J,Product_1,Category_005,(11)
706,2019-12-08,Whse_J,Product_1,Category_005,(13)
707,2019-12-09,Whse_J,Product_1,Category_005,(13)
708,2019-12-10,Whse_J,Product_1,Category_005,(14)
709,2019-12-11,Whse_J,Product_1,Category_019,(12)
710,2019-12-12,Whse_J,Product_1,Category_019,(10)
711,2019-12-13,Whse_J,Product_1,Category_019,(16)
712,2019-12-14,Whse_J,Product_1,Category_019,(13)
713,2019-12-15,Whse_J,Product_1,Category_019,(14)
714,2019-12-16,Whse_J,Product_1,Category_019,(11)
715,2019-12-17,Whse_J,Product_1,Category_019,(15)
716,2019-12-18,Whse_J,Product_1,Category_019,(10)
717,2019-12-19,Whse_J,Product_1,Category_019,(11)
718,2019-12-20,Whse_J,Product_1,Category_019,(19)
719,2019-12-21,Whse_J,Product_1,Category_019,(18)
720,2019-12-22,Whse_J,Product_1,Category_019,(8)
721,2019-12-23,Whse_J,Product_1,Category_019,(13)
722,2019-12-24,Whse_J,Product_1,Category_019,(16)
723,2019-12-25,Whse_J,Product_1,Category_019,(20)
724,2019-12-26,Whse_J,Product_1,Category_019,(12)
725,2019-12-27,Whse_J,Product_1,Category_019,(15)
726,2019-12-28,Whse_J,Product_1,Category_019,(17)
727,2019-12-29,Whse_J,Product_1,Category_019,(9)
728,2019-12-30,Whse_J,Product_1,Category_019,(11)
729,2019-12-31,Whse_J,Product_1,Category_019,(12)
730,2020-01-01,Whse_J,Product_1,Category_019,(11)
731,2020-01-02,Whse_J,Product_1,Category_019,(19)
732,2020-01-03,Whse_J,Product_1,Category_019,(16)
733,2020-01-04,Whse_J,Product_1,Category_019,(14)
734,2020-01-05,Whse_J,Product_1,Category_019,(14)
735,2020-01-06,Whse_J,Product_1,Category_019,(9)
736,2020-01-07,Whse_J,Product_1,Category_019,(13)
737,2020-01-08,Whse_J,Product_1,Category_019,(18)
738,2020-01-09,Whse_J,Product_1,Category_019,(18)
739,2020-01-10,Whse_J,Product_1,Category_019,(17)
740,2020-01-11,Whse_J,Product_1,Category_019,(19)
741,2020-01-12,Whse_J,Product_1,Category_019,(9)
742,2020-01-13,Whse_J,Product_1,Category_019,(9)
743,2020-01-14,Whse_J,Product_1,Category_019,(15)
744,2020-01-15,Whse_J,Product_1,Category_019,(10)
745,2020-01-16,Whse_J,Product_1,Category_019,(15)
746,2020-01-17,Whse_J,Product_1,Category_019,(16)
747,2020-01-18,Whse_J,Product_1,Category_019,(15)
748,2020-01-19,Whse_J,Product_1,Category_019,(12)
749,2020-01-20,Whse_J,Product_1,Category_019,(12)
750,2020-01-21,Whse_J,Product_1,Category_019,(10)
751,2020-01-22,Whse_J,Product_1,Category_019,(8)
752,2020-01-23,Whse_J,Product_1,Category_019,(14)
753,2020-01-24,Whse_J,Product_1,Category_019,(20)
754,2020-01-25,Whse_J,Product_1,Category_019,(19)
755,2020-01-26,Whse_J,Product_1,Category_019,(12)
756,2020-01-27,Whse_J,Product_1,Category_019,(13)
757,2020-01-28,Whse_J,Product_1,Category_019,(13)
758,2020-01-29,Whse_J,Product_1,Category_019,(7)
759,2020-01-30,Whse_J,Product_1,Category_019,(12)
760,2020-01-31,Whse_J,Product_1,Category_019,(19)
761,2020-02-01,Whse_J,Product_1,Category_019,(17)
762,2020-02-02,Whse_J,Product_1,Category_019,(6)
763,2020-02-03,Whse_J,Product_1,Category_019,(10)
764,2020-02-04,Whse_J,Product_1,Category_019,(8)
765,2020-02-05,Whse_J,Product_1,Category_019,(18)
766,2020-02-06,Whse_J,Product_1,Category_019,(13)
767,2020-02-07,Whse_J,Product_1,Category_019,(13)
768,2020-02-08,Whse_J,Product_1,Category_019,(18)
769,2020-02-09,Whse_J,Product_1,Category_019,(12)
770,2020-02-10,Whse_J,Product_1,Category_019,(15)
771,2020-02-11,Whse_J,Product_1,Category_019,(19)
772,2020-02-12,Whse_J,Product_1,Category_019,(15)
773,2020-02-13,Whse_J,Product_1,Category_019,(13)
774,2020-02-14,Whse_J,Product_1,Category_019,(11)
775,2020-02-15,Whse_J,Product_1,Category_019,(18)
776,2020-02-16,Whse_J,Product_1,Category_019,(14)
777,2020-02-17,Whse_J,Product_1,Category_019,(16)
778,2020-02-18,Whse_J,Product_1,Category_019,(16)
779,2020-02-19,Whse_J,Product_1,Category_019,(11)
780,2020-02-20,Whse_J,Product_1,Category_019,(10)
781,2020-02-21,Whse_J,Product_1,Category_019,(19)
782,2020-02-22,Whse_J,Product_1,Category_019,(24)
783,2020-02-23,Whse_J,Product_1,Category_019,(9)
784,2020-02-24,Whse_J,Product_1,Category_019,(8)
785,2020-02-25,Whse_J,Product_1,Category_019,(13)
786,2020-02-26,Whse_J,Product_1,Category_019,(18)
787,2020-02-27,Whse_J,Product_1,Category_019,(17)
788,2020-02-28,Whse_J,Product_1,Category_019,(18)
789,2020-03-01,Whse_J,Product_1,Category_019,(18)
790,2020-03-02,Whse_J,Product_1,Category_019,(17)
791,2020-03-03,Whse_J,Product_1,Category_019,(14)
792,2020-03-04,Whse_J,Product_1,Category_019,(19)
793,2020-03-05,Whse_J,Product_1,Category_019,(10)
794,2020-03-06,Whse_J,Product_1,Category_019,(17)
795,2020-03-07,Whse_J,Product_1,Category_019,(16)
796,2020-03-08,Whse_J,Product_1,Category_019,(13)
797,2020-03-09,Whse_J,Product_1,Category_019,(13)
798,2020-03-10,Whse_J,Product_1,Category_019,(23)
799,2020-03-11,Whse_J,Product_1,Category_019,(21)
800,2020-03-12,Whse_J,Product_1,Category_019,(24)
801,2020-03-13,Whse_J,Product_1,Category_019,(25)
802,2020-03-14,Whse_J,Product_1,Category_019,(15)
803,2020-03-15,Whse_J,Product_1,Category_019,(20)
804,2020-03-16,Whse_J,Product_1,Category_019,(13)
805,2020-03-17,Whse_J,Product_1,Category_019,(15)
806,2020-03-18,Whse_J,Product_1,Category_019,(16)
807,2020-03-19,Whse_J,Product_1,Category_019,(17)
808,2020-03-20,Whse_J,Product_1,Category_019,(31)
809,2020-03-21,Whse_J,Product_1,Category_019,(25)
810,2020-03-22,Whse_J,Product_1,Category_019,(23)
811,2020-03-23,Whse_J,Product_1,Category_019,(16)
812,2020-03-24,Whse_J,Product_1,Category_019,(18)
813,2020-03-25,Whse_J,Product_1,Category_019,(13)
814,2020-03-26,Whse_J,Product_1,Category_019,(10)
815,2020-03-27,Whse_J,Product_1,Category_019,(16)
816,2020-03-28,Whse_J,Product_1,Category_019,(12)
817,2020-03-29,Whse_J,Product_1,Category_019,(25)
818,2020-03-30,Whse_J,Product_1,Category_019,(19)
819,2020-03-31,Whse_J,Product_1,Category_019,(18)
820,2020-04-01,Whse_J,Product_1,Category_019,(24)
821,2020-04-02,Whse_J,Product_1,Category_019,(20)
822,2020-04-03,Whse_J,Product_1,Category_019,(27)
823,2020-04-04,Whse_J,Product_1,Category_019,(26)
824,2020-04-05,Whse_J,Product_1,Category_019,(20)
825,2020-04-06,Whse_J,Product_1,Category_019,(20)
826,2020-04-07,Whse_J,Product_1,Category_019,(19)
827,2020-04-08,Whse_J,Product_1,Category_019,(17)
828,2020-04-09,Whse_J,Product_1,Category_019,(20)
829,2020-04-10,Whse_J,Product_1,Category_019,(24)
830,2020-04-11,Whse_J,Product_1,Category_019,(17)
831,2020-04-12,Whse_J,Product_1,Category_019,(21)
832,2020-04-13,Whse_J,Product_1,Category_019,(14)
833,2020-04-14,Whse_J,Product_1,Category_019,(26)
834,2020-04-15,Whse_J,Product_1,Category_019,(26)
835,2020-04-16,Whse_J,Product_1,Category_019,(20)
836,2020-04-17,Whse_J,Product_1,Category_019,(22)
837,2020-04-18,Whse_J,Product_1,Category_019,(23)
838,2020-04-19,Whse_J,Product_1,Category_019,(24)
839,2020-04-20,Whse_J,Product_1,Category_019,(17)
840,2020-04-21,Whse_J,Product_1,Category_019,(25)
841,2020-04-22,Whse_J,Product_1,Category_019,(19)
842,2020-04-23,Whse_J,Product_1,Category_019,(17)
843,2020-04-24,Whse_J,Product_1,Category_019,(11)
844,2020-04-25,Whse_J,Product_1,Category_019,(29)
845,2020-04-26,Whse_J,Product_1,Category_019,(30)
846,2020-04-27,Whse_J,Product_1,Category_019,(22)
847,2020-04-28,Whse_J,Product_1,Category_019,(27)
848,2020-04-29,Whse_J,Product_1,Category_019,(18)
849,2020-04-30,Whse_J,Product_1,Category_019,(27)
850,2020-05-01,Whse_J,Product_1,Category_019,(20)
851,2020-05-02,Whse_J,Product_1,Category_019,(22)
852,2020-05-03,Whse_J,Product_1,Category_019,(33)
853,2020-05-04,Whse_J,Product_1,Category_019,(14)
854,2020-05-05,Whse_J,Product_1,Category_019,(25)
855,2020-05-06,Whse_J,Product_1,Category_019,(13)
856,2020-05-07,Whse_J,Product_1,Category_019,(23)
857,2020-05-08,Whse_J,Product_1,Category_019,(22)
858,2020-05-09,Whse_J,Product_1,Category_019,(29)
859,2020-05-10,Whse_J,Product_1,Category_019,(29)
860,2020-05-11,Whse_J,Product_1,Category_019,(24)
861,2020-05-12,Whse_J,Product_1,Category_019,(21)
862,2020-05-13,Whse_J,Product_1,Category_006,(14)
863,2020-05-14,Whse_J,Product_1,Category_019,(17)
864,2020-05-15,Whse_J,Product_1,Category_019,(27)
865,2020-05-16,Whse_J,Product_1,Category_019,(31)
866,2020-05-17,Whse_J,Product_1,Category_019,(27)
867,2020-05-18,Whse_J,Product_1,Category_019,(11)
868,2020-05-19,Whse_J,Product_1,Category_019,(28)
869,2020-05-20,Whse_J,Product_1,Category_019,(17)
870,2020-05-21,Whse_J,Product_1,Category_019,(27)
871,2020-05-22,Whse_J,Product_1,Category_019,(22)
872,2020-05-23,Whse_J,Product_1,Category_019,(24)
873,2020-05-24,Whse_J,Product_1,Category_019,(27)
874,2020-05-25,Whse_J,Product_1,Category_019,(19)
875,2020-05-26,Whse_J,Product_1,Category_019,(19)
876,2020-05-27,Whse_J,Product_1,Category_019,(22)
877,2020-05-28,Whse_J,Product_1,Category_019,(23)
878,2020-05-29,Whse_J,Product_1,Category_019,(18)
879,2020-05-30,Whse_J,Product_1,Category_019,(36)
880,2020-05-31,Whse_J,Product_1,Category_019,(27)
881,2020-06-01,Whse_J,Product_1,Category_019,(23)
882,2020-06-02,Whse_J,Product_1,Category_019,(15)
883,2020-06-03,Whse_J,Product_1,Category_019,(23)
884,2020-06-04,Whse_J,Product_1,Category_019,(25)
885,2020-06-05,Whse_J,Product_1,Category_019,(18)
886,2020-06-06,Whse_J,Product_1,Category_019,(43)
887,2020-06-07,Whse_J,Product_1,Category_019,(22)
888,2020-06-08,Whse_J,Product_1,Category_019,(18)
889,2020-06-09,Whse_J,Product_1,Category_019,(19)
890,2020-06-10,Whse_J,Product_1,Category_019,(22)
891,2020-06-11,Whse_J,Product_1,Category_033,(29)
892,2020-06-12,Whse_J,Product_1,Category_033,(23)
893,2020-06-13,Whse_J,Product_1,Category_033,(28)
894,2020-06-14,Whse_J,Product_1,Category_033,(30)
895,2020-06-15,Whse_J,Product_1,Category_033,(19)
896,2020-06-16,Whse_J,Product_1,Category_006,(17)
897,2020-06-17,Whse_J,Product_1,Category_006,(28)
898,2020-06-18,Whse_J,Product_1,Category_006,(29)
899,2020-06-19,Whse_J,Product_1,Category_006,(20)
900,2020-06-20,Whse_J,Product_1,Category_006,(30)
901,2020-06-21,Whse_J,Product_1,Category_006,(34)
902,2020-06-22,Whse_J,Product_1,Category_006,(14)
903,2020-06-23,Whse_J,Product_1,Category_006,(27)
904,2020-06-24,Whse_J,Product_1,Category_006,(26)
905,2020-06-25,Whse_J,Product_1,Category_006,(21)
906,2020-06-26,Whse_J,Product_1,Category_006,(30)
907,2020-06-27,Whse_J,Product_1,Category_006,(31)
908,2020-06-28,Whse_J,Product_1,Category_006,(35)
909,2020-06-29,Whse_J,Product_1,Category_006,(26)
910,2020-06-30,Whse_J,Product_1,Category_006,(23)
911,2020-07-01,Whse_J,Product_1,Category_006,(21)
912,2020-07-02,Whse_J,Product_1,Category_006,(26)
913,2020-07-03,Whse_J,Product_1,Category_006,(30)
914,2020-07-04,Whse_J,Product_1,Category_006,(40)
915,2020-07-05,Whse_J,Product_1,Category_006,(30)
916,2020-07-06,Whse_J,Product_1,Category_006,(20)
917,2020-07-07,Whse_J,Product_1,Category_006,(24)
918,2020-07-08,Whse_J,Product_1,Category_006,(21)
919,2020-07-09,Whse_J,Product_1,Category_006,(33)
920,2020-07-10,Whse_J,Product_1,Category_006,(26)
921,2020-07-11,Whse_J,Product_1,Category_006,(30)
922,2020-07-12,Whse_J,Product_1,Category_006,(19)
923,2020-07-13,Whse_J,Product_1,Category_006,(22)
924,2020-07-14,Whse_J,Product_1,Category_006,(19)
925,2020-07-15,Whse_J,Product_1,Category_006,(20)
926,2020-07-16,Whse_J,Product_1,Category_006,(41)
927,2020-07-17,Whse_J,Product_1,Category_006,(31)
928,2020-07-18,Whse_J,Product_1,Category_006,(38)
929,2020-07-19,Whse_J,Product_1,Category_006,(38)
930,2020-07-20,Whse_J,Product_1,Category_006,(22)
931,2020-07-21,Whse_J,Product_1,Category_006,(29)
932,2020-07-22,Whse_J,Product_1,Category_006,(27)
933,2020-07-23,Whse_J,Product_1,Category_006,(17)
934,2020-07-24,Whse_J,Product_1,Category_006,(29)
935,2020-07-25,Whse_J,Product_1,Category_006,(34)
936,2020-07-26,Whse_J,Product_1,Category_006,(38)
937,2020-07-27,Whse_J,Product_1,Category_006,(13)
938,2020-07-28,Whse_J,Product_1,Category_006,(27)
939,2020-07-29,Whse_J,Product_1,Category_019,(26)
940,2020-07-30,Whse_J,Product_1,Category_019,(22)
941,2020-07-31,Whse_J,Product_1,Category_019,(29)
942,2020-08-01,Whse_J,Product_1,Category_019,(28)
943,2020-08-02,Whse_J,Product_1,Category_019,(19)
944,2020-08-03,Whse_J,Product_1,Category_019,(20)
945,2020-08-04,Whse_J,Product_1,Category_019,(26)
946,2020-08-05,Whse_J,Product_1,Category_019,(20)
947,2020-08-06,Whse_J,Product_1,Category_019,(25)
948,2020-08-07,Whse_J,Product_1,Category_019,(22)
949,2020-08-08,Whse_J,Product_1,Category_019,(19)
950,2020-08-09,Whse_J,Product_1,Category_019,(33)
951,2020-08-10,Whse_J,Product_1,Category_019,(14)
952,2020-08-11,Whse_J,Product_1,Category_019,(16)
953,2020-08-12,Whse_J,Product_1,Category_019,(24)
954,2020-08-13,Whse_J,Product_1,Category_019,(25)
955,2020-08-14,Whse_J,Product_1,Category_019,(23)
956,2020-08-15,Whse_J,Product_1,Category_006,(26)
957,2020-08-16,Whse_J,Product_1,Category_006,(27)
958,2020-08-17,Whse_J,Product_1,Category_006,(14)
959,2020-08-18,Whse_J,Product_1,Category_005,(18)
960,2020-08-19,Whse_J,Product_1,Category_005,(24)
961,2020-08-20,Whse_J,Product_1,Category_005,(17)
962,2020-08-21,Whse_J,Product_1,Category_005,(29)
963,2020-08-22,Whse_J,Product_1,Category_005,(22)
964,2020-08-23,Whse_J,Product_1,Category_005,(19)
965,2020-08-24,Whse_J,Product_1,Category_005,(19)
966,2020-08-25,Whse_J,Product_1,Category_005,(22)
967,2020-08-26,Whse_J,Product_1,Category_005,(26)
968,2020-08-27,Whse_J,Product_1,Category_005,(23)
969,2020-08-28,Whse_J,Product_1,Category_005,(25)
970,2020-08-29,Whse_J,Product_1,Category_005,(36)
971,2020-08-30,Whse_J,Product_1,Category_005,(25)
972,2020-08-31,Whse_J,Product_1,Category_005,(20)
973,2020-09-01,Whse_J,Product_1,Category_005,(27)
974,2020-09-02,Whse_J,Product_1,Category_011,(22)
975,2020-09-03,Whse_J,Product_1,Category_011,(16)
976,2020-09-04,Whse_J,Product_1,Category_011,(16)
977,2020-09-05,Whse_J,Product_1,Category_011,(34)
978,2020-09-06,Whse_J,Product_1,Category_011,(25)
979,2020-09-07,Whse_J,Product_1,Category_019,(17)
980,2020-09-08,Whse_J,Product_1,Category_019,(25)
981,2020-09-09,Whse_J,Product_1,Category_019,(13)
982,2020-09-10,Whse_J,Product_1,Category_019,(25)
983,2020-09-11,Whse_J,Product_1,Category_019,(28)
984,2020-09-12,Whse_J,Product_1,Category_006,(24)
985,2020-09-13,Whse_J,Product_1,Category_019,(28)
986,2020-09-14,Whse_J,Product_1,Category_019,(22)
987,2020-09-15,Whse_J,Product_1,Category_019,(21)
988,2020-09-16,Whse_J,Product_1,Category_019,(23)
989,2020-09-17,Whse_J,Product_1,Category_019,(19)
990,2020-09-18,Whse_J,Product_1,Category_019,(16)
991,2020-09-19,Whse_J,Product_1,Category_019,(40)
992,2020-09-20,Whse_J,Product_1,Category_019,(28)
993,2020-09-21,Whse_J,Product_1,Category_019,(18)
994,2020-09-22,Whse_J,Product_1,Category_006,(20)
995,2020-09-23,Whse_J,Product_1,Category_001,(22)
996,2020-09-24,Whse_J,Product_1,Category_001,(28)
997,2020-09-25,Whse_J,Product_1,Category_005,(20)
998,2020-09-26,Whse_J,Product_1,Category_005,(20)
999,2020-09-27,Whse_J,Product_1,Category_005,(32)
1000,2020-09-28,Whse_J,Product_1,Category_005,(15)
1001,2020-09-29,Whse_J,Product_1,Category_005,(19)
1002,2020-09-30,Whse_J,Product_1,Category_005,(15)
1003,2020-10-01,Whse_J,Product_1,Category_005,(25)
1004,2020-10-02,Whse_J,Product_1,Category_005,(12)
1005,2020-10-03,Whse_J,Product_1,Category_005,(20)
1006,2020-10-04,Whse_J,Product_1,Category_005,(22)
1007,2020-10-05,Whse_J,Product_1,Category_006,(13)
1008,2020-10-06,Whse_J,Product_1,Category_006,(14)
1009,2020-10-07,Whse_J,Product_1,Category_006,(19)
1010,2020-10-08,Whse_J,Product_1,Category_006,(21)
1011,2020-10-09,Whse_J,Product_1,Category_006,(27)
1012,2020-10-10,Whse_J,Product_1,Category_006,(22)
1013,2020-10-11,Whse_J,Product_1,Category_006,(25)
1014,2020-10-12,Whse_J,Product_1,Category_006,(12)
1015,2020-10-13,Whse_J,Product_1,Category_006,(24)
1016,2020-10-14,Whse_J,Product_1,Category_006,(26)
1017,2020-10-15,Whse_J,Product_1,Category_006,(19)
1018,2020-10-16,Whse_J,Product_1,Category_006,(23)
1019,2020-10-17,Whse_J,Product_1,Category_006,(22)
1020,2020-10-18,Whse_J,Product_1,Category_006,(25)
1021,2020-10-19,Whse_J,Product_1,Category_006,(19)
1022,2020-10-20,Whse_J,Product_1,Category_006,(21)
1023,2020-10-21,Whse_J,Product_1,Category_006,(24)
1024,2020-10-22,Whse_J,Product_1,Category_019,(17)
1025,2020-10-23,Whse_J,Product_1,Category_019,(28)
1026,2020-10-24,Whse_J,Product_1,Category_019,(24)
1027,2020-10-25,Whse_J,Product_1,Category_019,(33)
1028,2020-10-26,Whse_J,Product_1,Category_019,(18)
1029,2020-10-27,Whse_J,Product_1,Category_019,(18)
1030,2020-10-28,Whse_J,Product_1,Category_019,(8)
1031,2020-10-29,Whse_J,Product_1,Category_019,(17)
1032,2020-10-30,Whse_J,Product_1,Category_019,(19)
1033,2020-10-31,Whse_J,Product_1,Category_019,(30)
1034,2020-11-01,Whse_J,Product_1,Category_019,(26)
1035,2020-11-02,Whse_J,Product_1,Category_019,(16)
1036,2020-11-03,Whse_J,Product_1,Category_019,(25)
1037,2020-11-04,Whse_J,Product_1,Category_019,(26)
1038,2020-11-05,Whse_J,Product_1,Category_019,(21)
1039,2020-11-06,Whse_J,Product_1,Category_019,(24)
1040,2020-11-07,Whse_J,Product_1,Category_019,(25)
1041,2020-11-08,Whse_J,Product_1,Category_019,(25)
1042,2020-11-09,Whse_J,Product_1,Category_019,(16)
1043,2020-11-10,Whse_J,Product_1,Category_019,(15)
1044,2020-11-11,Whse_J,Product_1,Category_019,(24)
1045,2020-11-12,Whse_J,Product_1,Category_019,(19)
1046,2020-11-13,Whse_J,Product_1,Category_019,(21)
1047,2020-11-14,Whse_J,Product_1,Category_019,(37)
1048,2020-11-15,Whse_J,Product_1,Category_019,(31)
1049,2020-11-16,Whse_J,Product_1,Category_019,(14)
1050,2020-11-17,Whse_J,Product_1,Category_001,(19)
1051,2020-11-18,Whse_J,Product_1,Category_001,(30)
1052,2020-11-19,Whse_J,Product_1,Category_001,(26)
1053,2020-11-20,Whse_J,Product_1,Category_001,(27)
1054,2020-11-21,Whse_J,Product_1,Category_001,(22)
1055,2020-11-22,Whse_J,Product_1,Category_019,(30)
1056,2020-11-23,Whse_J,Product_1,Category_019,(21)
1057,2020-11-24,Whse_J,Product_1,Category_019,(20)
1058,2020-11-25,Whse_J,Product_1,Category_019,(16)
1059,2020-11-26,Whse_J,Product_1,Category_019,(19)
1060,2020-11-27,Whse_J,Product_1,Category_019,(33)
1061,2020-11-28,Whse_J,Product_1,Category_005,(24)
1062,2020-11-29,Whse_J,Product_1,Category_005,(27)
1063,2020-11-30,Whse_J,Product_1,Category_005,(5)
1064,2020-12-01,Whse_J,Product_1,Category_005,(13)
1065,2020-12-02,Whse_J,Product_1,Category_019,(12)
1066,2020-12-03,Whse_J,Product_1,Category_019,(14)
1067,2020-12-04,Whse_J,Product_1,Category_019,(29)
1068,2020-12-05,Whse_J,Product_1,Category_019,(12)
1069,2020-12-06,Whse_J,Product_1,Category_019,(14)
1070,2020-12-07,Whse_J,Product_1,Category_019,(14)
1071,2020-12-08,Whse_J,Product_1,Category_019,(13)
1072,2020-12-09,Whse_J,Product_1,Category_019,(18)
1073,2020-12-10,Whse_J,Product_1,Category_019,(14)
1074,2020-12-11,Whse_J,Product_1,Category_028,(21)
1075,2020-12-12,Whse_J,Product_1,Category_028,(23)
1076,2020-12-13,Whse_J,Product_1,Category_028,(14)
1077,2020-12-14,Whse_J,Product_1,Category_028,(10)
1078,2020-12-15,Whse_J,Product_1,Category_028,(12)
1079,2020-12-16,Whse_J,Product_1,Category_006,(19)
1080,2020-12-17,Whse_J,Product_1,Category_019,(9)
1081,2020-12-18,Whse_J,Product_1,Category_019,(19)
1082,2020-12-19,Whse_J,Product_1,Category_005,(21)
1083,2020-12-20,Whse_J,Product_1,Category_005,(17)
1084,2020-12-21,Whse_J,Product_1,Category_005,(10)
1085,2020-12-22,Whse_J,Product_1,Category_005,(13)
1086,2020-12-23,Whse_J,Product_1,Category_005,(14)
1087,2020-12-24,Whse_J,Product_1,Category_005,(7)
1088,2020-12-25,Whse_J,Product_1,Category_005,(19)
1089,2020-12-26,Whse_J,Product_1,Category_005,(13)
1090,2020-12-27,Whse_J,Product_1,Category_005,(17)
1091,2020-12-28,Whse_J,Product_1,Category_005,(4)
1092,2020-12-29,Whse_J,Product_1,Category_005,(12)
1093,2020-12-30,Whse_J,Product_1,Category_005,(15)
1094,2020-12-31,Whse_J,Product_1,Category_019,(18)
1095,2021-01-01,Whse_J,Product_1,Category_019,(21)
1096,2021-01-02,Whse_J,Product_1,Category_019,(13)
1097,2021-01-03,Whse_J,Product_1,Category_019,(12)
1098,2021-01-04,Whse_J,Product_1,Category_019,(12)
1099,2021-01-05,Whse_J,Product_1,Category_019,(12)
1100,2021-01-06,Whse_J,Product_1,Category_019,(16)
1101,2021-01-07,Whse_J,Product_1,Category_019,(12)
1102,2021-01-08,Whse_J,Product_1,Category_019,(12)
1103,2021-01-09,Whse_J,Product_1,Category_019,(16)
1104,2021-01-10,Whse_J,Product_1,Category_019,(26)
1105,2021-01-11,Whse_J,Product_1,Category_005,(7)
1106,2021-01-12,Whse_J,Product_1,Category_005,(13)
1107,2021-01-13,Whse_J,Product_1,Category_019,(9)
1108,2021-01-14,Whse_J,Product_1,Category_019,(18)
1109,2021-01-15,Whse_J,Product_1,Category_019,(13)
1110,2021-01-16,Whse_J,Product_1,Category_019,(8)
1111,2021-01-17,Whse_J,Product_1,Category_019,(13)
1112,2021-01-18,Whse_J,Product_1,Category_019,(7)
1113,2021-01-19,Whse_J,Product_1,Category_019,(17)
1114,2021-01-20,Whse_J,Product_1,Category_019,(13)
1115,2021-01-21,Whse_J,Product_1,Category_019,(12)
1116,2021-01-22,Whse_J,Product_1,Category_019,(15)
1117,2021-01-23,Whse_J,Product_1,Category_019,(23)
1118,2021-01-24,Whse_J,Product_1,Category_019,(21)
1119,2021-01-25,Whse_J,Product_1,Category_019,(15)
1120,2021-01-26,Whse_J,Product_1,Category_019,(18)
1121,2021-01-27,Whse_J,Product_1,Category_019,(14)
1122,2021-01-28,Whse_J,Product_1,Category_019,(17)
1123,2021-01-29,Whse_J,Product_1,Category_019,(16)
1124,2021-01-30,Whse_J,Product_1,Category_019,(14)
1125,2021-01-31,Whse_J,Product_1,Category_019,(14)
1126,2021-02-01,Whse_J,Product_1,Category_019,(16)
1127,2021-02-02,Whse_J,Product_1,Category_019,(16)
1128,2021-02-03,Whse_J,Product_1,Category_019,(19)
1129,2021-02-04,Whse_J,Product_1,Category_019,(9)
1130,2021-02-05,Whse_J,Product_1,Category_019,(14)
1131,2021-02-06,Whse_J,Product_1,Category_019,(14)
1132,2021-02-07,Whse_J,Product_1,Category_019,(18)
1133,2021-02-08,Whse_J,Product_1,Category_019,(12)
1134,2021-02-09,Whse_J,Product_1,Category_019,(14)
1135,2021-02-10,Whse_J,Product_1,Category_019,(16)
1136,2021-02-11,Whse_J,Product_1,Category_019,(14)
1137,2021-02-12,Whse_J,Product_1,Category_019,(15)
1138,2021-02-13,Whse_J,Product_1,Category_019,(10)
1139,2021-02-14,Whse_J,Product_1,Category_019,(23)
1140,2021-02-15,Whse_J,Product_1,Category_019,(8)
1141,2021-02-16,Whse_J,Product_1,Category_019,(19)
1142,2021-02-17,Whse_J,Product_1,Category_019,(29)
1143,2021-02-18,Whse_J,Product_1,Category_019,(17)
1144,2021-02-19,Whse_J,Product_1,Category_019,(18)
1145,2021-02-20,Whse_J,Product_1,Category_019,(18)
1146,2021-02-21,Whse_J,Product_1,Category_019,(21)
1147,2021-02-22,Whse_J,Product_1,Category_019,(16)
1148,2021-02-23,Whse_J,Product_1,Category_019,(16)
1149,2021-02-24,Whse_J,Product_1,Category_019,(10)
1150,2021-02-25,Whse_J,Product_1,Category_019,(12)
1151,2021-02-26,Whse_J,Product_1,Category_019,(9)
1152,2021-02-27,Whse_J,Product_1,Category_019,(21)
1153,2021-02-28,Whse_J,Product_1,Category_019,(12)
1154,2021-02-28,Whse_J,Product_1,Category_019,(14)
1155,2021-03-01,Whse_J,Product_1,Category_011,(16)
1156,2021-03-02,Whse_J,Product_1,Category_007,(17)
1157,2021-03-03,Whse_J,Product_1,Category_011,(20)
1158,2021-03-04,Whse_J,Product_1,Category_007,(17)
1159,2021-03-05,Whse_J,Product_1,Category_011,(17)
1160,2021-03-06,Whse_J,Product_1,Category_011,(22)
1161,2021-03-07,Whse_J,Product_1,Category_011,(17)
1162,2021-03-08,Whse_J,Product_1,Category_011,(9)
1163,2021-03-09,Whse_J,Product_1,Category_011,(18)
1164,2021-03-10,Whse_J,Product_1,Category_011,(15)
1165,2021-03-11,Whse_J,Product_1,Category_011,(22)
1166,2021-03-12,Whse_J,Product_1,Category_011,(17)
1167,2021-03-13,Whse_J,Product_1,Category_011,(23)
1168,2021-03-14,Whse_J,Product_1,Category_011,(13)
1169,2021-03-15,Whse_J,Product_1,Category_011,(11)
1170,2021-03-16,Whse_J,Product_1,Category_011,(23)
1171,2021-03-17,Whse_J,Product_1,Category_011,(19)
1172,2021-03-18,Whse_J,Product_1,Category_011,(21)
1173,2021-03-19,Whse_J,Product_1,Category_011,(25)
1174,2021-03-20,Whse_J,Product_1,Category_011,(25)
1175,2021-03-21,Whse_J,Product_1,Category_011,(22)
1176,2021-03-22,Whse_J,Product_1,Category_011,(17)
1177,2021-03-23,Whse_J,Product_1,Category_011,(19)
1178,2021-03-24,Whse_J,Product_1,Category_011,(18)
1179,2021-03-25,Whse_J,Product_1,Category_011,(27)
1180,2021-03-26,Whse_J,Product_1,Category_011,(22)
1181,2021-03-27,Whse_J,Product_1,Category_011,(28)
1182,2021-03-28,Whse_J,Product_1,Category_011,(16)
1183,2021-03-29,Whse_J,Product_1,Category_011,(22)
1184,2021-03-30,Whse_J,Product_1,Category_011,(14)
1185,2021-03-31,Whse_J,Product_1,Category_011,(17)
1186,2021-04-01,Whse_J,Product_1,Category_011,(32)
1187,2021-04-02,Whse_J,Product_1,Category_011,(24)
1188,2021-04-03,Whse_J,Product_1,Category_011,(29)
1189,2021-04-04,Whse_J,Product_1,Category_011,(18)
1190,2021-04-05,Whse_J,Product_1,Category_011,(20)
1191,2021-04-06,Whse_J,Product_1,Category_011,(25)
1192,2021-04-07,Whse_J,Product_1,Category_011,(18)
1193,2021-04-08,Whse_J,Product_1,Category_011,(23)
1194,2021-04-09,Whse_J,Product_1,Category_011,(22)
1195,2021-04-10,Whse_J,Product_1,Category_011,(36)
1196,2021-04-11,Whse_J,Product_1,Category_011,(18)
1197,2021-04-12,Whse_J,Product_1,Category_011,(30)
1198,2021-04-13,Whse_J,Product_1,Category_011,(24)
1199,2021-04-14,Whse_J,Product_1,Category_011,(22)
1200,2021-04-15,Whse_J,Product_1,Category_011,(23)
1201,2021-04-16,Whse_J,Product_1,Category_015,(22)
1202,2021-04-17,Whse_J,Product_1,Category_015,(18)
1203,2021-04-18,Whse_J,Product_1,Category_015,(23)
1204,2021-04-19,Whse_J,Product_1,Category_015,(23)
1205,2021-04-20,Whse_J,Product_1,Category_007,(18)
1206,2021-04-21,Whse_J,Product_1,Category_007,(20)
1207,2021-04-22,Whse_J,Product_1,Category_007,(22)
1208,2021-04-23,Whse_J,Product_1,Category_007,(23)
1209,2021-04-24,Whse_J,Product_1,Category_007,(26)
1210,2021-04-25,Whse_J,Product_1,Category_007,(15)
1211,2021-04-26,Whse_J,Product_1,Category_007,(20)
1212,2021-04-27,Whse_J,Product_1,Category_007,(19)
1213,2021-04-28,Whse_J,Product_1,Category_007,(21)
1214,2021-04-29,Whse_J,Product_1,Category_007,(30)
1215,2021-04-30,Whse_J,Product_1,Category_007,(30)
1216,2021-05-01,Whse_J,Product_1,Category_007,(30)
1217,2021-05-02,Whse_J,Product_1,Category_007,(18)
1218,2021-05-03,Whse_J,Product_1,Category_007,(29)
1219,2021-05-04,Whse_J,Product_1,Category_007,(24)
1220,2021-05-05,Whse_J,Product_1,Category_007,(17)
1221,2021-05-06,Whse_J,Product_1,Category_007,(23)
1222,2021-05-07,Whse_J,Product_1,Category_007,(23)
1223,2021-05-08,Whse_J,Product_1,Category_007,(26)
1224,2021-05-09,Whse_J,Product_1,Category_007,(18)
1225,2021-05-10,Whse_J,Product_1,Category_007,(29)
1226,2021-05-11,Whse_J,Product_1,Category_007,(21)
1227,2021-05-12,Whse_J,Product_1,Category_007,(19)
1228,2021-05-13,Whse_J,Product_1,Category_007,(26)
1229,2021-05-14,Whse_J,Product_1,Category_007,(30)
1230,2021-05-15,Whse_J,Product_1,Category_007,(39)
1231,2021-05-16,Whse_J,Product_1,Category_007,(13)
1232,2021-05-17,Whse_J,Product_1,Category_007,(25)
1233,2021-05-18,Whse_J,Product_1,Category_007,(33)
1234,2021-05-19,Whse_J,Product_1,Category_007,(26)
1235,2021-05-20,Whse_J,Product_1,Category_007,(28)
1236,2021-05-21,Whse_J,Product_1,Category_007,(35)
1237,2021-05-22,Whse_J,Product_1,Category_007,(32)
1238,2021-05-23,Whse_J,Product_1,Category_007,(22)
1239,2021-05-24,Whse_J,Product_1,Category_007,(26)
1240,2021-05-25,Whse_J,Product_1,Category_007,(29)
1241,2021-05-26,Whse_J,Product_1,Category_007,(17)
1242,2021-05-27,Whse_J,Product_1,Category_007,(26)
1243,2021-05-28,Whse_J,Product_1,Category_007,(33)
1244,2021-05-29,Whse_J,Product_1,Category_007,(29)
1245,2021-05-30,Whse_J,Product_1,Category_007,(18)
1246,2021-05-31,Whse_J,Product_1,Category_007,(18)
1247,2021-06-01,Whse_J,Product_1,Category_007,(24)
1248,2021-06-02,Whse_J,Product_1,Category_007,(25)
1249,2021-06-03,Whse_J,Product_1,Category_007,(38)
1250,2021-06-04,Whse_J,Product_1,Category_007,(28)
1251,2021-06-05,Whse_J,Product_1,Category_007,(35)
1252,2021-06-06,Whse_J,Product_1,Category_007,(23)
1253,2021-06-07,Whse_J,Product_1,Category_007,(22)
1254,2021-06-08,Whse_J,Product_1,Category_007,(22)
1255,2021-06-09,Whse_J,Product_1,Category_007,(24)
1256,2021-06-10,Whse_J,Product_1,Category_007,(34)
1257,2021-06-11,Whse_J,Product_1,Category_007,(31)
1258,2021-06-12,Whse_J,Product_1,Category_007,(22)
1259,2021-06-13,Whse_J,Product_1,Category_007,(22)
1260,2021-06-14,Whse_J,Product_1,Category_007,(25)
1261,2021-06-15,Whse_J,Product_1,Category_007,(22)
1262,2021-06-16,Whse_J,Product_1,Category_007,(30)
1263,2021-06-17,Whse_J,Product_1,Category_007,(22)
1264,2021-06-18,Whse_J,Product_1,Category_007,(27)
1265,2021-06-19,Whse_J,Product_1,Category_007,(28)
1266,2021-06-20,Whse_J,Product_1,Category_007,(15)
1267,2021-06-21,Whse_J,Product_1,Category_007,(25)
1268,2021-06-22,Whse_J,Product_1,Category_007,(25)
1269,2021-06-23,Whse_J,Product_1,Category_007,(23)
1270,2021-06-24,Whse_J,Product_1,Category_007,(31)
1271,2021-06-25,Whse_J,Product_1,Category_007,(31)
1272,2021-06-26,Whse_J,Product_1,Category_007,(32)
1273,2021-06-27,Whse_J,Product_1,Category_007,(26)
1274,2021-06-28,Whse_J,Product_1,Category_007,(28)
1275,2021-06-29,Whse_J,Product_1,Category_007,(25)
1276,2021-06-30,Whse_J,Product_1,Category_007,(25)
1277,2021-07-01,Whse_J,Product_1,Category_007,(42)
1278,2021-07-02,Whse_J,Product_1,Category_007,(32)
1279,2021-07-03,Whse_J,Product_1,Category_007,(35)
1280,2021-07-04,Whse_J,Product_1,Category_007,(18)
1281,2021-07-05,Whse_J,Product_1,Category_007,(31)
1282,2021-07-06,Whse_J,Product_1,Category_007,(22)
1283,2021-07-07,Whse_J,Product_1,Category_007,(33)
1284,2021-07-08,Whse_J,Product_1,Category_007,(34)
1285,2021-07-09,Whse_J,Product_1,Category_007,(35)
1286,2021-07-10,Whse_J,Product_1,Category_007,(28)
1287,2021-07-11,Whse_J,Product_1,Category_007,(18)
1288,2021-07-12,Whse_J,Product_1,Category_007,(27)
1289,2021-07-13,Whse_J,Product_1,Category_007,(30)
1290,2021-07-14,Whse_J,Product_1,Category_007,(22)
1291,2021-07-15,Whse_J,Product_1,Category_007,(33)
1292,2021-07-16,Whse_J,Product_1,Category_007,(34)
1293,2021-07-17,Whse_J,Product_1,Category_007,(37)
1294,2021-07-18,Whse_J,Product_1,Category_007,(24)
1295,2021-07-19,Whse_J,Product_1,Category_007,(25)
1296,2021-07-20,Whse_J,Product_1,Category_007,(22)
1297,2021-07-21,Whse_J,Product_1,Category_007,(34)
1298,2021-07-22,Whse_J,Product_1,Category_007,(26)
1299,2021-07-23,Whse_J,Product_1,Category_007,(34)
1300,2021-07-24,Whse_J,Product_1,Category_007,(25)
1301,2021-07-25,Whse_J,Product_1,Category_007,(21)
1302,2021-07-26,Whse_J,Product_1,Category_007,(24)
1303,2021-07-27,Whse_J,Product_1,Category_007,(28)
1304,2021-07-28,Whse_J,Product_1,Category_007,(30)
1305,2021-07-29,Whse_J,Product_1,Category_007,(30)
1306,2021-07-30,Whse_J,Product_1,Category_007,(38)
1307,2021-07-31,Whse_J,Product_1,Category_007,(31)
1308,2021-08-01,Whse_J,Product_1,Category_007,(21)
1309,2021-08-02,Whse_J,Product_1,Category_007,(22)
1310,2021-08-03,Whse_J,Product_1,Category_007,(28)
1311,2021-08-04,Whse_J,Product_1,Category_007,(34)
1312,2021-08-05,Whse_J,Product_1,Category_007,(24)
1313,2021-08-06,Whse_J,Product_1,Category_007,(20)
1314,2021-08-07,Whse_J,Product_1,Category_007,(31)
1315,2021-08-08,Whse_J,Product_1,Category_007,(11)
1316,2021-08-09,Whse_J,Product_1,Category_007,(26)
1317,2021-08-10,Whse_J,Product_1,Category_007,(21)
1318,2021-08-11,Whse_J,Product_1,Category_007,(23)
1319,2021-08-12,Whse_J,Product_1,Category_007,(16)
1320,2021-08-13,Whse_J,Product_1,Category_007,(27)
1321,2021-08-14,Whse_J,Product_1,Category_007,(36)
1322,2021-08-15,Whse_J,Product_1,Category_007,(24)
1323,2021-08-16,Whse_J,Product_1,Category_007,(15)
1324,2021-08-17,Whse_J,Product_1,Category_007,(25)
1325,2021-08-18,Whse_J,Product_1,Category_007,(26)
1326,2021-08-19,Whse_J,Product_1,Category_007,(29)
1327,2021-08-20,Whse_J,Product_1,Category_007,(30)
1328,2021-08-21,Whse_J,Product_1,Category_007,(22)
1329,2021-08-22,Whse_J,Product_1,Category_007,(15)
1330,2021-08-23,Whse_J,Product_1,Category_007,(24)
1331,2021-08-24,Whse_J,Product_1,Category_007,(32)
1332,2021-08-25,Whse_J,Product_1,Category_007,(17)
1333,2021-08-26,Whse_J,Product_1,Category_007,(25)
1334,2021-08-27,Whse_J,Product_1,Category_007,(24)
1335,2021-08-28,Whse_J,Product_1,Category_007,(34)
1336,2021-08-29,Whse_J,Product_1,Category_007,(14)
1337,2021-08-30,Whse_J,Product_1,Category_007,(14)
1338,2021-08-31,Whse_J,Product_1,Category_007,(17)
1339,2021-09-01,Whse_J,Product_1,Category_007,(18)
1340,2021-09-02,Whse_J,Product_1,Category_007,(20)
1341,2021-09-03,Whse_J,Product_1,Category_007,(31)
1342,2021-09-04,Whse_J,Product_1,Category_021,(25)
1343,2021-09-05,Whse_J,Product_1,Category_021,(32)
1344,2021-09-06,Whse_J,Product_1,Category_021,(28)
1345,2021-09-07,Whse_J,Product_1,Category_021,(18)
1346,2021-09-08,Whse_J,Product_1,Category_024,(28)
1347,2021-09-09,Whse_J,Product_1,Category_024,(26)
1348,2021-09-10,Whse_J,Product_1,Category_024,(25)
1349,2021-09-11,Whse_J,Product_1,Category_024,(24)
1350,2021-09-12,Whse_J,Product_1,Category_024,(24)
1351,2021-09-13,Whse_J,Product_1,Category_001,(24)
1352,2021-09-14,Whse_J,Product_1,Category_001,(19)
1353,2021-09-15,Whse_J,Product_1,Category_001,(20)
1354,2021-09-16,Whse_J,Product_1,Category_001,(19)
1355,2021-09-17,Whse_J,Product_1,Category_001,(19)
1356,2021-09-18,Whse_J,Product_1,Category_001,(27)
1357,2021-09-19,Whse_J,Product_1,Category_001,(19)
1358,2021-09-20,Whse_J,Product_1,Category_001,(23)
1359,2021-09-21,Whse_J,Product_1,Category_001,(25)
1360,2021-09-22,Whse_J,Product_1,Category_001,(25)
1361,2021-09-23,Whse_J,Product_1,Category_001,(24)
1362,2021-09-24,Whse_J,Product_1,Category_001,(26)
1363,2021-09-25,Whse_J,Product_1,Category_001,(27)
1364,2021-09-26,Whse_J,Product_1,Category_001,(17)
1365,2021-09-27,Whse_J,Product_1,Category_001,(18)
1366,2021-09-28,Whse_J,Product_1,Category_001,(27)
1367,2021-09-29,Whse_J,Product_1,Category_001,(28)
1368,2021-09-30,Whse_J,Product_1,Category_001,(23)
1369,2021-10-01,Whse_J,Product_1,Category_001,(25)
1370,2021-10-02,Whse_J,Product_1,Category_001,(26)
1371,2021-10-03,Whse_J,Product_1,Category_005,(20)
1372,2021-10-04,Whse_J,Product_1,Category_005,(28)
1373,2021-10-05,Whse_J,Product_1,Category_005,(17)
1374,2021-10-06,Whse_J,Product_1,Category_005,(22)
1375,2021-10-07,Whse_J,Product_1,Category_005,(19)
1376,2021-10-08,Whse_J,Product_1,Category_005,(24)
1377,2021-10-09,Whse_J,Product_1,Category_005,(29)
1378,2021-10-10,Whse_J,Product_1,Category_005,(18)
1379,2021-10-11,Whse_J,Product_1,Category_005,(18)
1380,2021-10-12,Whse_J,Product_1,Category_005,(16)
1381,2021-10-13,Whse_J,Product_1,Category_005,(16)
1382,2021-10-14,Whse_J,Product_1,Category_005,(32)
1383,2021-10-15,Whse_J,Product_1,Category_005,(32)
1384,2021-10-16,Whse_J,Product_1,Category_005,(26)
1385,2021-10-17,Whse_J,Product_1,Category_005,(20)
1386,2021-10-18,Whse_J,Product_1,Category_005,(21)
1387,2021-10-19,Whse_J,Product_1,Category_005,(20)
1388,2021-10-20,Whse_J,Product_1,Category_005,(30)
1389,2021-10-21,Whse_J,Product_1,Category_005,(25)
1390,2021-10-22,Whse_J,Product_1,Category_005,(26)
1391,2021-10-23,Whse_J,Product_1,Category_005,(21)
1392,2021-10-24,Whse_J,Product_1,Category_005,(16)
1393,2021-10-25,Whse_J,Product_1,Category_005,(13)
1394,2021-10-26,Whse_J,Product_1,Category_005,(16)
1395,2021-10-27,Whse_J,Product_1,Category_005,(25)
1396,2021-10-28,Whse_J,Product_1,Category_005,(18)
1397,2021-10-29,Whse_J,Product_1,Category_005,(23)
1398,2021-10-30,Whse_J,Product_1,Category_005,(33)
1399,2021-10-31,Whse_J,Product_1,Category_005,(24)
1400,2021-11-01,Whse_J,Product_1,Category_005,(22)
1401,2021-11-02,Whse_J,Product_1,Category_005,(23)
1402,2021-11-03,Whse_J,Product_1,Category_005,(23)
1403,2021-11-04,Whse_J,Product_1,Category_005,(22)
1404,2021-11-05,Whse_J,Product_1,Category_005,(29)
1405,2021-11-06,Whse_J,Product_1,Category_005,(18)
1406,2021-11-07,Whse_J,Product_1,Category_005,(17)
1407,2021-11-08,Whse_J,Product_1,Category_005,(19)
1408,2021-11-09,Whse_J,Product_1,Category_019,(22)
1409,2021-11-10,Whse_J,Product_1,Category_019,(18)
1410,2021-11-11,Whse_J,Product_1,Category_019,(26)
1411,2021-11-12,Whse_J,Product_1,Category_019,(26)
1412,2021-11-13,Whse_J,Product_1,Category_019,(36)
1413,2021-11-14,Whse_J,Product_1,Category_019,(17)
1414,2021-11-15,Whse_J,Product_1,Category_019,(22)
1415,2021-11-16,Whse_J,Product_1,Category_019,(20)
1416,2021-11-17,Whse_J,Product_1,Category_019,(19)
1417,2021-11-18,Whse_J,Product_1,Category_019,(21)
1418,2021-11-19,Whse_J,Product_1,Category_019,(36)
1419,2021-11-20,Whse_J,Product_1,Category_019,(22)
1420,2021-11-21,Whse_J,Product_1,Category_019,(14)
1421,2021-11-22,Whse_J,Product_1,Category_019,(18)
1422,2021-11-23,Whse_J,Product_1,Category_019,(20)
1423,2021-11-24,Whse_J,Product_1,Category_019,(18)
1424,2021-11-25,Whse_J,Product_1,Category_019,(26)
1425,2021-11-26,Whse_J,Product_1,Category_019,(20)
1426,2021-11-27,Whse_J,Product_1,Category_019,(20)
1427,2021-11-28,Whse_J,Product_1,Category_019,(22)
1428,2021-11-29,Whse_J,Product_1,Category_019,(27)
1429,2021-11-30,Whse_J,Product_1,Category_019,(19)
1430,2021-12-01,Whse_J,Product_1,Category_019,(13)
1431,2021-12-02,Whse_J,Product_1,Category_019,(11)
1432,2021-12-03,Whse_J,Product_1,Category_019,(19)
1433,2021-12-04,Whse_J,Product_1,Category_019,(24)
1434,2021-12-05,Whse_J,Product_1,Category_019,(13)
1435,2021-12-06,Whse_J,Product_1,Category_019,(10)
1436,2021-12-07,Whse_J,Product_1,Category_019,(17)
1437,2021-12-08,Whse_J,Product_1,Category_019,(15)
1438,2021-12-09,Whse_J,Product_1,Category_019,(7)
1439,2021-12-10,Whse_J,Product_1,Category_019,(12)
1440,2021-12-11,Whse_J,Product_1,Category_019,(20)
1441,2021-12-12,Whse_J,Product_1,Category_019,(12)
1442,2021-12-13,Whse_J,Product_1,Category_019,(23)
1443,2021-12-14,Whse_J,Product_1,Category_019,(12)
1444,2021-12-15,Whse_J,Product_1,Category_019,(10)
1445,2021-12-16,Whse_J,Product_1,Category_019,(15)
1446,2021-12-17,Whse_J,Product_1,Category_019,(19)
1447,2021-12-18,Whse_J,Product_1,Category_019,(22)
1448,2021-12-19,Whse_J,Product_1,Category_019,(17)
1449,2021-12-20,Whse_J,Product_1,Category_019,(18)
1450,2021-12-21,Whse_J,Product_1,Category_019,(12)
1451,2021-12-22,Whse_J,Product_1,Category_019,(20)
1452,2021-12-23,Whse_J,Product_1,Category_019,(21)
1453,2021-12-24,Whse_J,Product_1,Category_019,(13)
1454,2021-12-25,Whse_J,Product_1,Category_019,(20)
1455,2021-12-26,Whse_J,Product_1,Category_019,(16)
1456,2021-12-27,Whse_J,Product_1,Category_019,(10)
1457,2021-12-28,Whse_J,Product_1,Category_019,(16)
1458,2021-12-29,Whse_J,Product_1,Category_019,(21)
1459,2021-12-30,Whse_J,Product_1,Category_019,(24)
1460,2021-12-31,Whse_J,Product_1,Category_019,(14)
1461,2022-01-01,Whse_J,Product_1,Category_019,(19)
1462,2022-01-02,Whse_J,Product_1,Category_019,(15)
1463,2022-01-03,Whse_J,Product_1,Category_019,(10)
1464,2022-01-04,Whse_J,Product_1,Category_019,(16)
1465,2022-01-05,Whse_J,Product_1,Category_019,(14)
1466,2022-01-06,Whse_J,Product_1,Category_019,(24)
1467,2022-01-07,Whse_J,Product_1,Category_019,(14)
1468,2022-01-08,Whse_J,Product_1,Category_019,(20)
1469,2022-01-09,Whse_J,Product_1,Category_019,(18)
1470,2022-01-10,Whse_J,Product_1,Category_019,(11)
1471,2022-01-11,Whse_J,Product_1,Category_019,(14)
1472,2022-01-12,Whse_J,Product_1,Category_019,(17)
1473,2022-01-13,Whse_J,Product_1,Category_019,(7)
1474,2022-01-14,Whse_J,Product_1,Category_019,(16)
1475,2022-01-15,Whse_J,Product_1,Category_019,(29)
1476,2022-01-16,Whse_J,Product_1,Category_019,(15)
1477,2022-01-17,Whse_J,Product_1,Category_019,(14)
1478,2022-01-18,Whse_J,Product_1,Category_019,(10)
1479,2022-01-19,Whse_J,Product_1,Category_019,(16)
1480,2022-01-20,Whse_J,Product_1,Category_019,(22)
1481,2022-01-21,Whse_J,Product_1,Category_019,(13)
1482,2022-01-22,Whse_J,Product_1,Category_019,(21)
1483,2022-01-23,Whse_J,Product_1,Category_019,(9)
1484,2022-01-24,Whse_J,Product_1,Category_019,(18)
1485,2022-01-25,Whse_J,Product_1,Category_019,(14)
1486,2022-01-26,Whse_J,Product_1,Category_019,(13)
1487,2022-01-27,Whse_J,Product_1,Category_019,(10)
1488,2022-01-28,Whse_J,Product_1,Category_019,(16)
1489,2022-01-29,Whse_J,Product_1,Category_019,(24)
1490,2022-01-30,Whse_J,Product_1,Category_019,(9)
1491,2022-01-31,Whse_J,Product_1,Category_019,(17)
1492,2022-02-01,Whse_J,Product_1,Category_019,(15)
1493,2022-02-02,Whse_J,Product_1,Category_019,(17)
1494,2022-02-03,Whse_J,Product_1,Category_019,(24)
1495,2022-02-04,Whse_J,Product_1,Category_019,(25)
1496,2022-02-05,Whse_J,Product_1,Category_019,(25)
1497,2022-02-06,Whse_J,Product_1,Category_019,(16)
1498,2022-02-07,Whse_J,Product_1,Category_019,(12)
1499,2022-02-08,Whse_J,Product_1,Category_019,(20)
1500,2022-02-09,Whse_J,Product_1,Category_019,(16)
1501,2022-02-10,Whse_J,Product_1,Category_019,(16)
1502,2022-02-11,Whse_J,Product_1,Category_019,(18)
1503,2022-02-12,Whse_J,Product_1,Category_019,(19)
1504,2022-02-13,Whse_J,Product_1,Category_019,(11)
1505,2022-02-14,Whse_J,Product_1,Category_019,(15)
1506,2022-02-15,Whse_J,Product_1,Category_019,(22)
1507,2022-02-16,Whse_J,Product_1,Category_019,(11)
1508,2022-02-17,Whse_J,Product_1,Category_019,(17)
1509,2022-02-18,Whse_J,Product_1,Category_019,(22)
1510,2022-02-19,Whse_J,Product_1,Category_019,(18)
1511,2022-02-20,Whse_J,Product_1,Category_019,(5)
1512,2022-02-21,Whse_J,Product_1,Category_019,(14)
1513,2022-02-22,Whse_J,Product_1,Category_019,(12)
1514,2022-02-23,Whse_J,Product_1,Category_019,(26)
1515,2022-02-24,Whse_J,Product_1,Category_019,(15)
1516,2022-02-25,Whse_J,Product_1,Category_019,(16)
1517,2022-02-26,Whse_J,Product_1,Category_019,(28)
1518,2022-02-27,Whse_J,Product_1,Category_019,(12)
1519,2022-02-28,Whse_J,Product_1,Category_019,(20)
1520,2022-03-01,Whse_J,Product_1,Category_019,(16)
1521,2022-03-02,Whse_J,Product_1,Category_019,(23)
1522,2022-03-03,Whse_J,Product_1,Category_019,(22)
1523,2022-03-04,Whse_J,Product_1,Category_019,(13)
1524,2022-03-05,Whse_J,Product_1,Category_019,(25)
1525,2022-03-06,Whse_J,Product_1,Category_019,(11)
1526,2022-03-07,Whse_J,Product_1,Category_019,(14)
1527,2022-03-08,Whse_J,Product_1,Category_019,(17)
1528,2022-03-09,Whse_J,Product_1,Category_019,(16)
1529,2022-03-10,Whse_J,Product_1,Category_019,(18)
1530,2022-03-11,Whse_J,Product_1,Category_019,(15)
1531,2022-03-12,Whse_J,Product_1,Category_019,(21)
1532,2022-03-13,Whse_J,Product_1,Category_019,(14)
1533,2022-03-14,Whse_J,Product_1,Category_019,(24)
1534,2022-03-15,Whse_J,Product_1,Category_019,(22)
1535,2022-03-16,Whse_J,Product_1,Category_019,(23)
1536,2022-03-17,Whse_J,Product_1,Category_019,(17)
1537,2022-03-18,Whse_J,Product_1,Category_019,(20)
1538,2022-03-19,Whse_J,Product_1,Category_019,(25)
1539,2022-03-20,Whse_J,Product_1,Category_019,(14)
1540,2022-03-21,Whse_J,Product_1,Category_019,(13)
1541,2022-03-22,Whse_J,Product_1,Category_019,(23)
1542,2022-03-23,Whse_J,Product_1,Category_019,(18)
1543,2022-03-24,Whse_J,Product_1,Category_019,(19)
1544,2022-03-25,Whse_J,Product_1,Category_019,(20)
1545,2022-03-26,Whse_J,Product_1,Category_019,(17)
1546,2022-03-27,Whse_J,Product_1,Category_019,(21)
1547,2022-03-28,Whse_J,Product_1,Category_019,(13)
1548,2022-03-29,Whse_J,Product_1,Category_019,(12)
1549,2022-03-30,Whse_J,Product_1,Category_019,(22)
1550,2022-03-31,Whse_J,Product_1,Category_019,(13)
1551,2022-04-01,Whse_J,Product_1,Category_019,(26)
1552,2022-04-02,Whse_J,Product_1,Category_019,(21)
1553,2022-04-03,Whse_J,Product_1,Category_019,(17)
1554,2022-04-04,Whse_J,Product_1,Category_019,(22)
1555,2022-04-05,Whse_J,Product_1,Category_019,(21)
1556,2022-04-06,Whse_J,Product_1,Category_019,(25)
1557,2022-04-07,Whse_J,Product_1,Category_019,(25)
1558,2022-04-08,Whse_J,Product_1,Category_019,(23)
1559,2022-04-09,Whse_J,Product_1,Category_019,(20)
1560,2022-04-10,Whse_J,Product_1,Category_019,(19)
1561,2022-04-11,Whse_J,Product_1,Category_019,(21)
1562,2022-04-12,Whse_J,Product_1,Category_019,(17)
1563,2022-04-13,Whse_J,Product_1,Category_019,(25)
1564,2022-04-14,Whse_J,Product_1,Category_019,(15)
1565,2022-04-15,Whse_J,Product_1,Category_019,(20)
1566,2022-04-16,Whse_J,Product_1,Category_019,(32)
1567,2022-04-17,Whse_J,Product_1,Category_019,(13)
1568,2022-04-18,Whse_J,Product_1,Category_019,(21)
1569,2022-04-19,Whse_J,Product_1,Category_019,(19)
1570,2022-04-20,Whse_J,Product_1,Category_019,(26)
1571,2022-04-21,Whse_J,Product_1,Category_019,(27)
1572,2022-04-22,Whse_J,Product_1,Category_019,(19)
1573,2022-04-23,Whse_J,Product_1,Category_019,(22)
1574,2022-04-24,Whse_J,Product_1,Category_019,(17)
1575,2022-04-25,Whse_J,Product_1,Category_019,(26)
1576,2022-04-26,Whse_J,Product_1,Category_019,(22)
1577,2022-04-27,Whse_J,Product_1,Category_019,(26)
1578,2022-04-28,Whse_J,Product_1,Category_019,(25)
1579,2022-04-29,Whse_J,Product_1,Category_019,(32)
1580,2022-04-30,Whse_J,Product_1,Category_019,(33)
1581,2022-05-01,Whse_J,Product_1,Category_019,(15)
1582,2022-05-02,Whse_J,Product_1,Category_019,(21)
1583,2022-05-03,Whse_J,Product_1,Category_019,(29)
1584,2022-05-04,Whse_J,Product_1,Category_019,(19)
1585,2022-05-05,Whse_J,Product_1,Category_019,(28)
1586,2022-05-06,Whse_J,Product_1,Category_019,(34)
1587,2022-05-07,Whse_J,Product_1,Category_019,(31)
1588,2022-05-08,Whse_J,Product_1,Category_019,(24)
1589,2022-05-09,Whse_J,Product_1,Category_019,(32)
1590,2022-05-10,Whse_J,Product_1,Category_019,(17)
1591,2022-05-11,Whse_J,Product_1,Category_019,(18)
1592,2022-05-12,Whse_J,Product_1,Category_019,(26)
1593,2022-05-13,Whse_J,Product_1,Category_019,(25)
1594,2022-05-14,Whse_J,Product_1,Category_019,(32)
1595,2022-05-15,Whse_J,Product_1,Category_019,(17)
1596,2022-05-16,Whse_J,Product_1,Category_019,(24)
1597,2022-05-17,Whse_J,Product_1,Category_019,(16)
1598,2022-05-18,Whse_J,Product_1,Category_019,(32)
1599,2022-05-19,Whse_J,Product_1,Category_019,(35)
1600,2022-05-20,Whse_J,Product_1,Category_019,(34)
1601,2022-05-21,Whse_J,Product_1,Category_019,(25)
1602,2022-05-22,Whse_J,Product_1,Category_019,(20)
1603,2022-05-23,Whse_J,Product_1,Category_019,(15)
1604,2022-05-24,Whse_J,Product_1,Category_019,(30)
1605,2022-05-25,Whse_J,Product_1,Category_019,(22)
1606,2022-05-26,Whse_J,Product_1,Category_019,(24)
1607,2022-05-27,Whse_J,Product_1,Category_019,(35)
1608,2022-05-28,Whse_J,Product_1,Category_019,(33)
1609,2022-05-29,Whse_J,Product_1,Category_011,(23)
1610,2022-05-30,Whse_J,Product_1,Category_024,(17)
1611,2022-05-31,Whse_J,Product_1,Category_019,(20)
1612,2022-06-01,Whse_J,Product_1,Category_019,(29)
1613,2022-06-02,Whse_J,Product_1,Category_019,(25)
1614,2022-06-03,Whse_J,Product_1,Category_019,(36)
1615,2022-06-04,Whse_J,Product_1,Category_019,(27)
1616,2022-06-05,Whse_J,Product_1,Category_019,(22)
1617,2022-06-06,Whse_J,Product_1,Category_019,(22)
1618,2022-06-07,Whse_J,Product_1,Category_019,(29)
1619,2022-06-08,Whse_J,Product_1,Category_019,(26)
1620,2022-06-09,Whse_J,Product_1,Category_019,(16)
1621,2022-06-10,Whse_J,Product_1,Category_019,(41)
1622,2022-06-11,Whse_J,Product_1,Category_019,(28)
1623,2022-06-12,Whse_J,Product_1,Category_019,(23)
1624,2022-06-13,Whse_J,Product_1,Category_019,(26)
1625,2022-06-14,Whse_J,Product_1,Category_019,(32)
1626,2022-06-15,Whse_J,Product_1,Category_019,(30)
1627,2022-06-16,Whse_J,Product_1,Category_019,(26)
1628,2022-06-17,Whse_J,Product_1,Category_019,(31)
1629,2022-06-18,Whse_J,Product_1,Category_019,(38)
1630,2022-06-19,Whse_J,Product_1,Category_019,(30)
1631,2022-06-20,Whse_J,Product_1,Category_019,(22)
1632,2022-06-21,Whse_J,Product_1,Category_019,(26)
1633,2022-06-22,Whse_J,Product_1,Category_019,(24)
1634,2022-06-23,Whse_J,Product_1,Category_019,(26)
1635,2022-06-24,Whse_J,Product_1,Category_019,(30)
1636,2022-06-25,Whse_J,Product_1,Category_019,(26)
1637,2022-06-26,Whse_J,Product_1,Category_019,(21)
1638,2022-06-27,Whse_J,Product_1,Category_019,(32)
1639,2022-06-28,Whse_J,Product_1,Category_019,(50)
1640,2022-06-29,Whse_J,Product_1,Category_019,(28)
1641,2022-06-30,Whse_J,Product_1,Category_019,(28)
1642,2022-07-01,Whse_J,Product_1,Category_005,(31)
1643,2022-07-02,Whse_J,Product_1,Category_005,(38)
1644,2022-07-03,Whse_J,Product_1,Category_005,(18)
1645,2022-07-04,Whse_J,Product_1,Category_005,(23)
1646,2022-07-05,Whse_J,Product_1,Category_005,(23)
1647,2022-07-06,Whse_J,Product_1,Category_005,(31)
1648,2022-07-07,Whse_J,Product_1,Category_005,(32)
1649,2022-07-08,Whse_J,Product_1,Category_005,(27)
1650,2022-07-09,Whse_J,Product_1,Category_005,(32)
1651,2022-07-10,Whse_J,Product_1,Category_005,(16)
1652,2022-07-11,Whse_J,Product_1,Category_005,(23)
1653,2022-07-12,Whse_J,Product_1,Category_005,(29)
1654,2022-07-13,Whse_J,Product_1,Category_005,(22)
1655,2022-07-14,Whse_J,Product_1,Category_005,(38)
1656,2022-07-15,Whse_J,Product_1,Category_005,(40)
1657,2022-07-16,Whse_J,Product_1,Category_005,(36)
1658,2022-07-17,Whse_J,Product_1,Category_005,(20)
1659,2022-07-18,Whse_J,Product_1,Category_005,(26)
1660,2022-07-19,Whse_J,Product_1,Category_005,(24)
1661,2022-07-20,Whse_J,Product_1,Category_005,(37)
1662,2022-07-21,Whse_J,Product_1,Category_005,(27)
1663,2022-07-22,Whse_J,Product_1,Category_005,(35)
1664,2022-07-23,Whse_J,Product_1,Category_005,(32)
1665,2022-07-24,Whse_J,Product_1,Category_005,(27)
1666,2022-07-25,Whse_J,Product_1,Category_005,(20)
1667,2022-07-26,Whse_J,Product_1,Category_005,(28)
1668,2022-07-27,Whse_J,Product_1,Category_005,(35)
1669,2022-07-28,Whse_J,Product_1,Category_005,(25)
1670,2022-07-29,Whse_J,Product_1,Category_005,(30)
1671,2022-07-30,Whse_J,Product_1,Category_005,(26)
1672,2022-07-31,Whse_J,Product_1,Category_005,(22)
1673,2022-08-01,Whse_J,Product_1,Category_005,(18)
1674,2022-08-02,Whse_J,Product_1,Category_005,(19)
1675,2022-08-03,Whse_J,Product_1,Category_005,(25)
1676,2022-08-04,Whse_J,Product_1,Category_005,(26)
1677,2022-08-05,Whse_J,Product_1,Category_005,(35)
1678,2022-08-06,Whse_J,Product_1,Category_005,(29)
1679,2022-08-07,Whse_J,Product_1,Category_005,(20)
1680,2022-08-08,Whse_J,Product_1,Category_005,(28)
1681,2022-08-09,Whse_J,Product_1,Category_005,(28)
1682,2022-08-10,Whse_J,Product_1,Category_005,(31)
1683,2022-08-11,Whse_J,Product_1,Category_005,(25)
1684,2022-08-12,Whse_J,Product_1,Category_005,(32)
1685,2022-08-13,Whse_J,Product_1,Category_005,(32)
1686,2022-08-14,Whse_J,Product_1,Category_005,(26)
1687,2022-08-15,Whse_J,Product_1,Category_005,(18)
1688,2022-08-16,Whse_J,Product_1,Category_005,(24)
1689,2022-08-17,Whse_J,Product_1,Category_005,(21)
1690,2022-08-18,Whse_J,Product_1,Category_005,(35)
1691,2022-08-19,Whse_J,Product_1,Category_005,(29)
1692,2022-08-20,Whse_J,Product_1,Category_005,(27)
1693,2022-08-21,Whse_J,Product_1,Category_005,(19)
1694,2022-08-22,Whse_J,Product_1,Category_005,(28)
1695,2022-08-23,Whse_J,Product_1,Category_005,(26)
1696,2022-08-24,Whse_J,Product_1,Category_005,(15)
1697,2022-08-25,Whse_J,Product_1,Category_005,(30)
1698,2022-08-26,Whse_J,Product_1,Category_005,(38)
1699,2022-08-27,Whse_J,Product_1,Category_005,(26)
1700,2022-08-28,Whse_J,Product_1,Category_005,(15)
1701,2022-08-29,Whse_J,Product_1,Category_005,(21)
1702,2022-08-30,Whse_J,Product_1,Category_005,(22)
1703,2022-08-31,Whse_J,Product_1,Category_005,(26)
1704,2022-09-01,Whse_J,Product_1,Category_005,(38)
1705,2022-09-02,Whse_J,Product_1,Category_005,(26)
1706,2022-09-03,Whse_J,Product_1,Category_005,(23)
1707,2022-09-04,Whse_J,Product_1,Category_005,(12)
1708,2022-09-05,Whse_J,Product_1,Category_005,(26)
1709,2022-09-06,Whse_J,Product_1,Category_005,(24)
1710,2022-09-07,Whse_J,Product_1,Category_005,(29)
1711,2022-09-08,Whse_J,Product_1,Category_005,(28)
1712,2022-09-09,Whse_J,Product_1,Category_005,(28)
1713,2022-09-10,Whse_J,Product_1,Category_005,(30)
1714,2022-09-11,Whse_J,Product_1,Category_005,(16)
1715,2022-09-12,Whse_J,Product_1,Category_005,(20)
1716,2022-09-13,Whse_J,Product_1,Category_005,(13)
1717,2022-09-14,Whse_J,Product_1,Category_005,(26)
1718,2022-09-15,Whse_J,Product_1,Category_005,(28)
1719,2022-09-16,Whse_J,Product_1,Category_005,(27)
1720,2022-09-17,Whse_J,Product_1,Category_005,(30)
1721,2022-09-18,Whse_J,Product_1,Category_005,(22)
1722,2022-09-19,Whse_J,Product_1,Category_005,(21)
1723,2022-09-20,Whse_J,Product_1,Category_019,(20)
1724,2022-09-21,Whse_J,Product_1,Category_019,(20)
1725,2022-09-22,Whse_J,Product_1,Category_019,(28)
1726,2022-09-23,Whse_J,Product_1,Category_019,(37)
1727,2022-09-24,Whse_J,Product_1,Category_019,(24)
1728,2022-09-25,Whse_J,Product_1,Category_019,(14)
1729,2022-09-26,Whse_J,Product_1,Category_019,(18)
1730,2022-09-27,Whse_J,Product_1,Category_019,(27)
1731,2022-09-28,Whse_J,Product_1,Category_019,(23)
1732,2022-09-29,Whse_J,Product_1,Category_019,(28)
1733,2022-09-30,Whse_J,Product_1,Category_019,(30)
1734,2022-10-01,Whse_J,Product_1,Category_019,(21)
1735,2022-10-02,Whse_J,Product_1,Category_019,(12)
1736,2022-10-03,Whse_J,Product_1,Category_019,(18)
1737,2022-10-04,Whse_J,Product_1,Category_019,(15)
1738,2022-10-05,Whse_J,Product_1,Category_019,(20)
1739,2022-10-06,Whse_J,Product_1,Category_019,(19)
1740,2022-10-07,Whse_J,Product_1,Category_019,(22)
1741,2022-10-08,Whse_J,Product_1,Category_019,(19)
1742,2022-10-09,Whse_J,Product_1,Category_019,(9)
1743,2022-10-10,Whse_J,Product_1,Category_019,(23)
1744,2022-10-11,Whse_J,Product_1,Category_019,(14)
1745,2022-10-12,Whse_J,Product_1,Category_019,(24)
1746,2022-10-13,Whse_J,Product_1,Category_019,(23)
1747,2022-10-14,Whse_J,Product_1,Category_019,(26)
1748,2022-10-15,Whse_J,Product_1,Category_019,(28)
1749,2022-10-16,Whse_J,Product_1,Category_019,(19)
1750,2022-10-17,Whse_J,Product_1,Category_019,(17)
1751,2022-10-18,Whse_J,Product_1,Category_019,(15)
1752,2022-10-19,Whse_J,Product_1,Category_019,(26)
1753,2022-10-20,Whse_J,Product_1,Category_019,(22)
1754,2022-10-21,Whse_J,Product_1,Category_019,(26)
1755,2022-10-22,Whse_J,Product_1,Category_019,(32)
1756,2022-10-23,Whse_J,Product_1,Category_019,(20)
1757,2022-10-24,Whse_J,Product_1,Category_019,(23)
1758,2022-10-25,Whse_J,Product_1,Category_019,(22)
1759,2022-10-26,Whse_J,Product_1,Category_019,(28)
1760,2022-10-27,Whse_J,Product_1,Category_019,(20)
1761,2022-10-28,Whse_J,Product_1,Category_019,(22)
1762,2022-10-29,Whse_J,Product_1,Category_019,(29)
1763,2022-10-30,Whse_J,Product_1,Category_019,(22)
1764,2022-10-31,Whse_J,Product_1,Category_019,(24)
1765,2022-11-01,Whse_J,Product_1,Category_019,(16)
1766,2022-11-02,Whse_J,Product_1,Category_019,(21)
1767,2022-11-03,Whse_J,Product_1,Category_019,(18)
1768,2022-11-04,Whse_J,Product_1,Category_019,(34)
1769,2022-11-05,Whse_J,Product_1,Category_019,(23)
1770,2022-11-06,Whse_J,Product_1,Category_019,(17)
1771,2022-11-07,Whse_J,Product_1,Category_019,(23)
1772,2022-11-08,Whse_J,Product_1,Category_019,(14)
1773,2022-11-09,Whse_J,Product_1,Category_019,(21)
1774,2022-11-10,Whse_J,Product_1,Category_019,(19)
1775,2022-11-11,Whse_J,Product_1,Category_019,(24)
1776,2022-11-12,Whse_J,Product_1,Category_019,(27)
1777,2022-11-13,Whse_J,Product_1,Category_019,(22)
1778,2022-11-14,Whse_J,Product_1,Category_019,(16)
1779,2022-11-15,Whse_J,Product_1,Category_019,(19)
1780,2022-11-16,Whse_J,Product_1,Category_019,(22)
1781,2022-11-17,Whse_J,Product_1,Category_019,(25)
1782,2022-11-18,Whse_J,Product_1,Category_019,(31)
1783,2022-11-19,Whse_J,Product_1,Category_019,(32)
1784,2022-11-20,Whse_J,Product_1,Category_019,(21)
1785,2022-11-21,Whse_J,Product_1,Category_019,(29)
1786,2022-11-22,Whse_J,Product_1,Category_019,(27)
1787,2022-11-23,Whse_J,Product_1,Category_019,(25)
1788,2022-11-24,Whse_J,Product_1,Category_019,(22)
1789,2022-11-25,Whse_J,Product_1,Category_019,(29)
1790,2022-11-26,Whse_J,Product_1,Category_019,(24)
1791,2022-11-27,Whse_J,Product_1,Category_019,(10)
1792,2022-11-28,Whse_J,Product_1,Category_019,(14)
1793,2022-11-29,Whse_J,Product_1,Category_019,(28)
1794,2022-11-30,Whse_J,Product_1,Category_019,(15)
1795,2022-12-01,Whse_J,Product_1,Category_019,(19)
1796,2022-12-02,Whse_J,Product_1,Category_019,(16)
1797,2022-12-03,Whse_J,Product_1,Category_019,(31)
1798,2022-12-04,Whse_J,Product_1,Category_019,(7)
1799,2022-12-05,Whse_J,Product_1,Category_019,(20)
1800,2022-12-06,Whse_J,Product_1,Category_019,(17)
1801,2022-12-07,Whse_J,Product_1,Category_019,(18)
1802,2022-12-08,Whse_J,Product_1,Category_019,(17)
1803,2022-12-09,Whse_J,Product_1,Category_019,(27)
1804,2022-12-10,Whse_J,Product_1,Category_019,(20)
1805,2022-12-11,Whse_J,Product_1,Category_019,(20)
1806,2022-12-12,Whse_J,Product_1,Category_019,(13)
1807,2022-12-13,Whse_J,Product_1,Category_019,(17)
1808,2022-12-14,Whse_J,Product_1,Category_019,(14)
1809,2022-12-15,Whse_J,Product_1,Category_019,(16)
1810,2022-12-16,Whse_J,Product_1,Category_019,(15)
1811,2022-12-17,Whse_J,Product_1,Category_019,(22)
1812,2022-12-18,Whse_J,Product_1,Category_019,(19)
1813,2022-12-19,Whse_J,Product_1,Category_019,(7)
1814,2022-12-20,Whse_J,Product_1,Category_019,(16)
1815,2022-12-21,Whse_J,Product_1,Category_019,(12)
1816,2022-12-22,Whse_J,Product_1,Category_019,(6)
1817,2022-12-23,Whse_J,Product_1,Category_019,(18)
1818,2022-12-24,Whse_J,Product_1,Category_019,(19)
1819,2022-12-25,Whse_J,Product_1,Category_019,(13)
1820,2022-12-26,Whse_J,Product_1,Category_019,(16)
1821,2022-12-27,Whse_J,Product_1,Category_019,(14)
1822,2022-12-28,Whse_J,Product_1,Category_019,(19)
1823,2022-12-29,Whse_J,Product_1,Category_019,(15)
1824,2022-12-30,Whse_J,Product_1,Category_019,(27)
1825,2022-12-31,Whse_J,Product_1,Category_019,(23)
1826,2018-01-01,Whse_A,Product_1,Category_019,(12)
1827,2018-01-02,Whse_A,Product_1,Category_019,(16)
1828,2018-01-03,Whse_A,Product_1,Category_019,(16)
1829,2018-01-04,Whse_A,Product_1,Category_019,(20)
1830,2018-01-05,Whse_A,Product_1,Category_019,(16)
1831,2018-01-06,Whse_A,Product_1,Category_019,(18)
1832,2018-01-07,Whse_A,Product_1,Category_019,(12)
1833,2018-01-08,Whse_A,Product_1,Category_019,(11)
1834,2018-01-09,Whse_A,Product_1,Category_019,(16)
1835,2018-01-10,Whse_A,Product_1,Category_019,(10)
1836,2018-01-11,Whse_A,Product_1,Category_019,(15)
1837,2018-01-12,Whse_A,Product_1,Category_019,(22)
1838,2018-01-13,Whse_A,Product_1,Category_019,(30)
1839,2018-01-14,Whse_A,Product_1,Category_019,(14)
1840,2018-01-15,Whse_A,Product_1,Category_019,(17)
1841,2018-01-16,Whse_A,Product_1,Category_019,(14)
1842,2018-01-17,Whse_A,Product_1,Category_019,(14)
1843,2018-01-18,Whse_A,Product_1,Category_019,(12)
1844,2018-01-19,Whse_A,Product_1,Category_019,(18)
1845,2018-01-20,Whse_A,Product_1,Category_019,(24)
1846,2018-01-21,Whse_A,Product_1,Category_019,(13)
1847,2018-01-22,Whse_A,Product_1,Category_019,(11)
1848,2018-01-23,Whse_A,Product_1,Category_019,(19)
1849,2018-01-24,Whse_A,Product_1,Category_019,(14)
1850,2018-01-25,Whse_A,Product_1,Category_019,(17)
1851,2018-01-26,Whse_A,Product_1,Category_019,(14)
1852,2018-01-27,Whse_A,Product_1,Category_019,(12)
1853,2018-01-28,Whse_A,Product_1,Category_019,(15)
1854,2018-01-29,Whse_A,Product_1,Category_019,(18)
1855,2018-01-30,Whse_A,Product_1,Category_019,(10)
1856,2018-01-31,Whse_A,Product_1,Category_019,(16)
1857,2018-02-01,Whse_A,Product_1,Category_019,(16)
1858,2018-02-02,Whse_A,Product_1,Category_001,(23)
1859,2018-02-03,Whse_A,Product_1,Category_001,(14)
1860,2018-02-04,Whse_A,Product_1,Category_001,(18)
1861,2018-02-05,Whse_A,Product_1,Category_001,(16)
1862,2018-02-06,Whse_A,Product_1,Category_001,(12)
1863,2018-02-07,Whse_A,Product_1,Category_001,(19)
1864,2018-02-08,Whse_A,Product_1,Category_001,(13)
1865,2018-02-09,Whse_A,Product_1,Category_001,(15)
1866,2018-02-10,Whse_A,Product_1,Category_001,(21)
1867,2018-02-11,Whse_A,Product_1,Category_001,(11)
1868,2018-02-12,Whse_A,Product_1,Category_001,(14)
1869,2018-02-13,Whse_A,Product_1,Category_001,(19)
1870,2018-02-14,Whse_A,Product_1,Category_001,(14)
1871,2018-02-15,Whse_A,Product_1,Category_001,(17)
1872,2018-02-16,Whse_A,Product_1,Category_001,(25)
1873,2018-02-17,Whse_A,Product_1,Category_001,(26)
1874,2018-02-18,Whse_A,Product_1,Category_001,(13)
1875,2018-02-19,Whse_A,Product_1,Category_001,(22)
1876,2018-02-20,Whse_A,Product_1,Category_001,(21)
1877,2018-02-21,Whse_A,Product_1,Category_001,(9)
1878,2018-02-22,Whse_A,Product_1,Category_001,(21)
1879,2018-02-23,Whse_A,Product_1,Category_001,(15)
1880,2018-02-24,Whse_A,Product_1,Category_001,(20)
1881,2018-02-25,Whse_A,Product_1,Category_001,(17)
1882,2018-02-26,Whse_A,Product_1,Category_001,(16)
1883,2018-02-27,Whse_A,Product_1,Category_001,(11)
1884,2018-02-28,Whse_A,Product_1,Category_001,(22)
1885,2018-03-01,Whse_A,Product_1,Category_001,(27)
1886,2018-03-02,Whse_A,Product_1,Category_001,(23)
1887,2018-03-03,Whse_A,Product_1,Category_001,(29)
1888,2018-03-04,Whse_A,Product_1,Category_001,(25)
1889,2018-03-05,Whse_A,Product_1,Category_001,(13)
1890,2018-03-06,Whse_A,Product_1,Category_001,(21)
1891,2018-03-07,Whse_A,Product_1,Category_001,(19)
1892,2018-03-08,Whse_A,Product_1,Category_001,(20)
1893,2018-03-09,Whse_A,Product_1,Category_001,(31)
1894,2018-03-10,Whse_A,Product_1,Category_001,(32)
1895,2018-03-11,Whse_A,Product_1,Category_001,(17)
1896,2018-03-12,Whse_A,Product_1,Category_001,(20)
1897,2018-03-13,Whse_A,Product_1,Category_001,(22)
1898,2018-03-14,Whse_A,Product_1,Category_001,(17)
1899,2018-03-15,Whse_A,Product_1,Category_001,(17)
1900,2018-03-16,Whse_A,Product_1,Category_001,(23)
1901,2018-03-17,Whse_A,Product_1,Category_001,(20)
1902,2018-03-18,Whse_A,Product_1,Category_001,(12)
1903,2018-03-19,Whse_A,Product_1,Category_001,(17)
1904,2018-03-20,Whse_A,Product_1,Category_001,(20)
1905,2018-03-21,Whse_A,Product_1,Category_001,(25)
1906,2018-03-22,Whse_A,Product_1,Category_001,(28)
1907,2018-03-23,Whse_A,Product_1,Category_001,(30)
1908,2018-03-24,Whse_A,Product_1,Category_001,(30)
1909,2018-03-25,Whse_A,Product_1,Category_001,(17)
1910,2018-03-26,Whse_A,Product_1,Category_001,(23)
1911,2018-03-27,Whse_A,Product_1,Category_001,(17)
1912,2018-03-28,Whse_A,Product_1,Category_001,(21)
1913,2018-03-29,Whse_A,Product_1,Category_001,(21)
1914,2018-03-30,Whse_A,Product_1,Category_001,(26)
1915,2018-03-31,Whse_A,Product_1,Category_001,(23)
1916,2018-04-01,Whse_A,Product_1,Category_001,(16)
1917,2018-04-02,Whse_A,Product_1,Category_001,(29)
1918,2018-04-03,Whse_A,Product_1,Category_001,(34)
1919,2018-04-04,Whse_A,Product_1,Category_001,(30)
1920,2018-04-05,Whse_A,Product_1,Category_001,(23)
1921,2018-04-06,Whse_A,Product_1,Category_001,(28)
1922,2018-04-07,Whse_A,Product_1,Category_001,(32)
1923,2018-04-08,Whse_A,Product_1,Category_001,(15)
1924,2018-04-09,Whse_A,Product_1,Category_001,(23)
1925,2018-04-10,Whse_A,Product_1,Category_001,(16)
1926,2018-04-11,Whse_A,Product_1,Category_001,(26)
1927,2018-04-12,Whse_A,Product_1,Category_001,(22)
1928,2018-04-13,Whse_A,Product_1,Category_001,(26)
1929,2018-04-14,Whse_A,Product_1,Category_001,(39)
1930,2018-04-15,Whse_A,Product_1,Category_001,(17)
1931,2018-04-16,Whse_A,Product_1,Category_001,(19)
1932,2018-04-17,Whse_A,Product_1,Category_005,(25)
1933,2018-04-18,Whse_A,Product_1,Category_005,(28)
1934,2018-04-19,Whse_A,Product_1,Category_005,(29)
1935,2018-04-20,Whse_A,Product_1,Category_005,(29)
1936,2018-04-21,Whse_A,Product_1,Category_005,(22)
1937,2018-04-22,Whse_A,Product_1,Category_005,(17)
1938,2018-04-23,Whse_A,Product_1,Category_005,(19)
1939,2018-04-24,Whse_A,Product_1,Category_005,(21)
1940,2018-04-25,Whse_A,Product_1,Category_005,(31)
1941,2018-04-26,Whse_A,Product_1,Category_005,(29)
1942,2018-04-27,Whse_A,Product_1,Category_005,(25)
1943,2018-04-28,Whse_A,Product_1,Category_005,(20)
1944,2018-04-29,Whse_A,Product_1,Category_005,(21)
1945,2018-04-30,Whse_A,Product_1,Category_005,(32)
1946,2018-05-01,Whse_A,Product_1,Category_005,(29)
1947,2018-05-02,Whse_A,Product_1,Category_005,(30)
1948,2018-05-03,Whse_A,Product_1,Category_005,(28)
1949,2018-05-04,Whse_A,Product_1,Category_005,(29)
1950,2018-05-05,Whse_A,Product_1,Category_005,(32)
1951,2018-05-06,Whse_A,Product_1,Category_005,(20)
1952,2018-05-07,Whse_A,Product_1,Category_005,(21)
1953,2018-05-08,Whse_A,Product_1,Category_005,(29)
1954,2018-05-09,Whse_A,Product_1,Category_005,(25)
1955,2018-05-10,Whse_A,Product_1,Category_005,(35)
1956,2018-05-11,Whse_A,Product_1,Category_005,(23)
1957,2018-05-12,Whse_A,Product_1,Category_005,(38)
1958,2018-05-13,Whse_A,Product_1,Category_005,(20)
1959,2018-05-14,Whse_A,Product_1,Category_005,(30)
1960,2018-05-15,Whse_A,Product_1,Category_005,(26)
1961,2018-05-16,Whse_A,Product_1,Category_005,(26)
1962,2018-05-17,Whse_A,Product_1,Category_005,(45)
1963,2018-05-18,Whse_A,Product_1,Category_005,(28)
1964,2018-05-19,Whse_A,Product_1,Category_005,(29)
1965,2018-05-20,Whse_A,Product_1,Category_005,(20)
1966,2018-05-21,Whse_A,Product_1,Category_005,(22)
1967,2018-05-22,Whse_A,Product_1,Category_005,(25)
1968,2018-05-23,Whse_A,Product_1,Category_005,(31)
1969,2018-05-24,Whse_A,Product_1,Category_005,(16)
1970,2018-05-25,Whse_A,Product_1,Category_005,(24)
1971,2018-05-26,Whse_A,Product_1,Category_005,(42)
1972,2018-05-27,Whse_A,Product_1,Category_005,(18)
1973,2018-05-28,Whse_A,Product_1,Category_005,(17)
1974,2018-05-29,Whse_A,Product_1,Category_005,(26)
1975,2018-05-30,Whse_A,Product_1,Category_005,(26)
1976,2018-05-31,Whse_A,Product_1,Category_005,(33)
1977,2018-06-01,Whse_A,Product_1,Category_005,(44)
1978,2018-06-02,Whse_A,Product_1,Category_005,(44)
1979,2018-06-03,Whse_A,Product_1,Category_005,(23)
1980,2018-06-04,Whse_A,Product_1,Category_006,(22)
1981,2018-06-05,Whse_A,Product_1,Category_006,(32)
1982,2018-06-06,Whse_A,Product_1,Category_006,(29)
1983,2018-06-07,Whse_A,Product_1,Category_006,(28)
1984,2018-06-08,Whse_A,Product_1,Category_006,(36)
1985,2018-06-09,Whse_A,Product_1,Category_006,(22)
1986,2018-06-10,Whse_A,Product_1,Category_006,(16)
1987,2018-06-11,Whse_A,Product_1,Category_006,(26)
1988,2018-06-12,Whse_A,Product_1,Category_006,(25)
1989,2018-06-13,Whse_A,Product_1,Category_006,(26)
1990,2018-06-14,Whse_A,Product_1,Category_006,(33)
1991,2018-06-15,Whse_A,Product_1,Category_006,(37)
1992,2018-06-16,Whse_A,Product_1,Category_006,(34)
1993,2018-06-17,Whse_A,Product_1,Category_006,(26)
1994,2018-06-18,Whse_A,Product_1,Category_006,(22)
1995,2018-06-19,Whse_A,Product_1,Category_006,(18)
1996,2018-06-20,Whse_A,Product_1,Category_006,(21)
1997,2018-06-21,Whse_A,Product_1,Category_006,(36)
1998,2018-06-22,Whse_A,Product_1,Category_006,(28)
1999,2018-06-23,Whse_A,Product_1,Category_006,(30)
2000,2018-06-24,Whse_A,Product_1,Category_006,(25)
2001,2018-06-25,Whse_A,Product_1,Category_019,(32)
2002,2018-06-26,Whse_A,Product_1,Category_019,(26)
2003,2018-06-27,Whse_A,Product_1,Category_019,(25)
2004,2018-06-28,Whse_A,Product_1,Category_019,(24)
2005,2018-06-29,Whse_A,Product_1,Category_019,(27)
2006,2018-06-30,Whse_A,Product_1,Category_019,(28)
2007,2018-07-01,Whse_A,Product_1,Category_019,(24)
2008,2018-07-02,Whse_A,Product_1,Category_019,(19)
2009,2018-07-03,Whse_A,Product_1,Category_019,(30)
2010,2018-07-04,Whse_A,Product_1,Category_019,(25)
2011,2018-07-05,Whse_A,Product_1,Category_019,(42)
2012,2018-07-06,Whse_A,Product_1,Category_019,(32)
2013,2018-07-07,Whse_A,Product_1,Category_019,(31)
2014,2018-07-08,Whse_A,Product_1,Category_019,(27)
2015,2018-07-09,Whse_A,Product_1,Category_019,(29)
2016,2018-07-10,Whse_A,Product_1,Category_019,(28)
2017,2018-07-11,Whse_A,Product_1,Category_019,(36)
2018,2018-07-12,Whse_A,Product_1,Category_019,(40)
2019,2018-07-13,Whse_A,Product_1,Category_019,(27)
2020,2018-07-14,Whse_A,Product_1,Category_019,(27)
2021,2018-07-15,Whse_A,Product_1,Category_019,(17)
2022,2018-07-16,Whse_A,Product_1,Category_019,(21)
2023,2018-07-17,Whse_A,Product_1,Category_019,(31)
2024,2018-07-18,Whse_A,Product_1,Category_019,(34)
2025,2018-07-19,Whse_A,Product_1,Category_019,(37)
2026,2018-07-20,Whse_A,Product_1,Category_019,(36)
2027,2018-07-21,Whse_A,Product_1,Category_019,(34)
2028,2018-07-22,Whse_A,Product_1,Category_019,(30)
2029,2018-07-23,Whse_A,Product_1,Category_019,(28)
2030,2018-07-24,Whse_A,Product_1,Category_019,(24)
2031,2018-07-25,Whse_A,Product_1,Category_019,(33)
2032,2018-07-26,Whse_A,Product_1,Category_019,(30)
2033,2018-07-27,Whse_A,Product_1,Category_019,(45)
2034,2018-07-28,Whse_A,Product_1,Category_019,(27)
2035,2018-07-29,Whse_A,Product_1,Category_019,(24)
2036,2018-07-30,Whse_A,Product_1,Category_019,(24)
2037,2018-07-31,Whse_A,Product_1,Category_019,(19)
2038,2018-08-01,Whse_A,Product_1,Category_019,(23)
2039,2018-08-02,Whse_A,Product_1,Category_019,(32)
2040,2018-08-03,Whse_A,Product_1,Category_019,(30)
2041,2018-08-04,Whse_A,Product_1,Category_019,(30)
2042,2018-08-05,Whse_A,Product_1,Category_019,(18)
2043,2018-08-06,Whse_A,Product_1,Category_019,(22)
2044,2018-08-07,Whse_A,Product_1,Category_019,(24)
2045,2018-08-08,Whse_A,Product_1,Category_019,(30)
2046,2018-08-09,Whse_A,Product_1,Category_019,(30)
2047,2018-08-10,Whse_A,Product_1,Category_019,(25)
2048,2018-08-11,Whse_A,Product_1,Category_019,(27)
2049,2018-08-12,Whse_A,Product_1,Category_019,(27)
2050,2018-08-13,Whse_A,Product_1,Category_019,(14)
2051,2018-08-14,Whse_A,Product_1,Category_019,(26)
2052,2018-08-15,Whse_A,Product_1,Category_019,(26)
2053,2018-08-16,Whse_A,Product_1,Category_019,(27)
2054,2018-08-17,Whse_A,Product_1,Category_019,(30)
2055,2018-08-18,Whse_A,Product_1,Category_019,(25)
2056,2018-08-19,Whse_A,Product_1,Category_019,(24)
2057,2018-08-20,Whse_A,Product_1,Category_019,(18)
2058,2018-08-21,Whse_A,Product_1,Category_019,(14)
2059,2018-08-22,Whse_A,Product_1,Category_019,(27)
2060,2018-08-23,Whse_A,Product_1,Category_019,(27)
2061,2018-08-24,Whse_A,Product_1,Category_019,(26)
2062,2018-08-25,Whse_A,Product_1,Category_019,(28)
2063,2018-08-26,Whse_A,Product_1,Category_019,(23)
2064,2018-08-27,Whse_A,Product_1,Category_019,(29)
2065,2018-08-28,Whse_A,Product_1,Category_019,(30)
2066,2018-08-29,Whse_A,Product_1,Category_019,(32)
2067,2018-08-30,Whse_A,Product_1,Category_019,(35)
2068,2018-08-31,Whse_A,Product_1,Category_019,(26)
2069,2018-09-01,Whse_A,Product_1,Category_019,(25)
2070,2018-09-02,Whse_A,Product_1,Category_019,(21)
2071,2018-09-03,Whse_A,Product_1,Category_019,(23)
2072,2018-09-04,Whse_A,Product_1,Category_019,(22)
2073,2018-09-05,Whse_A,Product_1,Category_019,(28)
2074,2018-09-06,Whse_A,Product_1,Category_019,(23)
2075,2018-09-07,Whse_A,Product_1,Category_019,(23)
2076,2018-09-08,Whse_A,Product_1,Category_019,(38)
2077,2018-09-09,Whse_A,Product_1,Category_019,(18)
2078,2018-09-10,Whse_A,Product_1,Category_019,(23)
2079,2018-09-11,Whse_A,Product_1,Category_019,(18)
2080,2018-09-12,Whse_A,Product_1,Category_019,(24)
2081,2018-09-13,Whse_A,Product_1,Category_019,(28)
2082,2018-09-14,Whse_A,Product_1,Category_019,(23)
2083,2018-09-15,Whse_A,Product_1,Category_019,(27)
2084,2018-09-16,Whse_A,Product_1,Category_019,(26)
2085,2018-09-17,Whse_A,Product_1,Category_019,(23)
2086,2018-09-18,Whse_A,Product_1,Category_019,(27)
2087,2018-09-19,Whse_A,Product_1,Category_019,(26)
2088,2018-09-20,Whse_A,Product_1,Category_019,(18)
2089,2018-09-21,Whse_A,Product_1,Category_019,(29)
2090,2018-09-22,Whse_A,Product_1,Category_019,(36)
2091,2018-09-23,Whse_A,Product_1,Category_019,(16)
2092,2018-09-24,Whse_A,Product_1,Category_019,(32)
2093,2018-09-25,Whse_A,Product_1,Category_019,(25)
2094,2018-09-26,Whse_A,Product_1,Category_019,(28)
2095,2018-09-27,Whse_A,Product_1,Category_019,(23)
2096,2018-09-28,Whse_A,Product_1,Category_019,(25)
2097,2018-09-29,Whse_A,Product_1,Category_019,(21)
2098,2018-09-30,Whse_A,Product_1,Category_019,(14)
2099,2018-10-01,Whse_A,Product_1,Category_019,(21)
2100,2018-10-02,Whse_A,Product_1,Category_019,(25)
2101,2018-10-03,Whse_A,Product_1,Category_019,(24)
2102,2018-10-04,Whse_A,Product_1,Category_019,(34)
2103,2018-10-05,Whse_A,Product_1,Category_019,(25)
2104,2018-10-06,Whse_A,Product_1,Category_019,(25)
2105,2018-10-07,Whse_A,Product_1,Category_019,(20)
2106,2018-10-08,Whse_A,Product_1,Category_019,(24)
2107,2018-10-09,Whse_A,Product_1,Category_019,(23)
2108,2018-10-10,Whse_A,Product_1,Category_019,(23)
2109,2018-10-11,Whse_A,Product_1,Category_019,(27)
2110,2018-10-12,Whse_A,Product_1,Category_019,(29)
2111,2018-10-13,Whse_A,Product_1,Category_019,(22)
2112,2018-10-14,Whse_A,Product_1,Category_019,(27)
2113,2018-10-15,Whse_A,Product_1,Category_019,(15)
2114,2018-10-16,Whse_A,Product_1,Category_019,(14)
2115,2018-10-17,Whse_A,Product_1,Category_019,(36)
2116,2018-10-18,Whse_A,Product_1,Category_019,(21)
2117,2018-10-19,Whse_A,Product_1,Category_019,(29)
2118,2018-10-20,Whse_A,Product_1,Category_019,(35)
2119,2018-10-21,Whse_A,Product_1,Category_019,(15)
2120,2018-10-22,Whse_A,Product_1,Category_019,(18)
2121,2018-10-23,Whse_A,Product_1,Category_019,(23)
2122,2018-10-24,Whse_A,Product_1,Category_019,(23)
2123,2018-10-25,Whse_A,Product_1,Category_019,(22)
2124,2018-10-26,Whse_A,Product_1,Category_019,(23)
2125,2018-10-27,Whse_A,Product_1,Category_019,(18)
2126,2018-10-28,Whse_A,Product_1,Category_019,(23)
2127,2018-10-29,Whse_A,Product_1,Category_019,(18)
2128,2018-10-30,Whse_A,Product_1,Category_019,(20)
2129,2018-10-31,Whse_A,Product_1,Category_019,(34)
2130,2018-11-01,Whse_A,Product_1,Category_019,(31)
2131,2018-11-02,Whse_A,Product_1,Category_019,(23)
2132,2018-11-03,Whse_A,Product_1,Category_019,(17)
2133,2018-11-04,Whse_A,Product_1,Category_019,(15)
2134,2018-11-05,Whse_A,Product_1,Category_019,(24)
2135,2018-11-06,Whse_A,Product_1,Category_019,(28)
2136,2018-11-07,Whse_A,Product_1,Category_019,(19)
2137,2018-11-08,Whse_A,Product_1,Category_019,(26)
2138,2018-11-09,Whse_A,Product_1,Category_019,(35)
2139,2018-11-10,Whse_A,Product_1,Category_019,(41)
2140,2018-11-11,Whse_A,Product_1,Category_019,(21)
2141,2018-11-12,Whse_A,Product_1,Category_019,(24)
2142,2018-11-13,Whse_A,Product_1,Category_019,(18)
2143,2018-11-14,Whse_A,Product_1,Category_019,(24)
2144,2018-11-15,Whse_A,Product_1,Category_019,(32)
2145,2018-11-16,Whse_A,Product_1,Category_019,(29)
2146,2018-11-17,Whse_A,Product_1,Category_019,(30)
2147,2018-11-18,Whse_A,Product_1,Category_019,(19)
2148,2018-11-19,Whse_A,Product_1,Category_019,(26)
2149,2018-11-20,Whse_A,Product_1,Category_019,(24)
2150,2018-11-21,Whse_A,Product_1,Category_019,(20)
2151,2018-11-22,Whse_A,Product_1,Category_019,(19)
2152,2018-11-23,Whse_A,Product_1,Category_019,(23)
2153,2018-11-24,Whse_A,Product_1,Category_019,(18)
2154,2018-11-25,Whse_A,Product_1,Category_019,(13)
2155,2018-11-26,Whse_A,Product_1,Category_019,(22)
2156,2018-11-27,Whse_A,Product_1,Category_019,(17)
2157,2018-11-28,Whse_A,Product_1,Category_019,(22)
2158,2018-11-29,Whse_A,Product_1,Category_019,(29)
2159,2018-11-30,Whse_A,Product_1,Category_019,(24)
2160,2018-12-01,Whse_A,Product_1,Category_019,(20)
2161,2018-12-02,Whse_A,Product_1,Category_019,(11)
2162,2018-12-03,Whse_A,Product_1,Category_019,(17)
2163,2018-12-04,Whse_A,Product_1,Category_019,(16)
2164,2018-12-05,Whse_A,Product_1,Category_019,(27)
2165,2018-12-06,Whse_A,Product_1,Category_019,(20)
2166,2018-12-07,Whse_A,Product_1,Category_019,(26)
2167,2018-12-08,Whse_A,Product_1,Category_019,(19)
2168,2018-12-09,Whse_A,Product_1,Category_019,(12)
2169,2018-12-10,Whse_A,Product_1,Category_019,(22)
2170,2018-12-11,Whse_A,Product_1,Category_019,(23)
2171,2018-12-12,Whse_A,Product_1,Category_019,(10)
2172,2018-12-13,Whse_A,Product_1,Category_019,(21)
2173,2018-12-14,Whse_A,Product_1,Category_019,(18)
2174,2018-12-15,Whse_A,Product_1,Category_019,(24)
2175,2018-12-16,Whse_A,Product_1,Category_019,(10)
2176,2018-12-17,Whse_A,Product_1,Category_019,(10)
2177,2018-12-18,Whse_A,Product_1,Category_019,(15)
2178,2018-12-19,Whse_A,Product_1,Category_019,(12)
2179,2018-12-20,Whse_A,Product_1,Category_019,(21)
2180,2018-12-21,Whse_A,Product_1,Category_019,(24)
2181,2018-12-22,Whse_A,Product_1,Category_019,(18)
2182,2018-12-23,Whse_A,Product_1,Category_019,(7)
2183,2018-12-24,Whse_A,Product_1,Category_019,(20)
2184,2018-12-25,Whse_A,Product_1,Category_019,(11)
2185,2018-12-26,Whse_A,Product_1,Category_019,(15)
2186,2018-12-27,Whse_A,Product_1,Category_019,(20)
2187,2018-12-28,Whse_A,Product_1,Category_019,(18)
2188,2018-12-29,Whse_A,Product_1,Category_019,(24)
2189,2018-12-30,Whse_A,Product_1,Category_019,(20)
2190,2018-12-31,Whse_A,Product_1,Category_019,(18)
2191,2019-01-01,Whse_A,Product_1,Category_019,(19)
2192,2019-01-02,Whse_A,Product_1,Category_019,(17)
2193,2019-01-03,Whse_A,Product_1,Category_019,(14)
2194,2019-01-04,Whse_A,Product_1,Category_019,(16)
2195,2019-01-05,Whse_A,Product_1,Category_019,(24)
2196,2019-01-06,Whse_A,Product_1,Category_019,(23)
2197,2019-01-07,Whse_A,Product_1,Category_019,(16)
2198,2019-01-08,Whse_A,Product_1,Category_019,(13)
2199,2019-01-09,Whse_A,Product_1,Category_019,(21)
2200,2019-01-10,Whse_A,Product_1,Category_019,(25)
2201,2019-01-11,Whse_A,Product_1,Category_019,(16)
2202,2019-01-12,Whse_A,Product_1,Category_019,(21)
2203,2019-01-13,Whse_A,Product_1,Category_019,(15)
2204,2019-01-14,Whse_A,Product_1,Category_019,(20)
2205,2019-01-15,Whse_A,Product_1,Category_019,(17)
2206,2019-01-16,Whse_A,Product_1,Category_019,(21)
2207,2019-01-17,Whse_A,Product_1,Category_019,(19)
2208,2019-01-18,Whse_A,Product_1,Category_019,(15)
2209,2019-01-19,Whse_A,Product_1,Category_019,(25)
2210,2019-01-20,Whse_A,Product_1,Category_019,(8)
2211,2019-01-21,Whse_A,Product_1,Category_019,(14)
2212,2019-01-22,Whse_A,Product_1,Category_019,(16)
2213,2019-01-23,Whse_A,Product_1,Category_019,(26)
2214,2019-01-24,Whse_A,Product_1,Category_019,(26)
2215,2019-01-25,Whse_A,Product_1,Category_019,(20)
2216,2019-01-26,Whse_A,Product_1,Category_019,(19)
2217,2019-01-27,Whse_A,Product_1,Category_019,(14)
2218,2019-01-28,Whse_A,Product_1,Category_019,(11)
2219,2019-01-29,Whse_A,Product_1,Category_019,(15)
2220,2019-01-30,Whse_A,Product_1,Category_019,(21)
2221,2019-01-31,Whse_A,Product_1,Category_019,(17)
2222,2019-02-01,Whse_A,Product_1,Category_019,(36)
2223,2019-02-02,Whse_A,Product_1,Category_019,(17)
2224,2019-02-03,Whse_A,Product_1,Category_019,(12)
2225,2019-02-04,Whse_A,Product_1,Category_019,(24)
2226,2019-02-05,Whse_A,Product_1,Category_019,(8)
2227,2019-02-06,Whse_A,Product_1,Category_019,(28)
2228,2019-02-07,Whse_A,Product_1,Category_019,(19)
2229,2019-02-08,Whse_A,Product_1,Category_019,(25)
2230,2019-02-09,Whse_A,Product_1,Category_019,(10)
2231,2019-02-10,Whse_A,Product_1,Category_019,(18)
2232,2019-02-11,Whse_A,Product_1,Category_019,(13)
2233,2019-02-12,Whse_A,Product_1,Category_019,(13)
2234,2019-02-13,Whse_A,Product_1,Category_019,(8)
2235,2019-02-14,Whse_A,Product_1,Category_019,(24)
2236,2019-02-15,Whse_A,Product_1,Category_019,(21)
2237,2019-02-16,Whse_A,Product_1,Category_019,(29)
2238,2019-02-17,Whse_A,Product_1,Category_019,(12)
2239,2019-02-18,Whse_A,Product_1,Category_019,(16)
2240,2019-02-19,Whse_A,Product_1,Category_019,(19)
2241,2019-02-20,Whse_A,Product_1,Category_019,(23)
2242,2019-02-21,Whse_A,Product_1,Category_019,(29)
2243,2019-02-22,Whse_A,Product_1,Category_019,(28)
2244,2019-02-23,Whse_A,Product_1,Category_019,(18)
2245,2019-02-24,Whse_A,Product_1,Category_019,(12)
2246,2019-02-25,Whse_A,Product_1,Category_019,(23)
2247,2019-02-26,Whse_A,Product_1,Category_019,(24)
2248,2019-02-27,Whse_A,Product_1,Category_019,(22)
2249,2019-02-28,Whse_A,Product_1,Category_019,(23)
2250,2019-03-01,Whse_A,Product_1,Category_019,(29)
2251,2019-03-02,Whse_A,Product_1,Category_019,(24)
2252,2019-03-03,Whse_A,Product_1,Category_019,(25)
2253,2019-03-04,Whse_A,Product_1,Category_019,(25)
2254,2019-03-05,Whse_A,Product_1,Category_019,(19)
2255,2019-03-06,Whse_A,Product_1,Category_019,(16)
2256,2019-03-07,Whse_A,Product_1,Category_019,(18)
2257,2019-03-08,Whse_A,Product_1,Category_019,(36)
2258,2019-03-09,Whse_A,Product_1,Category_019,(21)
2259,2019-03-10,Whse_A,Product_1,Category_019,(17)
2260,2019-03-11,Whse_A,Product_1,Category_019,(27)
2261,2019-03-12,Whse_A,Product_1,Category_019,(21)
2262,2019-03-13,Whse_A,Product_1,Category_019,(21)
2263,2019-03-14,Whse_A,Product_1,Category_019,(19)
2264,2019-03-15,Whse_A,Product_1,Category_019,(34)
2265,2019-03-16,Whse_A,Product_1,Category_019,(20)
2266,2019-03-17,Whse_A,Product_1,Category_019,(19)
2267,2019-03-18,Whse_A,Product_1,Category_019,(21)
2268,2019-03-19,Whse_A,Product_1,Category_019,(24)
2269,2019-03-20,Whse_A,Product_1,Category_019,(22)
2270,2019-03-21,Whse_A,Product_1,Category_019,(23)
2271,2019-03-22,Whse_A,Product_1,Category_019,(28)
2272,2019-03-23,Whse_A,Product_1,Category_019,(39)
2273,2019-03-24,Whse_A,Product_1,Category_026,(21)
2274,2019-03-25,Whse_A,Product_1,Category_026,(27)
2275,2019-03-26,Whse_A,Product_1,Category_026,(27)
2276,2019-03-27,Whse_A,Product_1,Category_026,(23)
2277,2019-03-28,Whse_A,Product_1,Category_026,(22)
2278,2019-03-29,Whse_A,Product_1,Category_026,(24)
2279,2019-03-30,Whse_A,Product_1,Category_026,(26)
2280,2019-03-31,Whse_A,Product_1,Category_026,(15)
2281,2019-04-01,Whse_A,Product_1,Category_026,(23)
2282,2019-04-02,Whse_A,Product_1,Category_026,(17)
2283,2019-04-03,Whse_A,Product_1,Category_026,(24)
2284,2019-04-04,Whse_A,Product_1,Category_026,(26)
2285,2019-04-05,Whse_A,Product_1,Category_026,(33)
2286,2019-04-06,Whse_A,Product_1,Category_026,(40)
2287,2019-04-07,Whse_A,Product_1,Category_026,(18)
2288,2019-04-08,Whse_A,Product_1,Category_026,(25)
2289,2019-04-09,Whse_A,Product_1,Category_026,(23)
2290,2019-04-10,Whse_A,Product_1,Category_026,(28)
2291,2019-04-11,Whse_A,Product_1,Category_026,(23)
2292,2019-04-12,Whse_A,Product_1,Category_026,(33)
2293,2019-04-13,Whse_A,Product_1,Category_026,(31)
2294,2019-04-14,Whse_A,Product_1,Category_026,(22)
2295,2019-04-15,Whse_A,Product_1,Category_026,(27)
2296,2019-04-16,Whse_A,Product_1,Category_026,(19)
2297,2019-04-17,Whse_A,Product_1,Category_026,(30)
2298,2019-04-18,Whse_A,Product_1,Category_026,(22)
2299,2019-04-19,Whse_A,Product_1,Category_026,(35)
2300,2019-04-20,Whse_A,Product_1,Category_026,(42)
2301,2019-04-21,Whse_A,Product_1,Category_026,(20)
2302,2019-04-22,Whse_A,Product_1,Category_006,(28)
2303,2019-04-23,Whse_A,Product_1,Category_019,(19)
2304,2019-04-24,Whse_A,Product_1,Category_019,(29)
2305,2019-04-25,Whse_A,Product_1,Category_019,(22)
2306,2019-04-26,Whse_A,Product_1,Category_019,(23)
2307,2019-04-27,Whse_A,Product_1,Category_019,(28)
2308,2019-04-28,Whse_A,Product_1,Category_001,(17)
2309,2019-04-29,Whse_A,Product_1,Category_001,(26)
2310,2019-04-30,Whse_A,Product_1,Category_001,(21)
2311,2019-05-01,Whse_A,Product_1,Category_001,(30)
2312,2019-05-02,Whse_A,Product_1,Category_001,(40)
2313,2019-05-03,Whse_A,Product_1,Category_001,(33)
2314,2019-05-04,Whse_A,Product_1,Category_001,(37)
2315,2019-05-05,Whse_A,Product_1,Category_001,(21)
2316,2019-05-06,Whse_A,Product_1,Category_001,(25)
2317,2019-05-07,Whse_A,Product_1,Category_001,(29)
2318,2019-05-08,Whse_A,Product_1,Category_001,(34)
2319,2019-05-09,Whse_A,Product_1,Category_001,(32)
2320,2019-05-10,Whse_A,Product_1,Category_001,(32)
2321,2019-05-11,Whse_A,Product_1,Category_001,(27)
2322,2019-05-12,Whse_A,Product_1,Category_001,(16)
2323,2019-05-13,Whse_A,Product_1,Category_001,(22)
2324,2019-05-14,Whse_A,Product_1,Category_001,(30)
2325,2019-05-15,Whse_A,Product_1,Category_001,(38)
2326,2019-05-16,Whse_A,Product_1,Category_001,(28)
2327,2019-05-17,Whse_A,Product_1,Category_001,(45)
2328,2019-05-18,Whse_A,Product_1,Category_001,(33)
2329,2019-05-19,Whse_A,Product_1,Category_001,(27)
2330,2019-05-20,Whse_A,Product_1,Category_001,(38)
2331,2019-05-21,Whse_A,Product_1,Category_001,(24)
2332,2019-05-22,Whse_A,Product_1,Category_001,(31)
2333,2019-05-23,Whse_A,Product_1,Category_001,(37)
2334,2019-05-24,Whse_A,Product_1,Category_001,(33)
2335,2019-05-25,Whse_A,Product_1,Category_001,(34)
2336,2019-05-26,Whse_A,Product_1,Category_001,(15)
2337,2019-05-27,Whse_A,Product_1,Category_001,(28)
2338,2019-05-28,Whse_A,Product_1,Category_001,(22)
2339,2019-05-29,Whse_A,Product_1,Category_019,(29)
2340,2019-05-30,Whse_A,Product_1,Category_019,(35)
2341,2019-05-31,Whse_A,Product_1,Category_019,(29)
2342,2019-06-01,Whse_A,Product_1,Category_019,(39)
2343,2019-06-02,Whse_A,Product_1,Category_019,(20)
2344,2019-06-03,Whse_A,Product_1,Category_019,(31)
2345,2019-06-04,Whse_A,Product_1,Category_019,(26)
2346,2019-06-05,Whse_A,Product_1,Category_019,(24)
2347,2019-06-06,Whse_A,Product_1,Category_019,(43)
2348,2019-06-07,Whse_A,Product_1,Category_019,(37)
2349,2019-06-08,Whse_A,Product_1,Category_019,(38)
2350,2019-06-09,Whse_A,Product_1,Category_019,(23)
2351,2019-06-10,Whse_A,Product_1,Category_019,(41)
2352,2019-06-11,Whse_A,Product_1,Category_019,(33)
2353,2019-06-12,Whse_A,Product_1,Category_019,(37)
2354,2019-06-13,Whse_A,Product_1,Category_019,(36)
2355,2019-06-14,Whse_A,Product_1,Category_019,(37)
2356,2019-06-15,Whse_A,Product_1,Category_019,(39)
2357,2019-06-16,Whse_A,Product_1,Category_019,(24)
2358,2019-06-17,Whse_A,Product_1,Category_019,(23)
2359,2019-06-18,Whse_A,Product_1,Category_019,(31)
2360,2019-06-19,Whse_A,Product_1,Category_019,(29)
2361,2019-06-20,Whse_A,Product_1,Category_019,(31)
2362,2019-06-21,Whse_A,Product_1,Category_019,(40)
2363,2019-06-22,Whse_A,Product_1,Category_019,(32)
2364,2019-06-23,Whse_A,Product_1,Category_019,(26)
2365,2019-06-24,Whse_A,Product_1,Category_019,(28)
2366,2019-06-25,Whse_A,Product_1,Category_019,(30)
2367,2019-06-26,Whse_A,Product_1,Category_019,(29)
2368,2019-06-27,Whse_A,Product_1,Category_019,(29)
2369,2019-06-28,Whse_A,Product_1,Category_019,(33)
2370,2019-06-29,Whse_A,Product_1,Category_019,(42)
2371,2019-06-30,Whse_A,Product_1,Category_019,(24)
2372,2019-07-01,Whse_A,Product_1,Category_019,(31)
2373,2019-07-02,Whse_A,Product_1,Category_019,(35)
2374,2019-07-03,Whse_A,Product_1,Category_001,(32)
2375,2019-07-04,Whse_A,Product_1,Category_001,(35)
2376,2019-07-05,Whse_A,Product_1,Category_001,(30)
2377,2019-07-06,Whse_A,Product_1,Category_001,(44)
2378,2019-07-07,Whse_A,Product_1,Category_001,(30)
2379,2019-07-08,Whse_A,Product_1,Category_001,(39)
2380,2019-07-09,Whse_A,Product_1,Category_001,(35)
2381,2019-07-10,Whse_A,Product_1,Category_001,(39)
2382,2019-07-11,Whse_A,Product_1,Category_001,(36)
2383,2019-07-12,Whse_A,Product_1,Category_001,(50)
2384,2019-07-13,Whse_A,Product_1,Category_001,(35)
2385,2019-07-14,Whse_A,Product_1,Category_001,(36)
2386,2019-07-15,Whse_A,Product_1,Category_001,(34)
2387,2019-07-16,Whse_A,Product_1,Category_001,(38)
2388,2019-07-17,Whse_A,Product_1,Category_001,(34)
2389,2019-07-18,Whse_A,Product_1,Category_019,(47)
2390,2019-07-19,Whse_A,Product_1,Category_019,(33)
2391,2019-07-20,Whse_A,Product_1,Category_019,(45)
2392,2019-07-21,Whse_A,Product_1,Category_019,(31)
2393,2019-07-22,Whse_A,Product_1,Category_019,(44)
2394,2019-07-23,Whse_A,Product_1,Category_019,(24)
2395,2019-07-24,Whse_A,Product_1,Category_019,(38)
2396,2019-07-25,Whse_A,Product_1,Category_019,(45)
2397,2019-07-26,Whse_A,Product_1,Category_019,(34)
2398,2019-07-27,Whse_A,Product_1,Category_019,(40)
2399,2019-07-28,Whse_A,Product_1,Category_019,(31)
2400,2019-07-29,Whse_A,Product_1,Category_019,(25)
2401,2019-07-30,Whse_A,Product_1,Category_019,(33)
2402,2019-07-31,Whse_A,Product_1,Category_019,(33)
2403,2019-08-01,Whse_A,Product_1,Category_019,(31)
2404,2019-08-02,Whse_A,Product_1,Category_019,(40)
2405,2019-08-03,Whse_A,Product_1,Category_019,(37)
2406,2019-08-04,Whse_A,Product_1,Category_019,(23)
2407,2019-08-05,Whse_A,Product_1,Category_019,(32)
2408,2019-08-06,Whse_A,Product_1,Category_019,(23)
2409,2019-08-07,Whse_A,Product_1,Category_019,(23)
2410,2019-08-08,Whse_A,Product_1,Category_019,(40)
2411,2019-08-09,Whse_A,Product_1,Category_019,(30)
2412,2019-08-10,Whse_A,Product_1,Category_019,(29)
2413,2019-08-11,Whse_A,Product_1,Category_019,(25)
2414,2019-08-12,Whse_A,Product_1,Category_019,(32)
2415,2019-08-13,Whse_A,Product_1,Category_019,(33)
2416,2019-08-14,Whse_A,Product_1,Category_019,(24)
2417,2019-08-15,Whse_A,Product_1,Category_019,(28)
2418,2019-08-16,Whse_A,Product_1,Category_019,(24)
2419,2019-08-17,Whse_A,Product_1,Category_019,(39)
2420,2019-08-18,Whse_A,Product_1,Category_019,(27)
2421,2019-08-19,Whse_A,Product_1,Category_019,(24)
2422,2019-08-20,Whse_A,Product_1,Category_019,(23)
2423,2019-08-21,Whse_A,Product_1,Category_019,(29)
2424,2019-08-22,Whse_A,Product_1,Category_019,(34)
2425,2019-08-23,Whse_A,Product_1,Category_019,(25)
2426,2019-08-24,Whse_A,Product_1,Category_019,(36)
2427,2019-08-25,Whse_A,Product_1,Category_019,(20)
2428,2019-08-26,Whse_A,Product_1,Category_019,(28)
2429,2019-08-27,Whse_A,Product_1,Category_019,(35)
2430,2019-08-28,Whse_A,Product_1,Category_019,(34)
2431,2019-08-29,Whse_A,Product_1,Category_019,(31)
2432,2019-08-30,Whse_A,Product_1,Category_019,(35)
2433,2019-08-31,Whse_A,Product_1,Category_019,(41)
2434,2019-09-01,Whse_A,Product_1,Category_019,(23)
2435,2019-09-02,Whse_A,Product_1,Category_019,(30)
2436,2019-09-03,Whse_A,Product_1,Category_019,(24)
2437,2019-09-04,Whse_A,Product_1,Category_019,(44)
2438,2019-09-05,Whse_A,Product_1,Category_019,(26)
2439,2019-09-06,Whse_A,Product_1,Category_019,(38)
2440,2019-09-07,Whse_A,Product_1,Category_019,(30)
2441,2019-09-08,Whse_A,Product_1,Category_019,(26)
2442,2019-09-09,Whse_A,Product_1,Category_019,(25)
2443,2019-09-10,Whse_A,Product_1,Category_019,(34)
2444,2019-09-11,Whse_A,Product_1,Category_019,(22)
2445,2019-09-12,Whse_A,Product_1,Category_019,(26)
2446,2019-09-13,Whse_A,Product_1,Category_019,(28)
2447,2019-09-14,Whse_A,Product_1,Category_019,(44)
2448,2019-09-15,Whse_A,Product_1,Category_019,(29)
2449,2019-09-16,Whse_A,Product_1,Category_019,(28)
2450,2019-09-17,Whse_A,Product_1,Category_019,(21)
2451,2019-09-18,Whse_A,Product_1,Category_019,(32)
2452,2019-09-19,Whse_A,Product_1,Category_019,(30)
2453,2019-09-20,Whse_A,Product_1,Category_019,(36)
2454,2019-09-21,Whse_A,Product_1,Category_019,(24)
2455,2019-09-22,Whse_A,Product_1,Category_019,(29)
2456,2019-09-23,Whse_A,Product_1,Category_019,(19)
2457,2019-09-24,Whse_A,Product_1,Category_019,(22)
2458,2019-09-25,Whse_A,Product_1,Category_019,(35)
2459,2019-09-26,Whse_A,Product_1,Category_019,(31)
2460,2019-09-27,Whse_A,Product_1,Category_019,(35)
2461,2019-09-28,Whse_A,Product_1,Category_019,(29)
2462,2019-09-29,Whse_A,Product_1,Category_019,(26)
2463,2019-09-30,Whse_A,Product_1,Category_019,(26)
2464,2019-10-01,Whse_A,Product_1,Category_019,(21)
2465,2019-10-02,Whse_A,Product_1,Category_019,(23)
2466,2019-10-03,Whse_A,Product_1,Category_019,(35)
2467,2019-10-04,Whse_A,Product_1,Category_019,(31)
2468,2019-10-05,Whse_A,Product_1,Category_023,(34)
2469,2019-10-06,Whse_A,Product_1,Category_030,(26)
2470,2019-10-07,Whse_A,Product_1,Category_030,(27)
2471,2019-10-08,Whse_A,Product_1,Category_019,(28)
2472,2019-10-09,Whse_A,Product_1,Category_019,(25)
2473,2019-10-10,Whse_A,Product_1,Category_019,(34)
2474,2019-10-11,Whse_A,Product_1,Category_019,(28)
2475,2019-10-12,Whse_A,Product_1,Category_028,(31)
2476,2019-10-13,Whse_A,Product_1,Category_028,(28)
2477,2019-10-14,Whse_A,Product_1,Category_019,(24)
2478,2019-10-15,Whse_A,Product_1,Category_019,(22)
2479,2019-10-16,Whse_A,Product_1,Category_019,(23)
2480,2019-10-17,Whse_A,Product_1,Category_019,(26)
2481,2019-10-18,Whse_A,Product_1,Category_019,(33)
2482,2019-10-19,Whse_A,Product_1,Category_019,(31)
2483,2019-10-20,Whse_A,Product_1,Category_019,(28)
2484,2019-10-21,Whse_A,Product_1,Category_019,(24)
2485,2019-10-22,Whse_A,Product_1,Category_019,(35)
2486,2019-10-23,Whse_A,Product_1,Category_019,(26)
2487,2019-10-24,Whse_A,Product_1,Category_019,(24)
2488,2019-10-25,Whse_A,Product_1,Category_019,(38)
2489,2019-10-26,Whse_A,Product_1,Category_019,(26)
2490,2019-10-27,Whse_A,Product_1,Category_019,(22)
2491,2019-10-28,Whse_A,Product_1,Category_019,(27)
2492,2019-10-29,Whse_A,Product_1,Category_019,(27)
2493,2019-10-30,Whse_A,Product_1,Category_006,(25)
2494,2019-10-31,Whse_A,Product_1,Category_006,(25)
2495,2019-11-01,Whse_A,Product_1,Category_006,(35)
2496,2019-11-02,Whse_A,Product_1,Category_006,(30)
2497,2019-11-03,Whse_A,Product_1,Category_006,(20)
2498,2019-11-04,Whse_A,Product_1,Category_006,(25)
2499,2019-11-05,Whse_A,Product_1,Category_006,(27)
2500,2019-11-06,Whse_A,Product_1,Category_006,(40)
2501,2019-11-07,Whse_A,Product_1,Category_006,(29)
2502,2019-11-08,Whse_A,Product_1,Category_006,(28)
2503,2019-11-09,Whse_A,Product_1,Category_006,(37)
2504,2019-11-10,Whse_A,Product_1,Category_006,(24)
2505,2019-11-11,Whse_A,Product_1,Category_006,(18)
2506,2019-11-12,Whse_A,Product_1,Category_006,(22)
2507,2019-11-13,Whse_A,Product_1,Category_006,(23)
2508,2019-11-14,Whse_A,Product_1,Category_006,(29)
2509,2019-11-15,Whse_A,Product_1,Category_006,(31)
2510,2019-11-16,Whse_A,Product_1,Category_006,(33)
2511,2019-11-17,Whse_A,Product_1,Category_006,(23)
2512,2019-11-18,Whse_A,Product_1,Category_006,(27)
2513,2019-11-19,Whse_A,Product_1,Category_006,(32)
2514,2019-11-20,Whse_A,Product_1,Category_006,(33)
2515,2019-11-21,Whse_A,Product_1,Category_006,(28)
2516,2019-11-22,Whse_A,Product_1,Category_006,(28)
2517,2019-11-23,Whse_A,Product_1,Category_006,(42)
2518,2019-11-24,Whse_A,Product_1,Category_006,(28)
2519,2019-11-25,Whse_A,Product_1,Category_006,(28)
2520,2019-11-26,Whse_A,Product_1,Category_006,(33)
2521,2019-11-27,Whse_A,Product_1,Category_006,(24)
2522,2019-11-28,Whse_A,Product_1,Category_006,(34)
2523,2019-11-29,Whse_A,Product_1,Category_006,(32)
2524,2019-11-30,Whse_A,Product_1,Category_006,(32)
2525,2019-12-01,Whse_A,Product_1,Category_006,(18)
2526,2019-12-02,Whse_A,Product_1,Category_006,(18)
2527,2019-12-03,Whse_A,Product_1,Category_006,(16)
2528,2019-12-04,Whse_A,Product_1,Category_006,(23)
2529,2019-12-05,Whse_A,Product_1,Category_006,(23)
2530,2019-12-06,Whse_A,Product_1,Category_006,(20)
2531,2019-12-07,Whse_A,Product_1,Category_006,(23)
2532,2019-12-08,Whse_A,Product_1,Category_006,(20)
2533,2019-12-09,Whse_A,Product_1,Category_006,(15)
2534,2019-12-10,Whse_A,Product_1,Category_006,(17)
2535,2019-12-11,Whse_A,Product_1,Category_006,(19)
2536,2019-12-12,Whse_A,Product_1,Category_006,(15)
2537,2019-12-13,Whse_A,Product_1,Category_006,(17)
2538,2019-12-14,Whse_A,Product_1,Category_006,(20)
2539,2019-12-15,Whse_A,Product_1,Category_006,(17)
2540,2019-12-16,Whse_A,Product_1,Category_006,(25)
2541,2019-12-17,Whse_A,Product_1,Category_006,(23)
2542,2019-12-18,Whse_A,Product_1,Category_006,(21)
2543,2019-12-19,Whse_A,Product_1,Category_006,(21)
2544,2019-12-20,Whse_A,Product_1,Category_006,(17)
2545,2019-12-21,Whse_A,Product_1,Category_006,(27)
2546,2019-12-22,Whse_A,Product_1,Category_006,(22)
2547,2019-12-23,Whse_A,Product_1,Category_006,(23)
2548,2019-12-24,Whse_A,Product_1,Category_015,(24)
2549,2019-12-25,Whse_A,Product_1,Category_015,(26)
2550,2019-12-26,Whse_A,Product_1,Category_022,(25)
2551,2019-12-27,Whse_A,Product_1,Category_022,(23)
2552,2019-12-28,Whse_A,Product_1,Category_022,(19)
2553,2019-12-29,Whse_A,Product_1,Category_007,(23)
2554,2019-12-30,Whse_A,Product_1,Category_007,(20)
2555,2019-12-31,Whse_A,Product_1,Category_007,(20)
2556,2020-01-01,Whse_A,Product_1,Category_007,(20)
2557,2020-01-02,Whse_A,Product_1,Category_007,(17)
2558,2020-01-03,Whse_A,Product_1,Category_007,(26)
2559,2020-01-04,Whse_A,Product_1,Category_007,(24)
2560,2020-01-05,Whse_A,Product_1,Category_007,(10)
2561,2020-01-06,Whse_A,Product_1,Category_007,(15)
2562,2020-01-07,Whse_A,Product_1,Category_009,(12)
2563,2020-01-08,Whse_A,Product_1,Category_009,(20)
2564,2020-01-09,Whse_A,Product_1,Category_009,(17)
2565,2020-01-10,Whse_A,Product_1,Category_009,(27)
2566,2020-01-11,Whse_A,Product_1,Category_009,(21)
2567,2020-01-12,Whse_A,Product_1,Category_009,(10)
2568,2020-01-13,Whse_A,Product_1,Category_009,(20)
2569,2020-01-14,Whse_A,Product_1,Category_009,(13)
2570,2020-01-15,Whse_A,Product_1,Category_021,(12)
2571,2020-01-16,Whse_A,Product_1,Category_021,(22)
2572,2020-01-17,Whse_A,Product_1,Category_021,(22)
2573,2020-01-18,Whse_A,Product_1,Category_021,(28)
2574,2020-01-19,Whse_A,Product_1,Category_006,(11)
2575,2020-01-20,Whse_A,Product_1,Category_006,(9)
2576,2020-01-21,Whse_A,Product_1,Category_006,(22)
2577,2020-01-22,Whse_A,Product_1,Category_019,(10)
2578,2020-01-23,Whse_A,Product_1,Category_019,(29)
2579,2020-01-24,Whse_A,Product_1,Category_019,(30)
2580,2020-01-25,Whse_A,Product_1,Category_019,(26)
2581,2020-01-26,Whse_A,Product_1,Category_019,(13)
2582,2020-01-27,Whse_A,Product_1,Category_019,(16)
2583,2020-01-28,Whse_A,Product_1,Category_019,(26)
2584,2020-01-29,Whse_A,Product_1,Category_019,(17)
2585,2020-01-30,Whse_A,Product_1,Category_019,(23)
2586,2020-01-31,Whse_A,Product_1,Category_019,(23)
2587,2020-02-01,Whse_A,Product_1,Category_019,(29)
2588,2020-02-02,Whse_A,Product_1,Category_019,(17)
2589,2020-02-03,Whse_A,Product_1,Category_019,(25)
2590,2020-02-04,Whse_A,Product_1,Category_019,(20)
2591,2020-02-05,Whse_A,Product_1,Category_019,(27)
2592,2020-02-06,Whse_A,Product_1,Category_019,(21)
2593,2020-02-07,Whse_A,Product_1,Category_019,(25)
2594,2020-02-08,Whse_A,Product_1,Category_019,(25)
2595,2020-02-09,Whse_A,Product_1,Category_019,(15)
2596,2020-02-10,Whse_A,Product_1,Category_019,(16)
2597,2020-02-11,Whse_A,Product_1,Category_019,(23)
2598,2020-02-12,Whse_A,Product_1,Category_019,(18)
2599,2020-02-13,Whse_A,Product_1,Category_019,(19)
2600,2020-02-14,Whse_A,Product_1,Category_019,(27)
2601,2020-02-15,Whse_A,Product_1,Category_019,(23)
2602,2020-02-16,Whse_A,Product_1,Category_019,(17)
2603,2020-02-17,Whse_A,Product_1,Category_019,(19)
2604,2020-02-18,Whse_A,Product_1,Category_019,(6)
2605,2020-02-19,Whse_A,Product_1,Category_019,(13)
2606,2020-02-20,Whse_A,Product_1,Category_019,(28)
2607,2020-02-21,Whse_A,Product_1,Category_019,(33)
2608,2020-02-22,Whse_A,Product_1,Category_019,(31)
2609,2020-02-23,Whse_A,Product_1,Category_019,(19)
2610,2020-02-24,Whse_A,Product_1,Category_019,(19)
2611,2020-02-25,Whse_A,Product_1,Category_019,(23)
2612,2020-02-26,Whse_A,Product_1,Category_019,(14)
2613,2020-02-27,Whse_A,Product_1,Category_019,(27)
2614,2020-02-28,Whse_A,Product_1,Category_019,(24)
2615,2020-03-01,Whse_A,Product_1,Category_019,(37)
2616,2020-03-02,Whse_A,Product_1,Category_019,(24)
2617,2020-03-03,Whse_A,Product_1,Category_019,(21)
2618,2020-03-04,Whse_A,Product_1,Category_019,(28)
2619,2020-03-05,Whse_A,Product_1,Category_019,(33)
2620,2020-03-06,Whse_A,Product_1,Category_019,(29)
2621,2020-03-07,Whse_A,Product_1,Category_019,(33)
2622,2020-03-08,Whse_A,Product_1,Category_019,(31)
2623,2020-03-09,Whse_A,Product_1,Category_019,(26)
2624,2020-03-10,Whse_A,Product_1,Category_019,(26)
2625,2020-03-11,Whse_A,Product_1,Category_019,(20)
2626,2020-03-12,Whse_A,Product_1,Category_019,(32)
2627,2020-03-13,Whse_A,Product_1,Category_019,(27)
2628,2020-03-14,Whse_A,Product_1,Category_019,(17)
2629,2020-03-15,Whse_A,Product_1,Category_019,(18)
2630,2020-03-16,Whse_A,Product_1,Category_019,(19)
2631,2020-03-17,Whse_A,Product_1,Category_019,(21)
2632,2020-03-18,Whse_A,Product_1,Category_019,(24)
2633,2020-03-19,Whse_A,Product_1,Category_019,(16)
2634,2020-03-20,Whse_A,Product_1,Category_019,(34)
2635,2020-03-21,Whse_A,Product_1,Category_019,(34)
2636,2020-03-22,Whse_A,Product_1,Category_019,(39)
2637,2020-03-23,Whse_A,Product_1,Category_019,(20)
2638,2020-03-24,Whse_A,Product_1,Category_019,(26)
2639,2020-03-25,Whse_A,Product_1,Category_019,(20)
2640,2020-03-26,Whse_A,Product_1,Category_019,(25)
2641,2020-03-27,Whse_A,Product_1,Category_019,(34)
2642,2020-03-28,Whse_A,Product_1,Category_019,(35)
2643,2020-03-29,Whse_A,Product_1,Category_019,(22)
2644,2020-03-30,Whse_A,Product_1,Category_019,(21)
2645,2020-03-31,Whse_A,Product_1,Category_019,(29)
2646,2020-04-01,Whse_A,Product_1,Category_019,(22)
2647,2020-04-02,Whse_A,Product_1,Category_019,(27)
2648,2020-04-03,Whse_A,Product_1,Category_019,(34)
2649,2020-04-04,Whse_A,Product_1,Category_019,(37)
2650,2020-04-05,Whse_A,Product_1,Category_019,(32)
2651,2020-04-06,Whse_A,Product_1,Category_019,(30)
2652,2020-04-07,Whse_A,Product_1,Category_019,(33)
2653,2020-04-08,Whse_A,Product_1,Category_019,(25)
2654,2020-04-09,Whse_A,Product_1,Category_019,(28)
2655,2020-04-10,Whse_A,Product_1,Category_019,(35)
2656,2020-04-11,Whse_A,Product_1,Category_019,(29)
2657,2020-04-12,Whse_A,Product_1,Category_019,(33)
2658,2020-04-13,Whse_A,Product_1,Category_019,(26)
2659,2020-04-14,Whse_A,Product_1,Category_019,(25)
2660,2020-04-15,Whse_A,Product_1,Category_019,(19)
2661,2020-04-16,Whse_A,Product_1,Category_019,(25)
2662,2020-04-17,Whse_A,Product_1,Category_019,(25)
2663,2020-04-18,Whse_A,Product_1,Category_019,(37)
2664,2020-04-19,Whse_A,Product_1,Category_019,(25)
2665,2020-04-20,Whse_A,Product_1,Category_019,(19)
2666,2020-04-21,Whse_A,Product_1,Category_019,(24)
2667,2020-04-22,Whse_A,Product_1,Category_019,(31)
2668,2020-04-23,Whse_A,Product_1,Category_019,(20)
2669,2020-04-24,Whse_A,Product_1,Category_019,(33)
2670,2020-04-25,Whse_A,Product_1,Category_019,(29)
2671,2020-04-26,Whse_A,Product_1,Category_019,(35)
2672,2020-04-27,Whse_A,Product_1,Category_019,(18)
2673,2020-04-28,Whse_A,Product_1,Category_019,(24)
2674,2020-04-29,Whse_A,Product_1,Category_019,(28)
2675,2020-04-30,Whse_A,Product_1,Category_019,(40)
2676,2020-05-01,Whse_A,Product_1,Category_019,(37)
2677,2020-05-02,Whse_A,Product_1,Category_019,(41)
2678,2020-05-03,Whse_A,Product_1,Category_019,(37)
2679,2020-05-04,Whse_A,Product_1,Category_019,(22)
2680,2020-05-05,Whse_A,Product_1,Category_019,(26)
2681,2020-05-06,Whse_A,Product_1,Category_019,(37)
2682,2020-05-07,Whse_A,Product_1,Category_019,(32)
2683,2020-05-08,Whse_A,Product_1,Category_019,(33)
2684,2020-05-09,Whse_A,Product_1,Category_019,(32)
2685,2020-05-10,Whse_A,Product_1,Category_019,(40)
2686,2020-05-11,Whse_A,Product_1,Category_019,(23)
2687,2020-05-12,Whse_A,Product_1,Category_019,(30)
2688,2020-05-13,Whse_A,Product_1,Category_019,(25)
2689,2020-05-14,Whse_A,Product_1,Category_019,(39)
2690,2020-05-15,Whse_A,Product_1,Category_019,(32)
2691,2020-05-16,Whse_A,Product_1,Category_019,(32)
2692,2020-05-17,Whse_A,Product_1,Category_019,(39)
2693,2020-05-18,Whse_A,Product_1,Category_019,(22)
2694,2020-05-19,Whse_A,Product_1,Category_019,(34)
2695,2020-05-20,Whse_A,Product_1,Category_019,(16)
2696,2020-05-21,Whse_A,Product_1,Category_019,(28)
2697,2020-05-22,Whse_A,Product_1,Category_019,(36)
2698,2020-05-23,Whse_A,Product_1,Category_019,(53)
2699,2020-05-24,Whse_A,Product_1,Category_019,(32)
2700,2020-05-25,Whse_A,Product_1,Category_019,(25)
2701,2020-05-26,Whse_A,Product_1,Category_019,(33)
2702,2020-05-27,Whse_A,Product_1,Category_019,(21)
2703,2020-05-28,Whse_A,Product_1,Category_019,(25)
2704,2020-05-29,Whse_A,Product_1,Category_019,(30)
2705,2020-05-30,Whse_A,Product_1,Category_019,(27)
2706,2020-05-31,Whse_A,Product_1,Category_019,(38)
2707,2020-06-01,Whse_A,Product_1,Category_019,(28)
2708,2020-06-02,Whse_A,Product_1,Category_019,(36)
2709,2020-06-03,Whse_A,Product_1,Category_019,(31)
2710,2020-06-04,Whse_A,Product_1,Category_019,(35)
2711,2020-06-05,Whse_A,Product_1,Category_019,(41)
2712,2020-06-06,Whse_A,Product_1,Category_019,(49)
2713,2020-06-07,Whse_A,Product_1,Category_019,(46)
2714,2020-06-08,Whse_A,Product_1,Category_019,(26)
2715,2020-06-09,Whse_A,Product_1,Category_019,(31)
2716,2020-06-10,Whse_A,Product_1,Category_019,(28)
2717,2020-06-11,Whse_A,Product_1,Category_019,(29)
2718,2020-06-12,Whse_A,Product_1,Category_019,(42)
2719,2020-06-13,Whse_A,Product_1,Category_019,(38)
2720,2020-06-14,Whse_A,Product_1,Category_019,(45)
2721,2020-06-15,Whse_A,Product_1,Category_019,(31)
2722,2020-06-16,Whse_A,Product_1,Category_019,(39)
2723,2020-06-17,Whse_A,Product_1,Category_019,(30)
2724,2020-06-18,Whse_A,Product_1,Category_019,(36)
2725,2020-06-19,Whse_A,Product_1,Category_019,(41)
2726,2020-06-20,Whse_A,Product_1,Category_019,(48)
2727,2020-06-21,Whse_A,Product_1,Category_019,(37)
2728,2020-06-22,Whse_A,Product_1,Category_019,(25)
2729,2020-06-23,Whse_A,Product_1,Category_019,(31)
2730,2020-06-24,Whse_A,Product_1,Category_019,(24)
2731,2020-06-25,Whse_A,Product_1,Category_019,(33)
2732,2020-06-26,Whse_A,Product_1,Category_019,(35)
2733,2020-06-27,Whse_A,Product_1,Category_019,(31)
2734,2020-06-28,Whse_A,Product_1,Category_019,(51)
2735,2020-06-29,Whse_A,Product_1,Category_019,(31)
2736,2020-06-30,Whse_A,Product_1,Category_019,(27)
2737,2020-07-01,Whse_A,Product_1,Category_019,(33)
2738,2020-07-02,Whse_A,Product_1,Category_019,(40)
2739,2020-07-03,Whse_A,Product_1,Category_019,(46)
2740,2020-07-04,Whse_A,Product_1,Category_019,(51)
2741,2020-07-05,Whse_A,Product_1,Category_019,(43)
2742,2020-07-06,Whse_A,Product_1,Category_019,(33)
2743,2020-07-07,Whse_A,Product_1,Category_019,(45)
2744,2020-07-08,Whse_A,Product_1,Category_019,(41)
2745,2020-07-09,Whse_A,Product_1,Category_019,(43)
2746,2020-07-10,Whse_A,Product_1,Category_019,(29)
2747,2020-07-11,Whse_A,Product_1,Category_019,(31)
2748,2020-07-12,Whse_A,Product_1,Category_019,(42)
2749,2020-07-13,Whse_A,Product_1,Category_019,(44)
2750,2020-07-14,Whse_A,Product_1,Category_019,(41)
2751,2020-07-15,Whse_A,Product_1,Category_019,(35)
2752,2020-07-16,Whse_A,Product_1,Category_019,(37)
2753,2020-07-17,Whse_A,Product_1,Category_019,(43)
2754,2020-07-18,Whse_A,Product_1,Category_019,(50)
2755,2020-07-19,Whse_A,Product_1,Category_019,(35)
2756,2020-07-20,Whse_A,Product_1,Category_019,(23)
2757,2020-07-21,Whse_A,Product_1,Category_019,(37)
2758,2020-07-22,Whse_A,Product_1,Category_019,(21)
2759,2020-07-23,Whse_A,Product_1,Category_019,(36)
2760,2020-07-24,Whse_A,Product_1,Category_019,(35)
2761,2020-07-25,Whse_A,Product_1,Category_019,(43)
2762,2020-07-26,Whse_A,Product_1,Category_019,(49)
2763,2020-07-27,Whse_A,Product_1,Category_019,(34)
2764,2020-07-28,Whse_A,Product_1,Category_019,(30)
2765,2020-07-29,Whse_A,Product_1,Category_019,(23)
2766,2020-07-30,Whse_A,Product_1,Category_019,(35)
2767,2020-07-31,Whse_A,Product_1,Category_019,(47)
2768,2020-08-01,Whse_A,Product_1,Category_019,(28)
2769,2020-08-02,Whse_A,Product_1,Category_019,(19)
2770,2020-08-03,Whse_A,Product_1,Category_019,(28)
2771,2020-08-04,Whse_A,Product_1,Category_019,(32)
2772,2020-08-05,Whse_A,Product_1,Category_019,(30)
2773,2020-08-06,Whse_A,Product_1,Category_019,(44)
2774,2020-08-07,Whse_A,Product_1,Category_019,(31)
2775,2020-08-08,Whse_A,Product_1,Category_019,(37)
2776,2020-08-09,Whse_A,Product_1,Category_019,(40)
2777,2020-08-10,Whse_A,Product_1,Category_019,(33)
2778,2020-08-11,Whse_A,Product_1,Category_019,(35)
2779,2020-08-12,Whse_A,Product_1,Category_019,(26)
2780,2020-08-13,Whse_A,Product_1,Category_019,(34)
2781,2020-08-14,Whse_A,Product_1,Category_019,(29)
2782,2020-08-15,Whse_A,Product_1,Category_019,(35)
2783,2020-08-16,Whse_A,Product_1,Category_019,(30)
2784,2020-08-17,Whse_A,Product_1,Category_019,(30)
2785,2020-08-18,Whse_A,Product_1,Category_019,(22)
2786,2020-08-19,Whse_A,Product_1,Category_019,(37)
2787,2020-08-20,Whse_A,Product_1,Category_019,(33)
2788,2020-08-21,Whse_A,Product_1,Category_019,(28)
2789,2020-08-22,Whse_A,Product_1,Category_019,(40)
2790,2020-08-23,Whse_A,Product_1,Category_019,(33)
2791,2020-08-24,Whse_A,Product_1,Category_019,(26)
2792,2020-08-25,Whse_A,Product_1,Category_019,(24)
2793,2020-08-26,Whse_A,Product_1,Category_019,(23)
2794,2020-08-27,Whse_A,Product_1,Category_019,(38)
2795,2020-08-28,Whse_A,Product_1,Category_019,(32)
2796,2020-08-29,Whse_A,Product_1,Category_019,(28)
2797,2020-08-30,Whse_A,Product_1,Category_019,(41)
2798,2020-08-31,Whse_A,Product_1,Category_019,(26)
2799,2020-09-01,Whse_A,Product_1,Category_019,(30)
2800,2020-09-02,Whse_A,Product_1,Category_019,(31)
2801,2020-09-03,Whse_A,Product_1,Category_019,(25)
2802,2020-09-04,Whse_A,Product_1,Category_019,(34)
2803,2020-09-05,Whse_A,Product_1,Category_019,(28)
2804,2020-09-06,Whse_A,Product_1,Category_019,(36)
2805,2020-09-07,Whse_A,Product_1,Category_019,(26)
2806,2020-09-08,Whse_A,Product_1,Category_005,(24)
2807,2020-09-09,Whse_A,Product_1,Category_005,(24)
2808,2020-09-10,Whse_A,Product_1,Category_005,(23)
2809,2020-09-11,Whse_A,Product_1,Category_005,(27)
2810,2020-09-12,Whse_A,Product_1,Category_019,(37)
2811,2020-09-13,Whse_A,Product_1,Category_019,(37)
2812,2020-09-14,Whse_A,Product_1,Category_019,(27)
2813,2020-09-15,Whse_A,Product_1,Category_019,(22)
2814,2020-09-16,Whse_A,Product_1,Category_019,(28)
2815,2020-09-17,Whse_A,Product_1,Category_019,(35)
2816,2020-09-18,Whse_A,Product_1,Category_019,(28)
2817,2020-09-19,Whse_A,Product_1,Category_019,(26)
2818,2020-09-20,Whse_A,Product_1,Category_019,(35)
2819,2020-09-21,Whse_A,Product_1,Category_019,(24)
2820,2020-09-22,Whse_A,Product_1,Category_019,(25)
2821,2020-09-23,Whse_A,Product_1,Category_019,(19)
2822,2020-09-24,Whse_A,Product_1,Category_019,(27)
2823,2020-09-25,Whse_A,Product_1,Category_019,(28)
2824,2020-09-26,Whse_A,Product_1,Category_019,(41)
2825,2020-09-27,Whse_A,Product_1,Category_019,(29)
2826,2020-09-28,Whse_A,Product_1,Category_019,(25)
2827,2020-09-29,Whse_A,Product_1,Category_019,(22)
2828,2020-09-30,Whse_A,Product_1,Category_019,(21)
2829,2020-10-01,Whse_A,Product_1,Category_019,(28)
2830,2020-10-02,Whse_A,Product_1,Category_019,(33)
2831,2020-10-03,Whse_A,Product_1,Category_019,(25)
2832,2020-10-04,Whse_A,Product_1,Category_019,(33)
2833,2020-10-05,Whse_A,Product_1,Category_019,(21)
2834,2020-10-06,Whse_A,Product_1,Category_019,(31)
2835,2020-10-07,Whse_A,Product_1,Category_019,(20)
2836,2020-10-08,Whse_A,Product_1,Category_019,(27)
2837,2020-10-09,Whse_A,Product_1,Category_019,(29)
2838,2020-10-10,Whse_A,Product_1,Category_019,(45)
2839,2020-10-11,Whse_A,Product_1,Category_019,(35)
2840,2020-10-12,Whse_A,Product_1,Category_019,(29)
2841,2020-10-13,Whse_A,Product_1,Category_019,(31)
2842,2020-10-14,Whse_A,Product_1,Category_019,(22)
2843,2020-10-15,Whse_A,Product_1,Category_019,(24)
2844,2020-10-16,Whse_A,Product_1,Category_019,(30)
2845,2020-10-17,Whse_A,Product_1,Category_019,(38)
2846,2020-10-18,Whse_A,Product_1,Category_019,(34)
2847,2020-10-19,Whse_A,Product_1,Category_019,(14)
2848,2020-10-20,Whse_A,Product_1,Category_019,(29)
2849,2020-10-21,Whse_A,Product_1,Category_019,(29)
2850,2020-10-22,Whse_A,Product_1,Category_019,(34)
2851,2020-10-23,Whse_A,Product_1,Category_019,(39)
2852,2020-10-24,Whse_A,Product_1,Category_019,(34)
2853,2020-10-25,Whse_A,Product_1,Category_019,(29)
2854,2020-10-26,Whse_A,Product_1,Category_019,(23)
2855,2020-10-27,Whse_A,Product_1,Category_019,(24)
2856,2020-10-28,Whse_A,Product_1,Category_019,(41)
2857,2020-10-29,Whse_A,Product_1,Category_019,(32)
2858,2020-10-30,Whse_A,Product_1,Category_019,(32)
2859,2020-10-31,Whse_A,Product_1,Category_019,(39)
2860,2020-11-01,Whse_A,Product_1,Category_019,(29)
2861,2020-11-02,Whse_A,Product_1,Category_019,(28)
2862,2020-11-03,Whse_A,Product_1,Category_019,(25)
2863,2020-11-04,Whse_A,Product_1,Category_019,(25)
2864,2020-11-05,Whse_A,Product_1,Category_019,(33)
2865,2020-11-06,Whse_A,Product_1,Category_019,(38)
2866,2020-11-07,Whse_A,Product_1,Category_019,(29)
2867,2020-11-08,Whse_A,Product_1,Category_019,(42)
2868,2020-11-09,Whse_A,Product_1,Category_019,(23)
2869,2020-11-10,Whse_A,Product_1,Category_019,(24)
2870,2020-11-11,Whse_A,Product_1,Category_019,(32)
2871,2020-11-12,Whse_A,Product_1,Category_019,(29)
2872,2020-11-13,Whse_A,Product_1,Category_019,(43)
2873,2020-11-14,Whse_A,Product_1,Category_019,(25)
2874,2020-11-15,Whse_A,Product_1,Category_019,(35)
2875,2020-11-16,Whse_A,Product_1,Category_019,(24)
2876,2020-11-17,Whse_A,Product_1,Category_019,(30)
2877,2020-11-18,Whse_A,Product_1,Category_019,(23)
2878,2020-11-19,Whse_A,Product_1,Category_019,(35)
2879,2020-11-20,Whse_A,Product_1,Category_019,(34)
2880,2020-11-21,Whse_A,Product_1,Category_019,(30)
2881,2020-11-22,Whse_A,Product_1,Category_019,(32)
2882,2020-11-23,Whse_A,Product_1,Category_019,(20)
2883,2020-11-24,Whse_A,Product_1,Category_019,(29)
2884,2020-11-25,Whse_A,Product_1,Category_019,(24)
2885,2020-11-26,Whse_A,Product_1,Category_019,(25)
2886,2020-11-27,Whse_A,Product_1,Category_019,(31)
2887,2020-11-28,Whse_A,Product_1,Category_019,(38)
2888,2020-11-29,Whse_A,Product_1,Category_019,(39)
2889,2020-11-30,Whse_A,Product_1,Category_019,(27)
2890,2020-12-01,Whse_A,Product_1,Category_019,(18)
2891,2020-12-02,Whse_A,Product_1,Category_019,(24)
2892,2020-12-03,Whse_A,Product_1,Category_019,(20)
2893,2020-12-04,Whse_A,Product_1,Category_019,(27)
2894,2020-12-05,Whse_A,Product_1,Category_019,(20)
2895,2020-12-06,Whse_A,Product_1,Category_019,(22)
2896,2020-12-07,Whse_A,Product_1,Category_019,(21)
2897,2020-12-08,Whse_A,Product_1,Category_019,(21)
2898,2020-12-09,Whse_A,Product_1,Category_019,(19)
2899,2020-12-10,Whse_A,Product_1,Category_019,(23)
2900,2020-12-11,Whse_A,Product_1,Category_019,(18)
2901,2020-12-12,Whse_A,Product_1,Category_019,(16)
2902,2020-12-13,Whse_A,Product_1,Category_019,(23)
2903,2020-12-14,Whse_A,Product_1,Category_019,(15)
2904,2020-12-15,Whse_A,Product_1,Category_019,(18)
2905,2020-12-16,Whse_A,Product_1,Category_019,(21)
2906,2020-12-17,Whse_A,Product_1,Category_019,(21)
2907,2020-12-18,Whse_A,Product_1,Category_019,(31)
2908,2020-12-19,Whse_A,Product_1,Category_019,(17)
2909,2020-12-20,Whse_A,Product_1,Category_019,(14)
2910,2020-12-21,Whse_A,Product_1,Category_019,(13)
2911,2020-12-22,Whse_A,Product_1,Category_019,(21)
2912,2020-12-23,Whse_A,Product_1,Category_019,(19)
2913,2020-12-24,Whse_A,Product_1,Category_019,(25)
2914,2020-12-25,Whse_A,Product_1,Category_019,(29)
2915,2020-12-26,Whse_A,Product_1,Category_019,(19)
2916,2020-12-27,Whse_A,Product_1,Category_019,(29)
2917,2020-12-28,Whse_A,Product_1,Category_019,(22)
2918,2020-12-29,Whse_A,Product_1,Category_019,(17)
2919,2020-12-30,Whse_A,Product_1,Category_019,(25)
2920,2020-12-31,Whse_A,Product_1,Category_019,(25)
2921,2021-01-01,Whse_A,Product_1,Category_019,(31)
2922,2021-01-02,Whse_A,Product_1,Category_019,(20)
2923,2021-01-03,Whse_A,Product_1,Category_019,(34)
2924,2021-01-04,Whse_A,Product_1,Category_019,(17)
2925,2021-01-05,Whse_A,Product_1,Category_019,(22)
2926,2021-01-06,Whse_A,Product_1,Category_019,(16)
2927,2021-01-07,Whse_A,Product_1,Category_019,(22)
2928,2021-01-08,Whse_A,Product_1,Category_019,(23)
2929,2021-01-09,Whse_A,Product_1,Category_019,(24)
2930,2021-01-10,Whse_A,Product_1,Category_019,(24)
2931,2021-01-11,Whse_A,Product_1,Category_019,(23)
2932,2021-01-12,Whse_A,Product_1,Category_019,(22)
2933,2021-01-13,Whse_A,Product_1,Category_019,(22)
2934,2021-01-14,Whse_A,Product_1,Category_019,(18)
2935,2021-01-15,Whse_A,Product_1,Category_019,(22)
2936,2021-01-16,Whse_A,Product_1,Category_019,(15)
2937,2021-01-17,Whse_A,Product_1,Category_019,(24)
2938,2021-01-18,Whse_A,Product_1,Category_019,(17)
2939,2021-01-19,Whse_A,Product_1,Category_019,(14)
2940,2021-01-20,Whse_A,Product_1,Category_019,(14)
2941,2021-01-21,Whse_A,Product_1,Category_019,(11)
2942,2021-01-22,Whse_A,Product_1,Category_019,(17)
2943,2021-01-23,Whse_A,Product_1,Category_019,(24)
2944,2021-01-24,Whse_A,Product_1,Category_019,(14)
2945,2021-01-25,Whse_A,Product_1,Category_019,(19)
2946,2021-01-26,Whse_A,Product_1,Category_019,(24)
2947,2021-01-27,Whse_A,Product_1,Category_019,(30)
2948,2021-01-28,Whse_A,Product_1,Category_019,(18)
2949,2021-01-29,Whse_A,Product_1,Category_019,(23)
2950,2021-01-30,Whse_A,Product_1,Category_019,(27)
2951,2021-01-31,Whse_A,Product_1,Category_019,(19)
2952,2021-02-01,Whse_A,Product_1,Category_019,(13)
2953,2021-02-02,Whse_A,Product_1,Category_019,(20)
2954,2021-02-03,Whse_A,Product_1,Category_019,(15)
2955,2021-02-04,Whse_A,Product_1,Category_019,(23)
2956,2021-02-05,Whse_A,Product_1,Category_019,(26)
2957,2021-02-06,Whse_A,Product_1,Category_019,(26)
2958,2021-02-07,Whse_A,Product_1,Category_019,(33)
2959,2021-02-08,Whse_A,Product_1,Category_019,(16)
2960,2021-02-09,Whse_A,Product_1,Category_019,(27)
2961,2021-02-10,Whse_A,Product_1,Category_019,(29)
2962,2021-02-11,Whse_A,Product_1,Category_019,(27)
2963,2021-02-12,Whse_A,Product_1,Category_019,(28)
2964,2021-02-13,Whse_A,Product_1,Category_019,(35)
2965,2021-02-14,Whse_A,Product_1,Category_019,(24)
2966,2021-02-15,Whse_A,Product_1,Category_019,(15)
2967,2021-02-16,Whse_A,Product_1,Category_019,(20)
2968,2021-02-17,Whse_A,Product_1,Category_019,(21)
2969,2021-02-18,Whse_A,Product_1,Category_019,(21)
2970,2021-02-19,Whse_A,Product_1,Category_019,(36)
2971,2021-02-20,Whse_A,Product_1,Category_019,(36)
2972,2021-02-21,Whse_A,Product_1,Category_019,(21)
2973,2021-02-22,Whse_A,Product_1,Category_019,(21)
2974,2021-02-23,Whse_A,Product_1,Category_019,(18)
2975,2021-02-24,Whse_A,Product_1,Category_019,(21)
2976,2021-02-25,Whse_A,Product_1,Category_019,(20)
2977,2021-02-26,Whse_A,Product_1,Category_019,(24)
2978,2021-02-27,Whse_A,Product_1,Category_019,(22)
2979,2021-02-28,Whse_A,Product_1,Category_019,(29)
2980,2021-02-28,Whse_A,Product_1,Category_019,(18)
2981,2021-03-01,Whse_A,Product_1,Category_019,(27)
2982,2021-03-02,Whse_A,Product_1,Category_019,(28)
2983,2021-03-03,Whse_A,Product_1,Category_019,(28)
2984,2021-03-04,Whse_A,Product_1,Category_019,(30)
2985,2021-03-05,Whse_A,Product_1,Category_019,(41)
2986,2021-03-06,Whse_A,Product_1,Category_019,(32)
2987,2021-03-07,Whse_A,Product_1,Category_019,(21)
2988,2021-03-08,Whse_A,Product_1,Category_019,(31)
2989,2021-03-09,Whse_A,Product_1,Category_019,(26)
2990,2021-03-10,Whse_A,Product_1,Category_019,(33)
2991,2021-03-11,Whse_A,Product_1,Category_019,(28)
2992,2021-03-12,Whse_A,Product_1,Category_019,(35)
2993,2021-03-13,Whse_A,Product_1,Category_019,(36)
2994,2021-03-14,Whse_A,Product_1,Category_019,(18)
2995,2021-03-15,Whse_A,Product_1,Category_019,(18)
2996,2021-03-16,Whse_A,Product_1,Category_019,(26)
2997,2021-03-17,Whse_A,Product_1,Category_019,(28)
2998,2021-03-18,Whse_A,Product_1,Category_019,(28)
2999,2021-03-19,Whse_A,Product_1,Category_019,(29)
3000,2021-03-20,Whse_A,Product_1,Category_019,(27)
3001,2021-03-21,Whse_A,Product_1,Category_019,(23)
3002,2021-03-22,Whse_A,Product_1,Category_019,(29)
3003,2021-03-23,Whse_A,Product_1,Category_019,(27)
3004,2021-03-24,Whse_A,Product_1,Category_019,(23)
3005,2021-03-25,Whse_A,Product_1,Category_019,(28)
3006,2021-03-26,Whse_A,Product_1,Category_019,(22)
3007,2021-03-27,Whse_A,Product_1,Category_019,(34)
3008,2021-03-28,Whse_A,Product_1,Category_019,(25)
3009,2021-03-29,Whse_A,Product_1,Category_019,(36)
3010,2021-03-30,Whse_A,Product_1,Category_019,(27)
3011,2021-03-31,Whse_A,Product_1,Category_019,(24)
3012,2021-04-01,Whse_A,Product_1,Category_019,(38)
3013,2021-04-02,Whse_A,Product_1,Category_019,(34)
3014,2021-04-03,Whse_A,Product_1,Category_019,(37)
3015,2021-04-04,Whse_A,Product_1,Category_019,(30)
3016,2021-04-05,Whse_A,Product_1,Category_019,(29)
3017,2021-04-06,Whse_A,Product_1,Category_019,(27)
3018,2021-04-07,Whse_A,Product_1,Category_019,(38)
3019,2021-04-08,Whse_A,Product_1,Category_019,(40)
3020,2021-04-09,Whse_A,Product_1,Category_019,(40)
3021,2021-04-10,Whse_A,Product_1,Category_019,(42)
3022,2021-04-11,Whse_A,Product_1,Category_019,(30)
3023,2021-04-12,Whse_A,Product_1,Category_019,(29)
3024,2021-04-13,Whse_A,Product_1,Category_019,(22)
3025,2021-04-14,Whse_A,Product_1,Category_019,(50)
3026,2021-04-15,Whse_A,Product_1,Category_019,(31)
3027,2021-04-16,Whse_A,Product_1,Category_019,(39)
3028,2021-04-17,Whse_A,Product_1,Category_019,(41)
3029,2021-04-18,Whse_A,Product_1,Category_019,(18)
3030,2021-04-19,Whse_A,Product_1,Category_019,(22)
3031,2021-04-20,Whse_A,Product_1,Category_019,(32)
3032,2021-04-21,Whse_A,Product_1,Category_019,(37)
3033,2021-04-22,Whse_A,Product_1,Category_019,(31)
3034,2021-04-23,Whse_A,Product_1,Category_019,(26)
3035,2021-04-24,Whse_A,Product_1,Category_019,(43)
3036,2021-04-25,Whse_A,Product_1,Category_019,(33)
3037,2021-04-26,Whse_A,Product_1,Category_019,(31)
3038,2021-04-27,Whse_A,Product_1,Category_019,(25)
3039,2021-04-28,Whse_A,Product_1,Category_019,(28)
3040,2021-04-29,Whse_A,Product_1,Category_019,(31)
3041,2021-04-30,Whse_A,Product_1,Category_019,(42)
3042,2021-05-01,Whse_A,Product_1,Category_019,(46)
3043,2021-05-02,Whse_A,Product_1,Category_019,(24)
3044,2021-05-03,Whse_A,Product_1,Category_019,(29)
3045,2021-05-04,Whse_A,Product_1,Category_019,(28)
3046,2021-05-05,Whse_A,Product_1,Category_019,(27)
3047,2021-05-06,Whse_A,Product_1,Category_019,(46)
3048,2021-05-07,Whse_A,Product_1,Category_019,(41)
3049,2021-05-08,Whse_A,Product_1,Category_019,(37)
3050,2021-05-09,Whse_A,Product_1,Category_019,(31)
3051,2021-05-10,Whse_A,Product_1,Category_019,(23)
3052,2021-05-11,Whse_A,Product_1,Category_019,(23)
3053,2021-05-12,Whse_A,Product_1,Category_019,(22)
3054,2021-05-13,Whse_A,Product_1,Category_019,(44)
3055,2021-05-14,Whse_A,Product_1,Category_019,(39)
3056,2021-05-15,Whse_A,Product_1,Category_019,(37)
3057,2021-05-16,Whse_A,Product_1,Category_019,(24)
3058,2021-05-17,Whse_A,Product_1,Category_019,(26)
3059,2021-05-18,Whse_A,Product_1,Category_019,(29)
3060,2021-05-19,Whse_A,Product_1,Category_019,(33)
3061,2021-05-20,Whse_A,Product_1,Category_019,(31)
3062,2021-05-21,Whse_A,Product_1,Category_019,(44)
3063,2021-05-22,Whse_A,Product_1,Category_019,(28)
3064,2021-05-23,Whse_A,Product_1,Category_019,(25)
3065,2021-05-24,Whse_A,Product_1,Category_019,(39)
3066,2021-05-25,Whse_A,Product_1,Category_019,(37)
3067,2021-05-26,Whse_A,Product_1,Category_019,(40)
3068,2021-05-27,Whse_A,Product_1,Category_019,(23)
3069,2021-05-28,Whse_A,Product_1,Category_019,(29)
3070,2021-05-29,Whse_A,Product_1,Category_019,(47)
3071,2021-05-30,Whse_A,Product_1,Category_019,(27)
3072,2021-05-31,Whse_A,Product_1,Category_019,(31)
3073,2021-06-01,Whse_A,Product_1,Category_019,(37)
3074,2021-06-02,Whse_A,Product_1,Category_019,(34)
3075,2021-06-03,Whse_A,Product_1,Category_019,(42)
3076,2021-06-04,Whse_A,Product_1,Category_019,(49)
3077,2021-06-05,Whse_A,Product_1,Category_019,(42)
3078,2021-06-06,Whse_A,Product_1,Category_019,(40)
3079,2021-06-07,Whse_A,Product_1,Category_019,(40)
3080,2021-06-08,Whse_A,Product_1,Category_019,(29)
3081,2021-06-09,Whse_A,Product_1,Category_019,(40)
3082,2021-06-10,Whse_A,Product_1,Category_019,(36)
3083,2021-06-11,Whse_A,Product_1,Category_019,(42)
3084,2021-06-12,Whse_A,Product_1,Category_019,(44)
3085,2021-06-13,Whse_A,Product_1,Category_019,(41)
3086,2021-06-14,Whse_A,Product_1,Category_019,(39)
3087,2021-06-15,Whse_A,Product_1,Category_019,(43)
3088,2021-06-16,Whse_A,Product_1,Category_019,(37)
3089,2021-06-17,Whse_A,Product_1,Category_019,(46)
3090,2021-06-18,Whse_A,Product_1,Category_019,(36)
3091,2021-06-19,Whse_A,Product_1,Category_019,(38)
3092,2021-06-20,Whse_A,Product_1,Category_019,(22)
3093,2021-06-21,Whse_A,Product_1,Category_019,(44)
3094,2021-06-22,Whse_A,Product_1,Category_019,(39)
3095,2021-06-23,Whse_A,Product_1,Category_019,(32)
3096,2021-06-24,Whse_A,Product_1,Category_019,(44)
3097,2021-06-25,Whse_A,Product_1,Category_019,(58)
3098,2021-06-26,Whse_A,Product_1,Category_019,(37)
3099,2021-06-27,Whse_A,Product_1,Category_019,(32)
3100,2021-06-28,Whse_A,Product_1,Category_019,(39)
3101,2021-06-29,Whse_A,Product_1,Category_019,(34)
3102,2021-06-30,Whse_A,Product_1,Category_019,(41)
3103,2021-07-01,Whse_A,Product_1,Category_019,(48)
3104,2021-07-02,Whse_A,Product_1,Category_019,(34)
3105,2021-07-03,Whse_A,Product_1,Category_019,(54)
3106,2021-07-04,Whse_A,Product_1,Category_019,(31)
3107,2021-07-05,Whse_A,Product_1,Category_019,(37)
3108,2021-07-06,Whse_A,Product_1,Category_019,(42)
3109,2021-07-07,Whse_A,Product_1,Category_019,(35)
3110,2021-07-08,Whse_A,Product_1,Category_019,(45)
3111,2021-07-09,Whse_A,Product_1,Category_019,(53)
3112,2021-07-10,Whse_A,Product_1,Category_019,(45)
3113,2021-07-11,Whse_A,Product_1,Category_019,(32)
3114,2021-07-12,Whse_A,Product_1,Category_019,(28)
3115,2021-07-13,Whse_A,Product_1,Category_019,(42)
3116,2021-07-14,Whse_A,Product_1,Category_019,(34)
3117,2021-07-15,Whse_A,Product_1,Category_019,(32)
3118,2021-07-16,Whse_A,Product_1,Category_019,(44)
3119,2021-07-17,Whse_A,Product_1,Category_019,(37)
3120,2021-07-18,Whse_A,Product_1,Category_019,(32)
3121,2021-07-19,Whse_A,Product_1,Category_019,(36)
3122,2021-07-20,Whse_A,Product_1,Category_019,(48)
3123,2021-07-21,Whse_A,Product_1,Category_019,(41)
3124,2021-07-22,Whse_A,Product_1,Category_019,(35)
3125,2021-07-23,Whse_A,Product_1,Category_019,(47)
3126,2021-07-24,Whse_A,Product_1,Category_019,(38)
3127,2021-07-25,Whse_A,Product_1,Category_019,(38)
3128,2021-07-26,Whse_A,Product_1,Category_019,(37)
3129,2021-07-27,Whse_A,Product_1,Category_019,(33)
3130,2021-07-28,Whse_A,Product_1,Category_019,(42)
3131,2021-07-29,Whse_A,Product_1,Category_019,(36)
3132,2021-07-30,Whse_A,Product_1,Category_019,(49)
3133,2021-07-31,Whse_A,Product_1,Category_019,(50)
3134,2021-08-01,Whse_A,Product_1,Category_019,(30)
3135,2021-08-02,Whse_A,Product_1,Category_019,(42)
3136,2021-08-03,Whse_A,Product_1,Category_019,(30)
3137,2021-08-04,Whse_A,Product_1,Category_019,(33)
3138,2021-08-05,Whse_A,Product_1,Category_019,(36)
3139,2021-08-06,Whse_A,Product_1,Category_019,(43)
3140,2021-08-07,Whse_A,Product_1,Category_019,(32)
3141,2021-08-08,Whse_A,Product_1,Category_019,(37)
3142,2021-08-09,Whse_A,Product_1,Category_019,(25)
3143,2021-08-10,Whse_A,Product_1,Category_019,(29)
3144,2021-08-11,Whse_A,Product_1,Category_019,(39)
3145,2021-08-12,Whse_A,Product_1,Category_019,(37)
3146,2021-08-13,Whse_A,Product_1,Category_019,(30)
3147,2021-08-14,Whse_A,Product_1,Category_019,(31)
3148,2021-08-15,Whse_A,Product_1,Category_019,(30)
3149,2021-08-16,Whse_A,Product_1,Category_019,(31)
3150,2021-08-17,Whse_A,Product_1,Category_019,(30)
3151,2021-08-18,Whse_A,Product_1,Category_019,(38)
3152,2021-08-19,Whse_A,Product_1,Category_019,(27)
3153,2021-08-20,Whse_A,Product_1,Category_019,(31)
3154,2021-08-21,Whse_A,Product_1,Category_019,(35)
3155,2021-08-22,Whse_A,Product_1,Category_019,(27)
3156,2021-08-23,Whse_A,Product_1,Category_019,(34)
3157,2021-08-24,Whse_A,Product_1,Category_019,(32)
3158,2021-08-25,Whse_A,Product_1,Category_019,(23)
3159,2021-08-26,Whse_A,Product_1,Category_019,(36)
3160,2021-08-27,Whse_A,Product_1,Category_019,(48)
3161,2021-08-28,Whse_A,Product_1,Category_019,(34)
3162,2021-08-29,Whse_A,Product_1,Category_019,(21)
3163,2021-08-30,Whse_A,Product_1,Category_019,(26)
3164,2021-08-31,Whse_A,Product_1,Category_019,(31)
3165,2021-09-01,Whse_A,Product_1,Category_019,(37)
3166,2021-09-02,Whse_A,Product_1,Category_019,(34)
3167,2021-09-03,Whse_A,Product_1,Category_019,(40)
3168,2021-09-04,Whse_A,Product_1,Category_019,(39)
3169,2021-09-05,Whse_A,Product_1,Category_019,(19)
3170,2021-09-06,Whse_A,Product_1,Category_019,(34)
3171,2021-09-07,Whse_A,Product_1,Category_019,(32)
3172,2021-09-08,Whse_A,Product_1,Category_019,(30)
3173,2021-09-09,Whse_A,Product_1,Category_019,(28)
3174,2021-09-10,Whse_A,Product_1,Category_019,(27)
3175,2021-09-11,Whse_A,Product_1,Category_019,(35)
3176,2021-09-12,Whse_A,Product_1,Category_019,(29)
3177,2021-09-13,Whse_A,Product_1,Category_019,(33)
3178,2021-09-14,Whse_A,Product_1,Category_019,(31)
3179,2021-09-15,Whse_A,Product_1,Category_019,(24)
3180,2021-09-16,Whse_A,Product_1,Category_019,(33)
3181,2021-09-17,Whse_A,Product_1,Category_019,(37)
3182,2021-09-18,Whse_A,Product_1,Category_019,(34)
3183,2021-09-19,Whse_A,Product_1,Category_019,(23)
3184,2021-09-20,Whse_A,Product_1,Category_019,(31)
3185,2021-09-21,Whse_A,Product_1,Category_019,(22)
3186,2021-09-22,Whse_A,Product_1,Category_019,(39)
3187,2021-09-23,Whse_A,Product_1,Category_019,(33)
3188,2021-09-24,Whse_A,Product_1,Category_019,(43)
3189,2021-09-25,Whse_A,Product_1,Category_019,(43)
3190,2021-09-26,Whse_A,Product_1,Category_019,(23)
3191,2021-09-27,Whse_A,Product_1,Category_019,(29)
3192,2021-09-28,Whse_A,Product_1,Category_019,(27)
3193,2021-09-29,Whse_A,Product_1,Category_019,(34)
3194,2021-09-30,Whse_A,Product_1,Category_019,(41)
3195,2021-10-01,Whse_A,Product_1,Category_019,(22)
3196,2021-10-02,Whse_A,Product_1,Category_019,(39)
3197,2021-10-03,Whse_A,Product_1,Category_019,(24)
3198,2021-10-04,Whse_A,Product_1,Category_019,(24)
3199,2021-10-05,Whse_A,Product_1,Category_019,(28)
3200,2021-10-06,Whse_A,Product_1,Category_019,(27)
3201,2021-10-07,Whse_A,Product_1,Category_019,(33)
3202,2021-10-08,Whse_A,Product_1,Category_019,(40)
3203,2021-10-09,Whse_A,Product_1,Category_019,(39)
3204,2021-10-10,Whse_A,Product_1,Category_019,(21)
3205,2021-10-11,Whse_A,Product_1,Category_019,(40)
3206,2021-10-12,Whse_A,Product_1,Category_019,(22)
3207,2021-10-13,Whse_A,Product_1,Category_019,(31)
3208,2021-10-14,Whse_A,Product_1,Category_019,(28)
3209,2021-10-15,Whse_A,Product_1,Category_019,(31)
3210,2021-10-16,Whse_A,Product_1,Category_019,(33)
3211,2021-10-17,Whse_A,Product_1,Category_019,(30)
3212,2021-10-18,Whse_A,Product_1,Category_019,(18)
3213,2021-10-19,Whse_A,Product_1,Category_019,(28)
3214,2021-10-20,Whse_A,Product_1,Category_019,(37)
3215,2021-10-21,Whse_A,Product_1,Category_019,(25)
3216,2021-10-22,Whse_A,Product_1,Category_005,(31)
3217,2021-10-23,Whse_A,Product_1,Category_005,(38)
3218,2021-10-24,Whse_A,Product_1,Category_001,(22)
3219,2021-10-25,Whse_A,Product_1,Category_001,(24)
3220,2021-10-26,Whse_A,Product_1,Category_001,(15)
3221,2021-10-27,Whse_A,Product_1,Category_001,(30)
3222,2021-10-28,Whse_A,Product_1,Category_001,(26)
3223,2021-10-29,Whse_A,Product_1,Category_001,(38)
3224,2021-10-30,Whse_A,Product_1,Category_009,(25)
3225,2021-10-31,Whse_A,Product_1,Category_009,(20)
3226,2021-11-01,Whse_A,Product_1,Category_009,(27)
3227,2021-11-02,Whse_A,Product_1,Category_021,(26)
3228,2021-11-03,Whse_A,Product_1,Category_024,(34)
3229,2021-11-04,Whse_A,Product_1,Category_024,(38)
3230,2021-11-05,Whse_A,Product_1,Category_024,(43)
3231,2021-11-06,Whse_A,Product_1,Category_007,(43)
3232,2021-11-07,Whse_A,Product_1,Category_007,(30)
3233,2021-11-08,Whse_A,Product_1,Category_007,(21)
3234,2021-11-09,Whse_A,Product_1,Category_007,(21)
3235,2021-11-10,Whse_A,Product_1,Category_009,(20)
3236,2021-11-11,Whse_A,Product_1,Category_009,(43)
3237,2021-11-12,Whse_A,Product_1,Category_009,(39)
3238,2021-11-13,Whse_A,Product_1,Category_009,(44)
3239,2021-11-14,Whse_A,Product_1,Category_021,(24)
3240,2021-11-15,Whse_A,Product_1,Category_007,(22)
3241,2021-11-16,Whse_A,Product_1,Category_007,(27)
3242,2021-11-17,Whse_A,Product_1,Category_007,(25)
3243,2021-11-18,Whse_A,Product_1,Category_007,(42)
3244,2021-11-19,Whse_A,Product_1,Category_007,(33)
3245,2021-11-20,Whse_A,Product_1,Category_007,(30)
3246,2021-11-21,Whse_A,Product_1,Category_007,(32)
3247,2021-11-22,Whse_A,Product_1,Category_007,(32)
3248,2021-11-23,Whse_A,Product_1,Category_007,(35)
3249,2021-11-24,Whse_A,Product_1,Category_007,(30)
3250,2021-11-25,Whse_A,Product_1,Category_009,(44)
3251,2021-11-26,Whse_A,Product_1,Category_009,(35)
3252,2021-11-27,Whse_A,Product_1,Category_009,(24)
3253,2021-11-28,Whse_A,Product_1,Category_009,(24)
3254,2021-11-29,Whse_A,Product_1,Category_009,(26)
3255,2021-11-30,Whse_A,Product_1,Category_009,(24)
3256,2021-12-01,Whse_A,Product_1,Category_009,(27)
3257,2021-12-02,Whse_A,Product_1,Category_009,(17)
3258,2021-12-03,Whse_A,Product_1,Category_021,(29)
3259,2021-12-04,Whse_A,Product_1,Category_021,(26)
3260,2021-12-05,Whse_A,Product_1,Category_021,(31)
3261,2021-12-06,Whse_A,Product_1,Category_021,(20)
3262,2021-12-07,Whse_A,Product_1,Category_021,(22)
3263,2021-12-08,Whse_A,Product_1,Category_021,(18)
3264,2021-12-09,Whse_A,Product_1,Category_021,(27)
3265,2021-12-10,Whse_A,Product_1,Category_021,(27)
3266,2021-12-11,Whse_A,Product_1,Category_021,(34)
3267,2021-12-12,Whse_A,Product_1,Category_021,(16)
3268,2021-12-13,Whse_A,Product_1,Category_021,(22)
3269,2021-12-14,Whse_A,Product_1,Category_021,(18)
3270,2021-12-15,Whse_A,Product_1,Category_024,(25)
3271,2021-12-16,Whse_A,Product_1,Category_024,(29)
3272,2021-12-17,Whse_A,Product_1,Category_024,(17)
3273,2021-12-18,Whse_A,Product_1,Category_024,(24)
3274,2021-12-19,Whse_A,Product_1,Category_007,(28)
3275,2021-12-20,Whse_A,Product_1,Category_007,(16)
3276,2021-12-21,Whse_A,Product_1,Category_007,(18)
3277,2021-12-22,Whse_A,Product_1,Category_009,(25)
3278,2021-12-23,Whse_A,Product_1,Category_009,(20)
3279,2021-12-24,Whse_A,Product_1,Category_009,(23)
3280,2021-12-25,Whse_A,Product_1,Category_009,(21)
3281,2021-12-26,Whse_A,Product_1,Category_009,(22)
3282,2021-12-27,Whse_A,Product_1,Category_009,(19)
3283,2021-12-28,Whse_A,Product_1,Category_009,(25)
3284,2021-12-29,Whse_A,Product_1,Category_009,(25)
3285,2021-12-30,Whse_A,Product_1,Category_009,(33)
3286,2021-12-31,Whse_A,Product_1,Category_009,(24)
3287,2022-01-01,Whse_A,Product_1,Category_009,(33)
3288,2022-01-02,Whse_A,Product_1,Category_009,(19)
3289,2022-01-03,Whse_A,Product_1,Category_009,(20)
3290,2022-01-04,Whse_A,Product_1,Category_009,(18)
3291,2022-01-05,Whse_A,Product_1,Category_009,(20)
3292,2022-01-06,Whse_A,Product_1,Category_009,(30)
3293,2022-01-07,Whse_A,Product_1,Category_009,(24)
3294,2022-01-08,Whse_A,Product_1,Category_009,(18)
3295,2022-01-09,Whse_A,Product_1,Category_009,(19)
3296,2022-01-10,Whse_A,Product_1,Category_009,(24)
3297,2022-01-11,Whse_A,Product_1,Category_009,(16)
3298,2022-01-12,Whse_A,Product_1,Category_009,(21)
3299,2022-01-13,Whse_A,Product_1,Category_009,(30)
3300,2022-01-14,Whse_A,Product_1,Category_009,(24)
3301,2022-01-15,Whse_A,Product_1,Category_021,(23)
3302,2022-01-16,Whse_A,Product_1,Category_021,(16)
3303,2022-01-17,Whse_A,Product_1,Category_021,(21)
3304,2022-01-18,Whse_A,Product_1,Category_021,(21)
3305,2022-01-19,Whse_A,Product_1,Category_021,(23)
3306,2022-01-20,Whse_A,Product_1,Category_021,(35)
3307,2022-01-21,Whse_A,Product_1,Category_021,(17)
3308,2022-01-22,Whse_A,Product_1,Category_021,(25)
3309,2022-01-23,Whse_A,Product_1,Category_021,(16)
3310,2022-01-24,Whse_A,Product_1,Category_021,(22)
3311,2022-01-25,Whse_A,Product_1,Category_021,(11)
3312,2022-01-26,Whse_A,Product_1,Category_021,(21)
3313,2022-01-27,Whse_A,Product_1,Category_024,(23)
3314,2022-01-28,Whse_A,Product_1,Category_024,(18)
3315,2022-01-29,Whse_A,Product_1,Category_024,(24)
3316,2022-01-30,Whse_A,Product_1,Category_024,(16)
3317,2022-01-31,Whse_A,Product_1,Category_024,(17)
3318,2022-02-01,Whse_A,Product_1,Category_024,(22)
3319,2022-02-02,Whse_A,Product_1,Category_024,(28)
3320,2022-02-03,Whse_A,Product_1,Category_024,(22)
3321,2022-02-04,Whse_A,Product_1,Category_024,(25)
3322,2022-02-05,Whse_A,Product_1,Category_024,(37)
3323,2022-02-06,Whse_A,Product_1,Category_024,(18)
3324,2022-02-07,Whse_A,Product_1,Category_024,(24)
3325,2022-02-08,Whse_A,Product_1,Category_024,(24)
3326,2022-02-09,Whse_A,Product_1,Category_024,(31)
3327,2022-02-10,Whse_A,Product_1,Category_024,(28)
3328,2022-02-11,Whse_A,Product_1,Category_024,(29)
3329,2022-02-12,Whse_A,Product_1,Category_024,(32)
3330,2022-02-13,Whse_A,Product_1,Category_024,(10)
3331,2022-02-14,Whse_A,Product_1,Category_024,(27)
3332,2022-02-15,Whse_A,Product_1,Category_024,(25)
3333,2022-02-16,Whse_A,Product_1,Category_024,(25)
3334,2022-02-17,Whse_A,Product_1,Category_024,(21)
3335,2022-02-18,Whse_A,Product_1,Category_024,(26)
3336,2022-02-19,Whse_A,Product_1,Category_024,(34)
3337,2022-02-20,Whse_A,Product_1,Category_024,(19)
3338,2022-02-21,Whse_A,Product_1,Category_024,(16)
3339,2022-02-22,Whse_A,Product_1,Category_007,(19)
3340,2022-02-23,Whse_A,Product_1,Category_021,(20)
3341,2022-02-24,Whse_A,Product_1,Category_021,(29)
3342,2022-02-25,Whse_A,Product_1,Category_021,(29)
3343,2022-02-26,Whse_A,Product_1,Category_021,(28)
3344,2022-02-27,Whse_A,Product_1,Category_021,(22)
3345,2022-02-28,Whse_A,Product_1,Category_024,(17)
3346,2022-03-01,Whse_A,Product_1,Category_007,(32)
3347,2022-03-02,Whse_A,Product_1,Category_007,(23)
3348,2022-03-03,Whse_A,Product_1,Category_007,(34)
3349,2022-03-04,Whse_A,Product_1,Category_007,(36)
3350,2022-03-05,Whse_A,Product_1,Category_007,(40)
3351,2022-03-06,Whse_A,Product_1,Category_007,(19)
3352,2022-03-07,Whse_A,Product_1,Category_007,(17)
3353,2022-03-08,Whse_A,Product_1,Category_007,(23)
3354,2022-03-09,Whse_A,Product_1,Category_007,(28)
3355,2022-03-10,Whse_A,Product_1,Category_007,(31)
3356,2022-03-11,Whse_A,Product_1,Category_007,(29)
3357,2022-03-12,Whse_A,Product_1,Category_007,(30)
3358,2022-03-13,Whse_A,Product_1,Category_007,(21)
3359,2022-03-14,Whse_A,Product_1,Category_007,(24)
3360,2022-03-15,Whse_A,Product_1,Category_007,(25)
3361,2022-03-16,Whse_A,Product_1,Category_007,(23)
3362,2022-03-17,Whse_A,Product_1,Category_007,(28)
3363,2022-03-18,Whse_A,Product_1,Category_007,(32)
3364,2022-03-19,Whse_A,Product_1,Category_007,(32)
3365,2022-03-20,Whse_A,Product_1,Category_007,(22)
3366,2022-03-21,Whse_A,Product_1,Category_007,(31)
3367,2022-03-22,Whse_A,Product_1,Category_007,(24)
3368,2022-03-23,Whse_A,Product_1,Category_007,(29)
3369,2022-03-24,Whse_A,Product_1,Category_007,(27)
3370,2022-03-25,Whse_A,Product_1,Category_007,(33)
3371,2022-03-26,Whse_A,Product_1,Category_007,(37)
3372,2022-03-27,Whse_A,Product_1,Category_007,(15)
3373,2022-03-28,Whse_A,Product_1,Category_007,(28)
3374,2022-03-29,Whse_A,Product_1,Category_007,(18)
3375,2022-03-30,Whse_A,Product_1,Category_007,(25)
3376,2022-03-31,Whse_A,Product_1,Category_007,(26)
3377,2022-04-01,Whse_A,Product_1,Category_007,(41)
3378,2022-04-02,Whse_A,Product_1,Category_007,(38)
3379,2022-04-03,Whse_A,Product_1,Category_007,(27)
3380,2022-04-04,Whse_A,Product_1,Category_007,(32)
3381,2022-04-05,Whse_A,Product_1,Category_007,(34)
3382,2022-04-06,Whse_A,Product_1,Category_007,(38)
3383,2022-04-07,Whse_A,Product_1,Category_007,(32)
3384,2022-04-08,Whse_A,Product_1,Category_007,(43)
3385,2022-04-09,Whse_A,Product_1,Category_007,(37)
3386,2022-04-10,Whse_A,Product_1,Category_009,(27)
3387,2022-04-11,Whse_A,Product_1,Category_009,(21)
3388,2022-04-12,Whse_A,Product_1,Category_009,(25)
3389,2022-04-13,Whse_A,Product_1,Category_009,(22)
3390,2022-04-14,Whse_A,Product_1,Category_009,(35)
3391,2022-04-15,Whse_A,Product_1,Category_009,(48)
3392,2022-04-16,Whse_A,Product_1,Category_009,(42)
3393,2022-04-17,Whse_A,Product_1,Category_009,(26)
3394,2022-04-18,Whse_A,Product_1,Category_009,(37)
3395,2022-04-19,Whse_A,Product_1,Category_009,(37)
3396,2022-04-20,Whse_A,Product_1,Category_009,(40)
3397,2022-04-21,Whse_A,Product_1,Category_009,(34)
3398,2022-04-22,Whse_A,Product_1,Category_009,(40)
3399,2022-04-23,Whse_A,Product_1,Category_009,(34)
3400,2022-04-24,Whse_A,Product_1,Category_009,(35)
3401,2022-04-25,Whse_A,Product_1,Category_009,(24)
3402,2022-04-26,Whse_A,Product_1,Category_009,(40)
3403,2022-04-27,Whse_A,Product_1,Category_009,(34)
3404,2022-04-28,Whse_A,Product_1,Category_009,(34)
3405,2022-04-29,Whse_A,Product_1,Category_009,(31)
3406,2022-04-30,Whse_A,Product_1,Category_009,(33)
3407,2022-05-01,Whse_A,Product_1,Category_009,(25)
3408,2022-05-02,Whse_A,Product_1,Category_009,(33)
3409,2022-05-03,Whse_A,Product_1,Category_009,(45)
3410,2022-05-04,Whse_A,Product_1,Category_009,(32)
3411,2022-05-05,Whse_A,Product_1,Category_009,(35)
3412,2022-05-06,Whse_A,Product_1,Category_009,(38)
3413,2022-05-07,Whse_A,Product_1,Category_009,(51)
3414,2022-05-08,Whse_A,Product_1,Category_009,(21)
3415,2022-05-09,Whse_A,Product_1,Category_009,(32)
3416,2022-05-10,Whse_A,Product_1,Category_009,(35)
3417,2022-05-11,Whse_A,Product_1,Category_009,(27)
3418,2022-05-12,Whse_A,Product_1,Category_009,(45)
3419,2022-05-13,Whse_A,Product_1,Category_009,(40)
3420,2022-05-14,Whse_A,Product_1,Category_009,(50)
3421,2022-05-15,Whse_A,Product_1,Category_009,(21)
3422,2022-05-16,Whse_A,Product_1,Category_009,(37)
3423,2022-05-17,Whse_A,Product_1,Category_009,(28)
3424,2022-05-18,Whse_A,Product_1,Category_009,(41)
3425,2022-05-19,Whse_A,Product_1,Category_009,(41)
3426,2022-05-20,Whse_A,Product_1,Category_009,(31)
3427,2022-05-21,Whse_A,Product_1,Category_009,(49)
3428,2022-05-22,Whse_A,Product_1,Category_009,(25)
3429,2022-05-23,Whse_A,Product_1,Category_009,(27)
3430,2022-05-24,Whse_A,Product_1,Category_009,(28)
3431,2022-05-25,Whse_A,Product_1,Category_009,(41)
3432,2022-05-26,Whse_A,Product_1,Category_009,(40)
3433,2022-05-27,Whse_A,Product_1,Category_009,(47)
3434,2022-05-28,Whse_A,Product_1,Category_021,(36)
3435,2022-05-29,Whse_A,Product_1,Category_021,(29)
3436,2022-05-30,Whse_A,Product_1,Category_021,(35)
3437,2022-05-31,Whse_A,Product_1,Category_021,(29)
3438,2022-06-01,Whse_A,Product_1,Category_021,(41)
3439,2022-06-02,Whse_A,Product_1,Category_021,(44)
3440,2022-06-03,Whse_A,Product_1,Category_021,(38)
3441,2022-06-04,Whse_A,Product_1,Category_021,(51)
3442,2022-06-05,Whse_A,Product_1,Category_021,(32)
3443,2022-06-06,Whse_A,Product_1,Category_021,(39)
3444,2022-06-07,Whse_A,Product_1,Category_021,(39)
3445,2022-06-08,Whse_A,Product_1,Category_021,(37)
3446,2022-06-09,Whse_A,Product_1,Category_021,(44)
3447,2022-06-10,Whse_A,Product_1,Category_021,(45)
3448,2022-06-11,Whse_A,Product_1,Category_021,(43)
3449,2022-06-12,Whse_A,Product_1,Category_021,(18)
3450,2022-06-13,Whse_A,Product_1,Category_021,(31)
3451,2022-06-14,Whse_A,Product_1,Category_021,(43)
3452,2022-06-15,Whse_A,Product_1,Category_021,(38)
3453,2022-06-16,Whse_A,Product_1,Category_021,(33)
3454,2022-06-17,Whse_A,Product_1,Category_021,(42)
3455,2022-06-18,Whse_A,Product_1,Category_021,(57)
3456,2022-06-19,Whse_A,Product_1,Category_021,(35)
3457,2022-06-20,Whse_A,Product_1,Category_021,(37)
3458,2022-06-21,Whse_A,Product_1,Category_021,(39)
3459,2022-06-22,Whse_A,Product_1,Category_021,(29)
3460,2022-06-23,Whse_A,Product_1,Category_021,(31)
3461,2022-06-24,Whse_A,Product_1,Category_021,(43)
3462,2022-06-25,Whse_A,Product_1,Category_021,(43)
3463,2022-06-26,Whse_A,Product_1,Category_021,(17)
3464,2022-06-27,Whse_A,Product_1,Category_021,(31)
3465,2022-06-28,Whse_A,Product_1,Category_021,(33)
3466,2022-06-29,Whse_A,Product_1,Category_021,(42)
3467,2022-06-30,Whse_A,Product_1,Category_021,(39)
3468,2022-07-01,Whse_A,Product_1,Category_021,(44)
3469,2022-07-02,Whse_A,Product_1,Category_021,(48)
3470,2022-07-03,Whse_A,Product_1,Category_021,(42)
3471,2022-07-04,Whse_A,Product_1,Category_021,(29)
3472,2022-07-05,Whse_A,Product_1,Category_021,(35)
3473,2022-07-06,Whse_A,Product_1,Category_021,(44)
3474,2022-07-07,Whse_A,Product_1,Category_021,(44)
3475,2022-07-08,Whse_A,Product_1,Category_021,(53)
3476,2022-07-09,Whse_A,Product_1,Category_021,(53)
3477,2022-07-10,Whse_A,Product_1,Category_021,(38)
3478,2022-07-11,Whse_A,Product_1,Category_021,(49)
3479,2022-07-12,Whse_A,Product_1,Category_021,(45)
3480,2022-07-13,Whse_A,Product_1,Category_021,(40)
3481,2022-07-14,Whse_A,Product_1,Category_021,(46)
3482,2022-07-15,Whse_A,Product_1,Category_021,(50)
3483,2022-07-16,Whse_A,Product_1,Category_024,(53)
3484,2022-07-17,Whse_A,Product_1,Category_024,(31)
3485,2022-07-18,Whse_A,Product_1,Category_024,(40)
3486,2022-07-19,Whse_A,Product_1,Category_024,(44)
3487,2022-07-20,Whse_A,Product_1,Category_024,(38)
3488,2022-07-21,Whse_A,Product_1,Category_024,(33)
3489,2022-07-22,Whse_A,Product_1,Category_024,(55)
3490,2022-07-23,Whse_A,Product_1,Category_024,(47)
3491,2022-07-24,Whse_A,Product_1,Category_024,(38)
3492,2022-07-25,Whse_A,Product_1,Category_024,(43)
3493,2022-07-26,Whse_A,Product_1,Category_024,(30)
3494,2022-07-27,Whse_A,Product_1,Category_024,(34)
3495,2022-07-28,Whse_A,Product_1,Category_024,(55)
3496,2022-07-29,Whse_A,Product_1,Category_024,(44)
3497,2022-07-30,Whse_A,Product_1,Category_024,(43)
3498,2022-07-31,Whse_A,Product_1,Category_024,(38)
3499,2022-08-01,Whse_A,Product_1,Category_024,(34)
3500,2022-08-02,Whse_A,Product_1,Category_024,(36)
3501,2022-08-03,Whse_A,Product_1,Category_024,(31)
3502,2022-08-04,Whse_A,Product_1,Category_024,(37)
3503,2022-08-05,Whse_A,Product_1,Category_024,(45)
3504,2022-08-06,Whse_A,Product_1,Category_024,(37)
3505,2022-08-07,Whse_A,Product_1,Category_024,(31)
3506,2022-08-08,Whse_A,Product_1,Category_024,(29)
3507,2022-08-09,Whse_A,Product_1,Category_024,(39)
3508,2022-08-10,Whse_A,Product_1,Category_024,(41)
3509,2022-08-11,Whse_A,Product_1,Category_024,(50)
3510,2022-08-12,Whse_A,Product_1,Category_024,(42)
3511,2022-08-13,Whse_A,Product_1,Category_024,(35)
3512,2022-08-14,Whse_A,Product_1,Category_024,(27)
3513,2022-08-15,Whse_A,Product_1,Category_024,(38)
3514,2022-08-16,Whse_A,Product_1,Category_024,(35)
3515,2022-08-17,Whse_A,Product_1,Category_024,(38)
3516,2022-08-18,Whse_A,Product_1,Category_024,(41)
3517,2022-08-19,Whse_A,Product_1,Category_024,(37)
3518,2022-08-20,Whse_A,Product_1,Category_024,(44)
3519,2022-08-21,Whse_A,Product_1,Category_024,(39)
3520,2022-08-22,Whse_A,Product_1,Category_024,(28)
3521,2022-08-23,Whse_A,Product_1,Category_024,(29)
3522,2022-08-24,Whse_A,Product_1,Category_024,(33)
3523,2022-08-25,Whse_A,Product_1,Category_024,(33)
3524,2022-08-26,Whse_A,Product_1,Category_024,(43)
3525,2022-08-27,Whse_A,Product_1,Category_024,(43)
3526,2022-08-28,Whse_A,Product_1,Category_024,(39)
3527,2022-08-29,Whse_A,Product_1,Category_024,(20)
3528,2022-08-30,Whse_A,Product_1,Category_024,(27)
3529,2022-08-31,Whse_A,Product_1,Category_024,(39)
3530,2022-09-01,Whse_A,Product_1,Category_024,(42)
3531,2022-09-02,Whse_A,Product_1,Category_024,(39)
3532,2022-09-03,Whse_A,Product_1,Category_024,(39)
3533,2022-09-04,Whse_A,Product_1,Category_024,(32)
3534,2022-09-05,Whse_A,Product_1,Category_024,(24)
3535,2022-09-06,Whse_A,Product_1,Category_024,(29)
3536,2022-09-07,Whse_A,Product_1,Category_007,(33)
3537,2022-09-08,Whse_A,Product_1,Category_007,(29)
3538,2022-09-09,Whse_A,Product_1,Category_009,(49)
3539,2022-09-10,Whse_A,Product_1,Category_021,(35)
3540,2022-09-11,Whse_A,Product_1,Category_021,(31)
3541,2022-09-12,Whse_A,Product_1,Category_021,(33)
3542,2022-09-13,Whse_A,Product_1,Category_007,(28)
3543,2022-09-14,Whse_A,Product_1,Category_007,(29)
3544,2022-09-15,Whse_A,Product_1,Category_007,(38)
3545,2022-09-16,Whse_A,Product_1,Category_007,(36)
3546,2022-09-17,Whse_A,Product_1,Category_009,(47)
3547,2022-09-18,Whse_A,Product_1,Category_009,(26)
3548,2022-09-19,Whse_A,Product_1,Category_009,(30)
3549,2022-09-20,Whse_A,Product_1,Category_009,(23)
3550,2022-09-21,Whse_A,Product_1,Category_009,(38)
3551,2022-09-22,Whse_A,Product_1,Category_009,(28)
3552,2022-09-23,Whse_A,Product_1,Category_009,(35)
3553,2022-09-24,Whse_A,Product_1,Category_009,(38)
3554,2022-09-25,Whse_A,Product_1,Category_009,(32)
3555,2022-09-26,Whse_A,Product_1,Category_021,(24)
3556,2022-09-27,Whse_A,Product_1,Category_021,(30)
3557,2022-09-28,Whse_A,Product_1,Category_021,(29)
3558,2022-09-29,Whse_A,Product_1,Category_021,(42)
3559,2022-09-30,Whse_A,Product_1,Category_021,(32)
3560,2022-10-01,Whse_A,Product_1,Category_021,(42)
3561,2022-10-02,Whse_A,Product_1,Category_021,(21)
3562,2022-10-03,Whse_A,Product_1,Category_021,(28)
3563,2022-10-04,Whse_A,Product_1,Category_021,(23)
3564,2022-10-05,Whse_A,Product_1,Category_021,(36)
3565,2022-10-06,Whse_A,Product_1,Category_021,(47)
3566,2022-10-07,Whse_A,Product_1,Category_021,(30)
3567,2022-10-08,Whse_A,Product_1,Category_021,(42)
3568,2022-10-09,Whse_A,Product_1,Category_024,(16)
3569,2022-10-10,Whse_A,Product_1,Category_024,(37)
3570,2022-10-11,Whse_A,Product_1,Category_024,(39)
3571,2022-10-12,Whse_A,Product_1,Category_024,(33)
3572,2022-10-13,Whse_A,Product_1,Category_024,(32)
3573,2022-10-14,Whse_A,Product_1,Category_024,(34)
3574,2022-10-15,Whse_A,Product_1,Category_024,(36)
3575,2022-10-16,Whse_A,Product_1,Category_024,(27)
3576,2022-10-17,Whse_A,Product_1,Category_024,(29)
3577,2022-10-18,Whse_A,Product_1,Category_024,(25)
3578,2022-10-19,Whse_A,Product_1,Category_007,(20)
3579,2022-10-20,Whse_A,Product_1,Category_007,(38)
3580,2022-10-21,Whse_A,Product_1,Category_007,(43)
3581,2022-10-22,Whse_A,Product_1,Category_007,(33)
3582,2022-10-23,Whse_A,Product_1,Category_007,(28)
3583,2022-10-24,Whse_A,Product_1,Category_007,(37)
3584,2022-10-25,Whse_A,Product_1,Category_007,(29)
3585,2022-10-26,Whse_A,Product_1,Category_009,(43)
3586,2022-10-27,Whse_A,Product_1,Category_009,(28)
3587,2022-10-28,Whse_A,Product_1,Category_009,(34)
3588,2022-10-29,Whse_A,Product_1,Category_009,(34)
3589,2022-10-30,Whse_A,Product_1,Category_009,(32)
3590,2022-10-31,Whse_A,Product_1,Category_021,(22)
3591,2022-11-01,Whse_A,Product_1,Category_021,(35)
3592,2022-11-02,Whse_A,Product_1,Category_021,(35)
3593,2022-11-03,Whse_A,Product_1,Category_021,(33)
3594,2022-11-04,Whse_A,Product_1,Category_021,(46)
3595,2022-11-05,Whse_A,Product_1,Category_021,(38)
3596,2022-11-06,Whse_A,Product_1,Category_021,(28)
3597,2022-11-07,Whse_A,Product_1,Category_021,(28)
3598,2022-11-08,Whse_A,Product_1,Category_024,(29)
3599,2022-11-09,Whse_A,Product_1,Category_024,(28)
3600,2022-11-10,Whse_A,Product_1,Category_024,(32)
3601,2022-11-11,Whse_A,Product_1,Category_024,(38)
3602,2022-11-12,Whse_A,Product_1,Category_024,(33)
3603,2022-11-13,Whse_A,Product_1,Category_024,(21)
3604,2022-11-14,Whse_A,Product_1,Category_024,(32)
3605,2022-11-15,Whse_A,Product_1,Category_024,(19)
3606,2022-11-16,Whse_A,Product_1,Category_024,(28)
3607,2022-11-17,Whse_A,Product_1,Category_024,(34)
3608,2022-11-18,Whse_A,Product_1,Category_024,(45)
3609,2022-11-19,Whse_A,Product_1,Category_024,(45)
3610,2022-11-20,Whse_A,Product_1,Category_024,(27)
3611,2022-11-21,Whse_A,Product_1,Category_024,(41)
3612,2022-11-22,Whse_A,Product_1,Category_024,(33)
3613,2022-11-23,Whse_A,Product_1,Category_007,(41)
3614,2022-11-24,Whse_A,Product_1,Category_007,(38)
3615,2022-11-25,Whse_A,Product_1,Category_007,(26)
3616,2022-11-26,Whse_A,Product_1,Category_007,(44)
3617,2022-11-27,Whse_A,Product_1,Category_009,(29)
3618,2022-11-28,Whse_A,Product_1,Category_009,(36)
3619,2022-11-29,Whse_A,Product_1,Category_009,(24)
3620,2022-11-30,Whse_A,Product_1,Category_009,(31)
3621,2022-12-01,Whse_A,Product_1,Category_021,(31)
3622,2022-12-02,Whse_A,Product_1,Category_021,(24)
3623,2022-12-03,Whse_A,Product_1,Category_021,(20)
3624,2022-12-04,Whse_A,Product_1,Category_024,(10)
3625,2022-12-05,Whse_A,Product_1,Category_009,(14)
3626,2022-12-06,Whse_A,Product_1,Category_009,(12)
3627,2022-12-07,Whse_A,Product_1,Category_009,(21)
3628,2022-12-08,Whse_A,Product_1,Category_009,(27)
3629,2022-12-09,Whse_A,Product_1,Category_009,(29)
3630,2022-12-10,Whse_A,Product_1,Category_009,(29)
3631,2022-12-11,Whse_A,Product_1,Category_009,(16)
3632,2022-12-12,Whse_A,Product_1,Category_009,(20)
3633,2022-12-13,Whse_A,Product_1,Category_021,(23)
3634,2022-12-14,Whse_A,Product_1,Category_021,(18)
3635,2022-12-15,Whse_A,Product_1,Category_021,(25)
3636,2022-12-16,Whse_A,Product_1,Category_024,(30)
3637,2022-12-17,Whse_A,Product_1,Category_024,(45)
3638,2022-12-18,Whse_A,Product_1,Category_024,(20)
3639,2022-12-19,Whse_A,Product_1,Category_024,(16)
3640,2022-12-20,Whse_A,Product_1,Category_024,(19)
3641,2022-12-21,Whse_A,Product_1,Category_024,(21)
3642,2022-12-22,Whse_A,Product_1,Category_024,(28)
3643,2022-12-23,Whse_A,Product_1,Category_024,(18)
3644,2022-12-24,Whse_A,Product_1,Category_021,(28)
3645,2022-12-25,Whse_A,Product_1,Category_021,(18)
3646,2022-12-26,Whse_A,Product_1,Category_021,(25)
3647,2022-12-27,Whse_A,Product_1,Category_024,(19)
3648,2022-12-28,Whse_A,Product_1,Category_024,(21)
3649,2022-12-29,Whse_A,Product_1,Category_007,(18)
3650,2022-12-30,Whse_A,Product_1,Category_007,(24)
3651,2022-12-31,Whse_A,Product_1,Category_007,(31)
3652,2018-01-01,Whse_S,Product_1,Category_007,(19)
3653,2018-01-02,Whse_S,Product_1,Category_007,(8)
3654,2018-01-03,Whse_S,Product_1,Category_007,(10)
3655,2018-01-04,Whse_S,Product_1,Category_007,(15)
3656,2018-01-05,Whse_S,Product_1,Category_009,(22)
3657,2018-01-06,Whse_S,Product_1,Category_021,(22)
3658,2018-01-07,Whse_S,Product_1,Category_021,(7)
3659,2018-01-08,Whse_S,Product_1,Category_021,(15)
3660,2018-01-09,Whse_S,Product_1,Category_021,(9)
3661,2018-01-10,Whse_S,Product_1,Category_021,(7)
3662,2018-01-11,Whse_S,Product_1,Category_021,(19)
3663,2018-01-12,Whse_S,Product_1,Category_021,(16)
3664,2018-01-13,Whse_S,Product_1,Category_007,(14)
3665,2018-01-14,Whse_S,Product_1,Category_009,(9)
3666,2018-01-15,Whse_S,Product_1,Category_009,(14)
3667,2018-01-16,Whse_S,Product_1,Category_021,(13)
3668,2018-01-17,Whse_S,Product_1,Category_024,(18)
3669,2018-01-18,Whse_S,Product_1,Category_024,(19)
3670,2018-01-19,Whse_S,Product_1,Category_007,(19)
3671,2018-01-20,Whse_S,Product_1,Category_007,(18)
3672,2018-01-21,Whse_S,Product_1,Category_007,(14)
3673,2018-01-22,Whse_S,Product_1,Category_007,(13)
3674,2018-01-23,Whse_S,Product_1,Category_007,(17)
3675,2018-01-24,Whse_S,Product_1,Category_007,(12)
3676,2018-01-25,Whse_S,Product_1,Category_007,(19)
3677,2018-01-26,Whse_S,Product_1,Category_007,(14)
3678,2018-01-27,Whse_S,Product_1,Category_007,(13)
3679,2018-01-28,Whse_S,Product_1,Category_007,(5)
3680,2018-01-29,Whse_S,Product_1,Category_007,(20)
3681,2018-01-30,Whse_S,Product_1,Category_007,(16)
3682,2018-01-31,Whse_S,Product_1,Category_007,(17)
3683,2018-02-01,Whse_S,Product_1,Category_007,(21)
3684,2018-02-02,Whse_S,Product_1,Category_007,(21)
3685,2018-02-03,Whse_S,Product_1,Category_007,(18)
3686,2018-02-04,Whse_S,Product_1,Category_007,(10)
3687,2018-02-05,Whse_S,Product_1,Category_007,(17)
3688,2018-02-06,Whse_S,Product_1,Category_007,(15)
3689,2018-02-07,Whse_S,Product_1,Category_007,(10)
3690,2018-02-08,Whse_S,Product_1,Category_007,(8)
3691,2018-02-09,Whse_S,Product_1,Category_007,(20)
3692,2018-02-10,Whse_S,Product_1,Category_007,(6)
3693,2018-02-11,Whse_S,Product_1,Category_007,(13)
3694,2018-02-12,Whse_S,Product_1,Category_007,(14)
3695,2018-02-13,Whse_S,Product_1,Category_007,(12)
3696,2018-02-14,Whse_S,Product_1,Category_007,(12)
3697,2018-02-15,Whse_S,Product_1,Category_007,(14)
3698,2018-02-16,Whse_S,Product_1,Category_007,(15)
3699,2018-02-17,Whse_S,Product_1,Category_007,(20)
3700,2018-02-18,Whse_S,Product_1,Category_007,(10)
3701,2018-02-19,Whse_S,Product_1,Category_007,(4)
3702,2018-02-20,Whse_S,Product_1,Category_007,(12)
3703,2018-02-21,Whse_S,Product_1,Category_009,(19)
3704,2018-02-22,Whse_S,Product_1,Category_009,(17)
3705,2018-02-23,Whse_S,Product_1,Category_009,(20)
3706,2018-02-24,Whse_S,Product_1,Category_009,(24)
3707,2018-02-25,Whse_S,Product_1,Category_009,(17)
3708,2018-02-26,Whse_S,Product_1,Category_009,(13)
3709,2018-02-27,Whse_S,Product_1,Category_009,(17)
3710,2018-02-28,Whse_S,Product_1,Category_009,(22)
3711,2018-03-01,Whse_S,Product_1,Category_009,(15)
3712,2018-03-02,Whse_S,Product_1,Category_009,(19)
3713,2018-03-03,Whse_S,Product_1,Category_009,(21)
3714,2018-03-04,Whse_S,Product_1,Category_009,(17)
3715,2018-03-05,Whse_S,Product_1,Category_009,(22)
3716,2018-03-06,Whse_S,Product_1,Category_009,(19)
3717,2018-03-07,Whse_S,Product_1,Category_009,(19)
3718,2018-03-08,Whse_S,Product_1,Category_009,(26)
3719,2018-03-09,Whse_S,Product_1,Category_009,(19)
3720,2018-03-10,Whse_S,Product_1,Category_009,(21)
3721,2018-03-11,Whse_S,Product_1,Category_009,(16)
3722,2018-03-12,Whse_S,Product_1,Category_009,(19)
3723,2018-03-13,Whse_S,Product_1,Category_009,(21)
3724,2018-03-14,Whse_S,Product_1,Category_009,(22)
3725,2018-03-15,Whse_S,Product_1,Category_009,(15)
3726,2018-03-16,Whse_S,Product_1,Category_009,(21)
3727,2018-03-17,Whse_S,Product_1,Category_009,(23)
3728,2018-03-18,Whse_S,Product_1,Category_009,(11)
3729,2018-03-19,Whse_S,Product_1,Category_009,(16)
3730,2018-03-20,Whse_S,Product_1,Category_009,(13)
3731,2018-03-21,Whse_S,Product_1,Category_009,(15)
3732,2018-03-22,Whse_S,Product_1,Category_009,(23)
3733,2018-03-23,Whse_S,Product_1,Category_009,(17)
3734,2018-03-24,Whse_S,Product_1,Category_009,(26)
3735,2018-03-25,Whse_S,Product_1,Category_009,(15)
3736,2018-03-26,Whse_S,Product_1,Category_009,(25)
3737,2018-03-27,Whse_S,Product_1,Category_009,(19)
3738,2018-03-28,Whse_S,Product_1,Category_009,(17)
3739,2018-03-29,Whse_S,Product_1,Category_009,(14)
3740,2018-03-30,Whse_S,Product_1,Category_021,(21)
3741,2018-03-31,Whse_S,Product_1,Category_021,(20)
3742,2018-04-01,Whse_S,Product_1,Category_021,(15)
3743,2018-04-02,Whse_S,Product_1,Category_021,(22)
3744,2018-04-03,Whse_S,Product_1,Category_021,(21)
3745,2018-04-04,Whse_S,Product_1,Category_021,(24)
3746,2018-04-05,Whse_S,Product_1,Category_021,(20)
3747,2018-04-06,Whse_S,Product_1,Category_021,(36)
3748,2018-04-07,Whse_S,Product_1,Category_021,(31)
3749,2018-04-08,Whse_S,Product_1,Category_021,(20)
3750,2018-04-09,Whse_S,Product_1,Category_021,(12)
3751,2018-04-10,Whse_S,Product_1,Category_021,(19)
3752,2018-04-11,Whse_S,Product_1,Category_021,(29)
3753,2018-04-12,Whse_S,Product_1,Category_021,(24)
3754,2018-04-13,Whse_S,Product_1,Category_021,(25)
3755,2018-04-14,Whse_S,Product_1,Category_021,(31)
3756,2018-04-15,Whse_S,Product_1,Category_021,(15)
3757,2018-04-16,Whse_S,Product_1,Category_021,(24)
3758,2018-04-17,Whse_S,Product_1,Category_021,(15)
3759,2018-04-18,Whse_S,Product_1,Category_021,(19)
3760,2018-04-19,Whse_S,Product_1,Category_021,(23)
3761,2018-04-20,Whse_S,Product_1,Category_021,(23)
3762,2018-04-21,Whse_S,Product_1,Category_021,(19)
3763,2018-04-22,Whse_S,Product_1,Category_021,(20)
3764,2018-04-23,Whse_S,Product_1,Category_021,(31)
3765,2018-04-24,Whse_S,Product_1,Category_021,(16)
3766,2018-04-25,Whse_S,Product_1,Category_021,(24)
3767,2018-04-26,Whse_S,Product_1,Category_021,(15)
3768,2018-04-27,Whse_S,Product_1,Category_021,(35)
3769,2018-04-28,Whse_S,Product_1,Category_021,(34)
3770,2018-04-29,Whse_S,Product_1,Category_021,(12)
3771,2018-04-30,Whse_S,Product_1,Category_021,(19)
3772,2018-05-01,Whse_S,Product_1,Category_021,(24)
3773,2018-05-02,Whse_S,Product_1,Category_024,(21)
3774,2018-05-03,Whse_S,Product_1,Category_024,(23)
3775,2018-05-04,Whse_S,Product_1,Category_024,(31)
3776,2018-05-05,Whse_S,Product_1,Category_024,(30)
3777,2018-05-06,Whse_S,Product_1,Category_024,(18)
3778,2018-05-07,Whse_S,Product_1,Category_024,(21)
3779,2018-05-08,Whse_S,Product_1,Category_024,(23)
3780,2018-05-09,Whse_S,Product_1,Category_024,(33)
3781,2018-05-10,Whse_S,Product_1,Category_024,(28)
3782,2018-05-11,Whse_S,Product_1,Category_024,(28)
3783,2018-05-12,Whse_S,Product_1,Category_024,(24)
3784,2018-05-13,Whse_S,Product_1,Category_024,(15)
3785,2018-05-14,Whse_S,Product_1,Category_024,(23)
3786,2018-05-15,Whse_S,Product_1,Category_024,(15)
3787,2018-05-16,Whse_S,Product_1,Category_024,(30)
3788,2018-05-17,Whse_S,Product_1,Category_024,(28)
3789,2018-05-18,Whse_S,Product_1,Category_024,(27)
3790,2018-05-19,Whse_S,Product_1,Category_024,(25)
3791,2018-05-20,Whse_S,Product_1,Category_024,(19)
3792,2018-05-21,Whse_S,Product_1,Category_024,(15)
3793,2018-05-22,Whse_S,Product_1,Category_024,(25)
3794,2018-05-23,Whse_S,Product_1,Category_024,(18)
3795,2018-05-24,Whse_S,Product_1,Category_024,(22)
3796,2018-05-25,Whse_S,Product_1,Category_024,(27)
3797,2018-05-26,Whse_S,Product_1,Category_024,(29)
3798,2018-05-27,Whse_S,Product_1,Category_024,(26)
3799,2018-05-28,Whse_S,Product_1,Category_024,(20)
3800,2018-05-29,Whse_S,Product_1,Category_024,(26)
3801,2018-05-30,Whse_S,Product_1,Category_024,(14)
3802,2018-05-31,Whse_S,Product_1,Category_007,(27)
3803,2018-06-01,Whse_S,Product_1,Category_007,(26)
3804,2018-06-02,Whse_S,Product_1,Category_007,(28)
3805,2018-06-03,Whse_S,Product_1,Category_007,(17)
3806,2018-06-04,Whse_S,Product_1,Category_007,(24)
3807,2018-06-05,Whse_S,Product_1,Category_009,(23)
3808,2018-06-06,Whse_S,Product_1,Category_009,(20)
3809,2018-06-07,Whse_S,Product_1,Category_009,(24)
3810,2018-06-08,Whse_S,Product_1,Category_009,(31)
3811,2018-06-09,Whse_S,Product_1,Category_009,(29)
3812,2018-06-10,Whse_S,Product_1,Category_009,(17)
3813,2018-06-11,Whse_S,Product_1,Category_021,(25)
3814,2018-06-12,Whse_S,Product_1,Category_021,(26)
3815,2018-06-13,Whse_S,Product_1,Category_021,(28)
3816,2018-06-14,Whse_S,Product_1,Category_007,(26)
3817,2018-06-15,Whse_S,Product_1,Category_007,(20)
3818,2018-06-16,Whse_S,Product_1,Category_007,(22)
3819,2018-06-17,Whse_S,Product_1,Category_007,(22)
3820,2018-06-18,Whse_S,Product_1,Category_007,(26)
3821,2018-06-19,Whse_S,Product_1,Category_007,(20)
3822,2018-06-20,Whse_S,Product_1,Category_007,(33)
3823,2018-06-21,Whse_S,Product_1,Category_007,(25)
3824,2018-06-22,Whse_S,Product_1,Category_007,(28)
3825,2018-06-23,Whse_S,Product_1,Category_007,(29)
3826,2018-06-24,Whse_S,Product_1,Category_009,(20)
3827,2018-06-25,Whse_S,Product_1,Category_009,(20)
3828,2018-06-26,Whse_S,Product_1,Category_009,(22)
3829,2018-06-27,Whse_S,Product_1,Category_009,(24)
3830,2018-06-28,Whse_S,Product_1,Category_009,(32)
3831,2018-06-29,Whse_S,Product_1,Category_009,(28)
3832,2018-06-30,Whse_S,Product_1,Category_009,(33)
3833,2018-07-01,Whse_S,Product_1,Category_009,(20)
3834,2018-07-02,Whse_S,Product_1,Category_009,(24)
3835,2018-07-03,Whse_S,Product_1,Category_009,(20)
3836,2018-07-04,Whse_S,Product_1,Category_009,(25)
3837,2018-07-05,Whse_S,Product_1,Category_009,(29)
3838,2018-07-06,Whse_S,Product_1,Category_009,(29)
3839,2018-07-07,Whse_S,Product_1,Category_009,(31)
3840,2018-07-08,Whse_S,Product_1,Category_009,(22)
3841,2018-07-09,Whse_S,Product_1,Category_009,(32)
3842,2018-07-10,Whse_S,Product_1,Category_009,(19)
3843,2018-07-11,Whse_S,Product_1,Category_009,(21)
3844,2018-07-12,Whse_S,Product_1,Category_009,(29)
3845,2018-07-13,Whse_S,Product_1,Category_009,(21)
3846,2018-07-14,Whse_S,Product_1,Category_009,(35)
3847,2018-07-15,Whse_S,Product_1,Category_021,(24)
3848,2018-07-16,Whse_S,Product_1,Category_021,(20)
3849,2018-07-17,Whse_S,Product_1,Category_021,(24)
3850,2018-07-18,Whse_S,Product_1,Category_021,(30)
3851,2018-07-19,Whse_S,Product_1,Category_021,(32)
3852,2018-07-20,Whse_S,Product_1,Category_021,(30)
3853,2018-07-21,Whse_S,Product_1,Category_021,(35)
3854,2018-07-22,Whse_S,Product_1,Category_021,(16)
3855,2018-07-23,Whse_S,Product_1,Category_021,(21)
3856,2018-07-24,Whse_S,Product_1,Category_021,(21)
3857,2018-07-25,Whse_S,Product_1,Category_021,(33)
3858,2018-07-26,Whse_S,Product_1,Category_021,(28)
3859,2018-07-27,Whse_S,Product_1,Category_024,(32)
3860,2018-07-28,Whse_S,Product_1,Category_024,(30)
3861,2018-07-29,Whse_S,Product_1,Category_024,(22)
3862,2018-07-30,Whse_S,Product_1,Category_024,(16)
3863,2018-07-31,Whse_S,Product_1,Category_024,(23)
3864,2018-08-01,Whse_S,Product_1,Category_024,(21)
3865,2018-08-02,Whse_S,Product_1,Category_024,(25)
3866,2018-08-03,Whse_S,Product_1,Category_024,(30)
3867,2018-08-04,Whse_S,Product_1,Category_024,(21)
3868,2018-08-05,Whse_S,Product_1,Category_024,(27)
3869,2018-08-06,Whse_S,Product_1,Category_024,(30)
3870,2018-08-07,Whse_S,Product_1,Category_024,(30)
3871,2018-08-08,Whse_S,Product_1,Category_024,(18)
3872,2018-08-09,Whse_S,Product_1,Category_024,(21)
3873,2018-08-10,Whse_S,Product_1,Category_024,(27)
3874,2018-08-11,Whse_S,Product_1,Category_024,(38)
3875,2018-08-12,Whse_S,Product_1,Category_024,(9)
3876,2018-08-13,Whse_S,Product_1,Category_024,(27)
3877,2018-08-14,Whse_S,Product_1,Category_024,(26)
3878,2018-08-15,Whse_S,Product_1,Category_024,(23)
3879,2018-08-16,Whse_S,Product_1,Category_024,(26)
3880,2018-08-17,Whse_S,Product_1,Category_024,(28)
3881,2018-08-18,Whse_S,Product_1,Category_024,(27)
3882,2018-08-19,Whse_S,Product_1,Category_024,(22)
3883,2018-08-20,Whse_S,Product_1,Category_024,(33)
3884,2018-08-21,Whse_S,Product_1,Category_021,(28)
3885,2018-08-22,Whse_S,Product_1,Category_021,(21)
3886,2018-08-23,Whse_S,Product_1,Category_021,(29)
3887,2018-08-24,Whse_S,Product_1,Category_024,(20)
3888,2018-08-25,Whse_S,Product_1,Category_024,(32)
3889,2018-08-26,Whse_S,Product_1,Category_024,(16)
3890,2018-08-27,Whse_S,Product_1,Category_024,(14)
3891,2018-08-28,Whse_S,Product_1,Category_024,(21)
3892,2018-08-29,Whse_S,Product_1,Category_024,(31)
3893,2018-08-30,Whse_S,Product_1,Category_007,(23)
3894,2018-08-31,Whse_S,Product_1,Category_007,(25)
3895,2018-09-01,Whse_S,Product_1,Category_007,(25)
3896,2018-09-02,Whse_S,Product_1,Category_007,(14)
3897,2018-09-03,Whse_S,Product_1,Category_007,(18)
3898,2018-09-04,Whse_S,Product_1,Category_007,(17)
3899,2018-09-05,Whse_S,Product_1,Category_007,(20)
3900,2018-09-06,Whse_S,Product_1,Category_009,(11)
3901,2018-09-07,Whse_S,Product_1,Category_009,(29)
3902,2018-09-08,Whse_S,Product_1,Category_009,(25)
3903,2018-09-09,Whse_S,Product_1,Category_009,(23)
3904,2018-09-10,Whse_S,Product_1,Category_009,(21)
3905,2018-09-11,Whse_S,Product_1,Category_009,(17)
3906,2018-09-12,Whse_S,Product_1,Category_021,(21)
3907,2018-09-13,Whse_S,Product_1,Category_021,(25)
3908,2018-09-14,Whse_S,Product_1,Category_021,(29)
3909,2018-09-15,Whse_S,Product_1,Category_021,(30)
3910,2018-09-16,Whse_S,Product_1,Category_024,(16)
3911,2018-09-17,Whse_S,Product_1,Category_007,(20)
3912,2018-09-18,Whse_S,Product_1,Category_007,(18)
3913,2018-09-19,Whse_S,Product_1,Category_007,(23)
3914,2018-09-20,Whse_S,Product_1,Category_007,(17)
3915,2018-09-21,Whse_S,Product_1,Category_007,(27)
3916,2018-09-22,Whse_S,Product_1,Category_007,(22)
3917,2018-09-23,Whse_S,Product_1,Category_009,(19)
3918,2018-09-24,Whse_S,Product_1,Category_009,(18)
3919,2018-09-25,Whse_S,Product_1,Category_009,(25)
3920,2018-09-26,Whse_S,Product_1,Category_009,(19)
3921,2018-09-27,Whse_S,Product_1,Category_009,(19)
3922,2018-09-28,Whse_S,Product_1,Category_009,(30)
3923,2018-09-29,Whse_S,Product_1,Category_009,(37)
3924,2018-09-30,Whse_S,Product_1,Category_009,(15)
3925,2018-10-01,Whse_S,Product_1,Category_009,(18)
3926,2018-10-02,Whse_S,Product_1,Category_021,(20)
3927,2018-10-03,Whse_S,Product_1,Category_021,(22)
3928,2018-10-04,Whse_S,Product_1,Category_021,(26)
3929,2018-10-05,Whse_S,Product_1,Category_021,(11)
3930,2018-10-06,Whse_S,Product_1,Category_021,(31)
3931,2018-10-07,Whse_S,Product_1,Category_021,(25)
3932,2018-10-08,Whse_S,Product_1,Category_021,(16)
3933,2018-10-09,Whse_S,Product_1,Category_021,(20)
3934,2018-10-10,Whse_S,Product_1,Category_021,(15)
3935,2018-10-11,Whse_S,Product_1,Category_021,(22)
3936,2018-10-12,Whse_S,Product_1,Category_021,(23)
3937,2018-10-13,Whse_S,Product_1,Category_021,(20)
3938,2018-10-14,Whse_S,Product_1,Category_021,(14)
3939,2018-10-15,Whse_S,Product_1,Category_021,(24)
3940,2018-10-16,Whse_S,Product_1,Category_021,(16)
3941,2018-10-17,Whse_S,Product_1,Category_021,(24)
3942,2018-10-18,Whse_S,Product_1,Category_021,(21)
3943,2018-10-19,Whse_S,Product_1,Category_021,(25)
3944,2018-10-20,Whse_S,Product_1,Category_021,(18)
3945,2018-10-21,Whse_S,Product_1,Category_021,(13)
3946,2018-10-22,Whse_S,Product_1,Category_021,(28)
3947,2018-10-23,Whse_S,Product_1,Category_024,(16)
3948,2018-10-24,Whse_S,Product_1,Category_024,(18)
3949,2018-10-25,Whse_S,Product_1,Category_024,(18)
3950,2018-10-26,Whse_S,Product_1,Category_024,(24)
3951,2018-10-27,Whse_S,Product_1,Category_024,(23)
3952,2018-10-28,Whse_S,Product_1,Category_024,(16)
3953,2018-10-29,Whse_S,Product_1,Category_024,(28)
3954,2018-10-30,Whse_S,Product_1,Category_024,(12)
3955,2018-10-31,Whse_S,Product_1,Category_024,(19)
3956,2018-11-01,Whse_S,Product_1,Category_024,(29)
3957,2018-11-02,Whse_S,Product_1,Category_024,(20)
3958,2018-11-03,Whse_S,Product_1,Category_024,(34)
3959,2018-11-04,Whse_S,Product_1,Category_024,(20)
3960,2018-11-05,Whse_S,Product_1,Category_024,(17)
3961,2018-11-06,Whse_S,Product_1,Category_005,(13)
3962,2018-11-07,Whse_S,Product_1,Category_005,(15)
3963,2018-11-08,Whse_S,Product_1,Category_005,(28)
3964,2018-11-09,Whse_S,Product_1,Category_005,(18)
3965,2018-11-10,Whse_S,Product_1,Category_005,(31)
3966,2018-11-11,Whse_S,Product_1,Category_005,(20)
3967,2018-11-12,Whse_S,Product_1,Category_005,(20)
3968,2018-11-13,Whse_S,Product_1,Category_005,(20)
3969,2018-11-14,Whse_S,Product_1,Category_005,(26)
3970,2018-11-15,Whse_S,Product_1,Category_005,(14)
3971,2018-11-16,Whse_S,Product_1,Category_007,(27)
3972,2018-11-17,Whse_S,Product_1,Category_019,(22)
3973,2018-11-18,Whse_S,Product_1,Category_001,(13)
3974,2018-11-19,Whse_S,Product_1,Category_001,(24)
3975,2018-11-20,Whse_S,Product_1,Category_001,(18)
3976,2018-11-21,Whse_S,Product_1,Category_001,(28)
3977,2018-11-22,Whse_S,Product_1,Category_001,(33)
3978,2018-11-23,Whse_S,Product_1,Category_001,(18)
3979,2018-11-24,Whse_S,Product_1,Category_001,(33)
3980,2018-11-25,Whse_S,Product_1,Category_001,(23)
3981,2018-11-26,Whse_S,Product_1,Category_001,(18)
3982,2018-11-27,Whse_S,Product_1,Category_001,(18)
3983,2018-11-28,Whse_S,Product_1,Category_001,(33)
3984,2018-11-29,Whse_S,Product_1,Category_001,(14)
3985,2018-11-30,Whse_S,Product_1,Category_001,(22)
3986,2018-12-01,Whse_S,Product_1,Category_001,(21)
3987,2018-12-02,Whse_S,Product_1,Category_001,(12)
3988,2018-12-03,Whse_S,Product_1,Category_001,(13)
3989,2018-12-04,Whse_S,Product_1,Category_005,(14)
3990,2018-12-05,Whse_S,Product_1,Category_005,(17)
3991,2018-12-06,Whse_S,Product_1,Category_005,(15)
3992,2018-12-07,Whse_S,Product_1,Category_005,(15)
3993,2018-12-08,Whse_S,Product_1,Category_005,(19)
3994,2018-12-09,Whse_S,Product_1,Category_005,(11)
3995,2018-12-10,Whse_S,Product_1,Category_005,(11)
3996,2018-12-11,Whse_S,Product_1,Category_005,(14)
3997,2018-12-12,Whse_S,Product_1,Category_019,(12)
3998,2018-12-13,Whse_S,Product_1,Category_019,(16)
3999,2018-12-14,Whse_S,Product_1,Category_019,(23)
4000,2018-12-15,Whse_S,Product_1,Category_019,(14)
4001,2018-12-16,Whse_S,Product_1,Category_019,(18)
4002,2018-12-17,Whse_S,Product_1,Category_019,(17)
4003,2018-12-18,Whse_S,Product_1,Category_019,(10)
4004,2018-12-19,Whse_S,Product_1,Category_019,(15)
4005,2018-12-20,Whse_S,Product_1,Category_019,(18)
4006,2018-12-21,Whse_S,Product_1,Category_019,(18)
4007,2018-12-22,Whse_S,Product_1,Category_019,(16)
4008,2018-12-23,Whse_S,Product_1,Category_019,(14)
4009,2018-12-24,Whse_S,Product_1,Category_019,(15)
4010,2018-12-25,Whse_S,Product_1,Category_019,(23)
4011,2018-12-26,Whse_S,Product_1,Category_019,(15)
4012,2018-12-27,Whse_S,Product_1,Category_019,(18)
4013,2018-12-28,Whse_S,Product_1,Category_019,(16)
4014,2018-12-29,Whse_S,Product_1,Category_019,(19)
4015,2018-12-30,Whse_S,Product_1,Category_019,(7)
4016,2018-12-31,Whse_S,Product_1,Category_019,(12)
4017,2019-01-01,Whse_S,Product_1,Category_019,(7)
4018,2019-01-02,Whse_S,Product_1,Category_019,(17)
4019,2019-01-03,Whse_S,Product_1,Category_019,(16)
4020,2019-01-04,Whse_S,Product_1,Category_019,(21)
4021,2019-01-05,Whse_S,Product_1,Category_019,(14)
4022,2019-01-06,Whse_S,Product_1,Category_019,(13)
4023,2019-01-07,Whse_S,Product_1,Category_019,(15)
4024,2019-01-08,Whse_S,Product_1,Category_019,(17)
4025,2019-01-09,Whse_S,Product_1,Category_019,(15)
4026,2019-01-10,Whse_S,Product_1,Category_019,(15)
4027,2019-01-11,Whse_S,Product_1,Category_019,(18)
4028,2019-01-12,Whse_S,Product_1,Category_019,(15)
4029,2019-01-13,Whse_S,Product_1,Category_019,(10)
4030,2019-01-14,Whse_S,Product_1,Category_019,(19)
4031,2019-01-15,Whse_S,Product_1,Category_019,(18)
4032,2019-01-16,Whse_S,Product_1,Category_019,(19)
4033,2019-01-17,Whse_S,Product_1,Category_019,(19)
4034,2019-01-18,Whse_S,Product_1,Category_019,(10)
4035,2019-01-19,Whse_S,Product_1,Category_019,(19)
4036,2019-01-20,Whse_S,Product_1,Category_019,(15)
4037,2019-01-21,Whse_S,Product_1,Category_019,(11)
4038,2019-01-22,Whse_S,Product_1,Category_019,(14)
4039,2019-01-23,Whse_S,Product_1,Category_019,(17)
4040,2019-01-24,Whse_S,Product_1,Category_019,(15)
4041,2019-01-25,Whse_S,Product_1,Category_019,(26)
4042,2019-01-26,Whse_S,Product_1,Category_019,(18)
4043,2019-01-27,Whse_S,Product_1,Category_019,(17)
4044,2019-01-28,Whse_S,Product_1,Category_019,(10)
4045,2019-01-29,Whse_S,Product_1,Category_019,(8)
4046,2019-01-30,Whse_S,Product_1,Category_019,(19)
4047,2019-01-31,Whse_S,Product_1,Category_019,(12)
4048,2019-02-01,Whse_S,Product_1,Category_019,(10)
4049,2019-02-02,Whse_S,Product_1,Category_019,(13)
4050,2019-02-03,Whse_S,Product_1,Category_019,(19)
4051,2019-02-04,Whse_S,Product_1,Category_019,(20)
4052,2019-02-05,Whse_S,Product_1,Category_019,(19)
4053,2019-02-06,Whse_S,Product_1,Category_019,(21)
4054,2019-02-07,Whse_S,Product_1,Category_019,(26)
4055,2019-02-08,Whse_S,Product_1,Category_019,(21)
4056,2019-02-09,Whse_S,Product_1,Category_019,(32)
4057,2019-02-10,Whse_S,Product_1,Category_019,(10)
4058,2019-02-11,Whse_S,Product_1,Category_019,(17)
4059,2019-02-12,Whse_S,Product_1,Category_019,(18)
4060,2019-02-13,Whse_S,Product_1,Category_019,(18)
4061,2019-02-14,Whse_S,Product_1,Category_019,(14)
4062,2019-02-15,Whse_S,Product_1,Category_019,(19)
4063,2019-02-16,Whse_S,Product_1,Category_019,(13)
4064,2019-02-17,Whse_S,Product_1,Category_019,(10)
4065,2019-02-18,Whse_S,Product_1,Category_019,(14)
4066,2019-02-19,Whse_S,Product_1,Category_023,(14)
4067,2019-02-20,Whse_S,Product_1,Category_023,(15)
4068,2019-02-21,Whse_S,Product_1,Category_023,(19)
4069,2019-02-22,Whse_S,Product_1,Category_023,(16)
4070,2019-02-23,Whse_S,Product_1,Category_023,(18)
4071,2019-02-24,Whse_S,Product_1,Category_023,(16)
4072,2019-02-25,Whse_S,Product_1,Category_023,(26)
4073,2019-02-26,Whse_S,Product_1,Category_023,(20)
4074,2019-02-27,Whse_S,Product_1,Category_023,(24)
4075,2019-02-28,Whse_S,Product_1,Category_023,(21)
4076,2019-03-01,Whse_S,Product_1,Category_023,(19)
4077,2019-03-02,Whse_S,Product_1,Category_023,(26)
4078,2019-03-03,Whse_S,Product_1,Category_023,(17)
4079,2019-03-04,Whse_S,Product_1,Category_023,(18)
4080,2019-03-05,Whse_S,Product_1,Category_023,(22)
4081,2019-03-06,Whse_S,Product_1,Category_023,(28)
4082,2019-03-07,Whse_S,Product_1,Category_023,(23)
4083,2019-03-08,Whse_S,Product_1,Category_023,(22)
4084,2019-03-09,Whse_S,Product_1,Category_023,(28)
4085,2019-03-10,Whse_S,Product_1,Category_023,(19)
4086,2019-03-11,Whse_S,Product_1,Category_023,(22)
4087,2019-03-12,Whse_S,Product_1,Category_023,(20)
4088,2019-03-13,Whse_S,Product_1,Category_023,(23)
4089,2019-03-14,Whse_S,Product_1,Category_023,(14)
4090,2019-03-15,Whse_S,Product_1,Category_023,(21)
4091,2019-03-16,Whse_S,Product_1,Category_023,(30)
4092,2019-03-17,Whse_S,Product_1,Category_023,(15)
4093,2019-03-18,Whse_S,Product_1,Category_023,(17)
4094,2019-03-19,Whse_S,Product_1,Category_023,(22)
4095,2019-03-20,Whse_S,Product_1,Category_023,(25)
4096,2019-03-21,Whse_S,Product_1,Category_023,(25)
4097,2019-03-22,Whse_S,Product_1,Category_023,(23)
4098,2019-03-23,Whse_S,Product_1,Category_023,(31)
4099,2019-03-24,Whse_S,Product_1,Category_023,(17)
4100,2019-03-25,Whse_S,Product_1,Category_023,(15)
4101,2019-03-26,Whse_S,Product_1,Category_023,(33)
4102,2019-03-27,Whse_S,Product_1,Category_023,(22)
4103,2019-03-28,Whse_S,Product_1,Category_023,(21)
4104,2019-03-29,Whse_S,Product_1,Category_023,(29)
4105,2019-03-30,Whse_S,Product_1,Category_023,(26)
4106,2019-03-31,Whse_S,Product_1,Category_023,(12)
4107,2019-04-01,Whse_S,Product_1,Category_023,(27)
4108,2019-04-02,Whse_S,Product_1,Category_023,(29)
4109,2019-04-03,Whse_S,Product_1,Category_023,(24)
4110,2019-04-04,Whse_S,Product_1,Category_023,(19)
4111,2019-04-05,Whse_S,Product_1,Category_023,(29)
4112,2019-04-06,Whse_S,Product_1,Category_023,(29)
4113,2019-04-07,Whse_S,Product_1,Category_023,(14)
4114,2019-04-08,Whse_S,Product_1,Category_023,(22)
4115,2019-04-09,Whse_S,Product_1,Category_023,(19)
4116,2019-04-10,Whse_S,Product_1,Category_023,(27)
4117,2019-04-11,Whse_S,Product_1,Category_023,(26)
4118,2019-04-12,Whse_S,Product_1,Category_023,(32)
4119,2019-04-13,Whse_S,Product_1,Category_023,(26)
4120,2019-04-14,Whse_S,Product_1,Category_023,(19)
4121,2019-04-15,Whse_S,Product_1,Category_023,(15)
4122,2019-04-16,Whse_S,Product_1,Category_023,(24)
4123,2019-04-17,Whse_S,Product_1,Category_023,(20)
4124,2019-04-18,Whse_S,Product_1,Category_023,(31)
4125,2019-04-19,Whse_S,Product_1,Category_023,(24)
4126,2019-04-20,Whse_S,Product_1,Category_023,(26)
4127,2019-04-21,Whse_S,Product_1,Category_023,(20)
4128,2019-04-22,Whse_S,Product_1,Category_023,(20)
4129,2019-04-23,Whse_S,Product_1,Category_023,(28)
4130,2019-04-24,Whse_S,Product_1,Category_023,(26)
4131,2019-04-25,Whse_S,Product_1,Category_023,(27)
4132,2019-04-26,Whse_S,Product_1,Category_023,(22)
4133,2019-04-27,Whse_S,Product_1,Category_023,(40)
4134,2019-04-28,Whse_S,Product_1,Category_023,(15)
4135,2019-04-29,Whse_S,Product_1,Category_023,(28)
4136,2019-04-30,Whse_S,Product_1,Category_023,(20)
4137,2019-05-01,Whse_S,Product_1,Category_023,(27)
4138,2019-05-02,Whse_S,Product_1,Category_023,(19)
4139,2019-05-03,Whse_S,Product_1,Category_023,(33)
4140,2019-05-04,Whse_S,Product_1,Category_023,(32)
4141,2019-05-05,Whse_S,Product_1,Category_023,(15)
4142,2019-05-06,Whse_S,Product_1,Category_023,(30)
4143,2019-05-07,Whse_S,Product_1,Category_023,(21)
4144,2019-05-08,Whse_S,Product_1,Category_023,(24)
4145,2019-05-09,Whse_S,Product_1,Category_023,(35)
4146,2019-05-10,Whse_S,Product_1,Category_023,(39)
4147,2019-05-11,Whse_S,Product_1,Category_023,(38)
4148,2019-05-12,Whse_S,Product_1,Category_023,(19)
4149,2019-05-13,Whse_S,Product_1,Category_023,(26)
4150,2019-05-14,Whse_S,Product_1,Category_023,(34)
4151,2019-05-15,Whse_S,Product_1,Category_023,(25)
4152,2019-05-16,Whse_S,Product_1,Category_023,(31)
4153,2019-05-17,Whse_S,Product_1,Category_023,(40)
4154,2019-05-18,Whse_S,Product_1,Category_023,(23)
4155,2019-05-19,Whse_S,Product_1,Category_023,(16)
4156,2019-05-20,Whse_S,Product_1,Category_023,(24)
4157,2019-05-21,Whse_S,Product_1,Category_023,(34)
4158,2019-05-22,Whse_S,Product_1,Category_030,(24)
4159,2019-05-23,Whse_S,Product_1,Category_030,(24)
4160,2019-05-24,Whse_S,Product_1,Category_015,(31)
4161,2019-05-25,Whse_S,Product_1,Category_015,(31)
4162,2019-05-26,Whse_S,Product_1,Category_015,(29)
4163,2019-05-27,Whse_S,Product_1,Category_015,(26)
4164,2019-05-28,Whse_S,Product_1,Category_015,(30)
4165,2019-05-29,Whse_S,Product_1,Category_015,(30)
4166,2019-05-30,Whse_S,Product_1,Category_015,(30)
4167,2019-05-31,Whse_S,Product_1,Category_015,(35)
4168,2019-06-01,Whse_S,Product_1,Category_015,(35)
4169,2019-06-02,Whse_S,Product_1,Category_022,(24)
4170,2019-06-03,Whse_S,Product_1,Category_022,(27)
4171,2019-06-04,Whse_S,Product_1,Category_007,(22)
4172,2019-06-05,Whse_S,Product_1,Category_007,(22)
4173,2019-06-06,Whse_S,Product_1,Category_007,(22)
4174,2019-06-07,Whse_S,Product_1,Category_007,(40)
4175,2019-06-08,Whse_S,Product_1,Category_007,(34)
4176,2019-06-09,Whse_S,Product_1,Category_007,(23)
4177,2019-06-10,Whse_S,Product_1,Category_007,(34)
4178,2019-06-11,Whse_S,Product_1,Category_009,(34)
4179,2019-06-12,Whse_S,Product_1,Category_009,(31)
4180,2019-06-13,Whse_S,Product_1,Category_009,(34)
4181,2019-06-14,Whse_S,Product_1,Category_009,(39)
4182,2019-06-15,Whse_S,Product_1,Category_009,(25)
4183,2019-06-16,Whse_S,Product_1,Category_009,(23)
4184,2019-06-17,Whse_S,Product_1,Category_009,(18)
4185,2019-06-18,Whse_S,Product_1,Category_009,(23)
4186,2019-06-19,Whse_S,Product_1,Category_009,(29)
4187,2019-06-20,Whse_S,Product_1,Category_009,(26)
4188,2019-06-21,Whse_S,Product_1,Category_009,(44)
4189,2019-06-22,Whse_S,Product_1,Category_009,(31)
4190,2019-06-23,Whse_S,Product_1,Category_009,(27)
4191,2019-06-24,Whse_S,Product_1,Category_009,(31)
4192,2019-06-25,Whse_S,Product_1,Category_009,(27)
4193,2019-06-26,Whse_S,Product_1,Category_009,(22)
4194,2019-06-27,Whse_S,Product_1,Category_009,(30)
4195,2019-06-28,Whse_S,Product_1,Category_009,(28)
4196,2019-06-29,Whse_S,Product_1,Category_009,(26)
4197,2019-06-30,Whse_S,Product_1,Category_009,(19)
4198,2019-07-01,Whse_S,Product_1,Category_009,(24)
4199,2019-07-02,Whse_S,Product_1,Category_009,(25)
4200,2019-07-03,Whse_S,Product_1,Category_009,(31)
4201,2019-07-04,Whse_S,Product_1,Category_009,(31)
4202,2019-07-05,Whse_S,Product_1,Category_009,(39)
4203,2019-07-06,Whse_S,Product_1,Category_009,(24)
4204,2019-07-07,Whse_S,Product_1,Category_009,(23)
4205,2019-07-08,Whse_S,Product_1,Category_021,(26)
4206,2019-07-09,Whse_S,Product_1,Category_021,(28)
4207,2019-07-10,Whse_S,Product_1,Category_021,(22)
4208,2019-07-11,Whse_S,Product_1,Category_021,(36)
4209,2019-07-12,Whse_S,Product_1,Category_021,(39)
4210,2019-07-13,Whse_S,Product_1,Category_021,(31)
4211,2019-07-14,Whse_S,Product_1,Category_021,(36)
4212,2019-07-15,Whse_S,Product_1,Category_021,(16)
4213,2019-07-16,Whse_S,Product_1,Category_021,(44)
4214,2019-07-17,Whse_S,Product_1,Category_021,(29)
4215,2019-07-18,Whse_S,Product_1,Category_021,(33)
4216,2019-07-19,Whse_S,Product_1,Category_021,(33)
4217,2019-07-20,Whse_S,Product_1,Category_021,(43)
4218,2019-07-21,Whse_S,Product_1,Category_021,(22)
4219,2019-07-22,Whse_S,Product_1,Category_021,(31)
4220,2019-07-23,Whse_S,Product_1,Category_021,(37)
4221,2019-07-24,Whse_S,Product_1,Category_024,(29)
4222,2019-07-25,Whse_S,Product_1,Category_024,(44)
4223,2019-07-26,Whse_S,Product_1,Category_024,(34)
4224,2019-07-27,Whse_S,Product_1,Category_024,(39)
4225,2019-07-28,Whse_S,Product_1,Category_024,(29)
4226,2019-07-29,Whse_S,Product_1,Category_024,(21)
4227,2019-07-30,Whse_S,Product_1,Category_024,(19)
4228,2019-07-31,Whse_S,Product_1,Category_024,(24)
4229,2019-08-01,Whse_S,Product_1,Category_024,(34)
4230,2019-08-02,Whse_S,Product_1,Category_024,(35)
4231,2019-08-03,Whse_S,Product_1,Category_006,(28)
4232,2019-08-04,Whse_S,Product_1,Category_019,(16)
4233,2019-08-05,Whse_S,Product_1,Category_019,(16)
4234,2019-08-06,Whse_S,Product_1,Category_019,(33)
4235,2019-08-07,Whse_S,Product_1,Category_019,(27)
4236,2019-08-08,Whse_S,Product_1,Category_019,(30)
4237,2019-08-09,Whse_S,Product_1,Category_019,(20)
4238,2019-08-10,Whse_S,Product_1,Category_019,(31)
4239,2019-08-11,Whse_S,Product_1,Category_019,(17)
4240,2019-08-12,Whse_S,Product_1,Category_019,(26)
4241,2019-08-13,Whse_S,Product_1,Category_019,(23)
4242,2019-08-14,Whse_S,Product_1,Category_019,(23)
4243,2019-08-15,Whse_S,Product_1,Category_019,(26)
4244,2019-08-16,Whse_S,Product_1,Category_019,(33)
4245,2019-08-17,Whse_S,Product_1,Category_019,(30)
4246,2019-08-18,Whse_S,Product_1,Category_019,(18)
4247,2019-08-19,Whse_S,Product_1,Category_019,(34)
4248,2019-08-20,Whse_S,Product_1,Category_019,(23)
4249,2019-08-21,Whse_S,Product_1,Category_019,(29)
4250,2019-08-22,Whse_S,Product_1,Category_019,(30)
4251,2019-08-23,Whse_S,Product_1,Category_019,(35)
4252,2019-08-24,Whse_S,Product_1,Category_019,(32)
4253,2019-08-25,Whse_S,Product_1,Category_019,(26)
4254,2019-08-26,Whse_S,Product_1,Category_019,(24)
4255,2019-08-27,Whse_S,Product_1,Category_019,(31)
4256,2019-08-28,Whse_S,Product_1,Category_019,(16)
4257,2019-08-29,Whse_S,Product_1,Category_019,(27)
4258,2019-08-30,Whse_S,Product_1,Category_019,(27)
4259,2019-08-31,Whse_S,Product_1,Category_019,(24)
4260,2019-09-01,Whse_S,Product_1,Category_019,(23)
4261,2019-09-02,Whse_S,Product_1,Category_019,(20)
4262,2019-09-03,Whse_S,Product_1,Category_019,(22)
4263,2019-09-04,Whse_S,Product_1,Category_019,(27)
4264,2019-09-05,Whse_S,Product_1,Category_019,(28)
4265,2019-09-06,Whse_S,Product_1,Category_019,(28)
4266,2019-09-07,Whse_S,Product_1,Category_019,(31)
4267,2019-09-08,Whse_S,Product_1,Category_019,(21)
4268,2019-09-09,Whse_S,Product_1,Category_019,(26)
4269,2019-09-10,Whse_S,Product_1,Category_019,(21)
4270,2019-09-11,Whse_S,Product_1,Category_019,(23)
4271,2019-09-12,Whse_S,Product_1,Category_019,(28)
4272,2019-09-13,Whse_S,Product_1,Category_019,(34)
4273,2019-09-14,Whse_S,Product_1,Category_030,(31)
4274,2019-09-15,Whse_S,Product_1,Category_030,(16)
4275,2019-09-16,Whse_S,Product_1,Category_030,(19)
4276,2019-09-17,Whse_S,Product_1,Category_030,(25)
4277,2019-09-18,Whse_S,Product_1,Category_030,(26)
4278,2019-09-19,Whse_S,Product_1,Category_030,(31)
4279,2019-09-20,Whse_S,Product_1,Category_030,(24)
4280,2019-09-21,Whse_S,Product_1,Category_030,(29)
4281,2019-09-22,Whse_S,Product_1,Category_030,(16)
4282,2019-09-23,Whse_S,Product_1,Category_030,(14)
4283,2019-09-24,Whse_S,Product_1,Category_030,(25)
4284,2019-09-25,Whse_S,Product_1,Category_030,(14)
4285,2019-09-26,Whse_S,Product_1,Category_030,(26)
4286,2019-09-27,Whse_S,Product_1,Category_030,(35)
4287,2019-09-28,Whse_S,Product_1,Category_030,(27)
4288,2019-09-29,Whse_S,Product_1,Category_030,(17)
4289,2019-09-30,Whse_S,Product_1,Category_030,(21)
4290,2019-10-01,Whse_S,Product_1,Category_030,(24)
4291,2019-10-02,Whse_S,Product_1,Category_030,(28)
4292,2019-10-03,Whse_S,Product_1,Category_019,(22)
4293,2019-10-04,Whse_S,Product_1,Category_019,(20)
4294,2019-10-05,Whse_S,Product_1,Category_019,(32)
4295,2019-10-06,Whse_S,Product_1,Category_019,(13)
4296,2019-10-07,Whse_S,Product_1,Category_019,(24)
4297,2019-10-08,Whse_S,Product_1,Category_019,(26)
4298,2019-10-09,Whse_S,Product_1,Category_019,(29)
4299,2019-10-10,Whse_S,Product_1,Category_019,(22)
4300,2019-10-11,Whse_S,Product_1,Category_019,(26)
4301,2019-10-12,Whse_S,Product_1,Category_019,(29)
4302,2019-10-13,Whse_S,Product_1,Category_019,(19)
4303,2019-10-14,Whse_S,Product_1,Category_019,(26)
4304,2019-10-15,Whse_S,Product_1,Category_019,(15)
4305,2019-10-16,Whse_S,Product_1,Category_019,(29)
4306,2019-10-17,Whse_S,Product_1,Category_019,(28)
4307,2019-10-18,Whse_S,Product_1,Category_019,(40)
4308,2019-10-19,Whse_S,Product_1,Category_019,(30)
4309,2019-10-20,Whse_S,Product_1,Category_019,(13)
4310,2019-10-21,Whse_S,Product_1,Category_019,(35)
4311,2019-10-22,Whse_S,Product_1,Category_019,(14)
4312,2019-10-23,Whse_S,Product_1,Category_019,(19)
4313,2019-10-24,Whse_S,Product_1,Category_019,(20)
4314,2019-10-25,Whse_S,Product_1,Category_019,(16)
4315,2019-10-26,Whse_S,Product_1,Category_019,(21)
4316,2019-10-27,Whse_S,Product_1,Category_019,(21)
4317,2019-10-28,Whse_S,Product_1,Category_019,(20)
4318,2019-10-29,Whse_S,Product_1,Category_019,(20)
4319,2019-10-30,Whse_S,Product_1,Category_019,(27)
4320,2019-10-31,Whse_S,Product_1,Category_019,(22)
4321,2019-11-01,Whse_S,Product_1,Category_019,(26)
4322,2019-11-02,Whse_S,Product_1,Category_019,(29)
4323,2019-11-03,Whse_S,Product_1,Category_019,(14)
4324,2019-11-04,Whse_S,Product_1,Category_019,(20)
4325,2019-11-05,Whse_S,Product_1,Category_019,(22)
4326,2019-11-06,Whse_S,Product_1,Category_019,(27)
4327,2019-11-07,Whse_S,Product_1,Category_019,(34)
4328,2019-11-08,Whse_S,Product_1,Category_019,(25)
4329,2019-11-09,Whse_S,Product_1,Category_019,(22)
4330,2019-11-10,Whse_S,Product_1,Category_019,(22)
4331,2019-11-11,Whse_S,Product_1,Category_019,(26)
4332,2019-11-12,Whse_S,Product_1,Category_019,(25)
4333,2019-11-13,Whse_S,Product_1,Category_019,(21)
4334,2019-11-14,Whse_S,Product_1,Category_019,(23)
4335,2019-11-15,Whse_S,Product_1,Category_019,(32)
4336,2019-11-16,Whse_S,Product_1,Category_019,(32)
4337,2019-11-17,Whse_S,Product_1,Category_019,(23)
4338,2019-11-18,Whse_S,Product_1,Category_019,(23)
4339,2019-11-19,Whse_S,Product_1,Category_019,(28)
4340,2019-11-20,Whse_S,Product_1,Category_019,(38)
4341,2019-11-21,Whse_S,Product_1,Category_019,(34)
4342,2019-11-22,Whse_S,Product_1,Category_019,(26)
4343,2019-11-23,Whse_S,Product_1,Category_019,(22)
4344,2019-11-24,Whse_S,Product_1,Category_019,(22)
4345,2019-11-25,Whse_S,Product_1,Category_019,(26)
4346,2019-11-26,Whse_S,Product_1,Category_019,(27)
4347,2019-11-27,Whse_S,Product_1,Category_019,(31)
4348,2019-11-28,Whse_S,Product_1,Category_019,(23)
4349,2019-11-29,Whse_S,Product_1,Category_019,(27)
4350,2019-11-30,Whse_S,Product_1,Category_019,(28)
4351,2019-12-01,Whse_S,Product_1,Category_019,(14)
4352,2019-12-02,Whse_S,Product_1,Category_019,(12)
4353,2019-12-03,Whse_S,Product_1,Category_019,(14)
4354,2019-12-04,Whse_S,Product_1,Category_019,(20)
4355,2019-12-05,Whse_S,Product_1,Category_019,(21)
4356,2019-12-06,Whse_S,Product_1,Category_019,(19)
4357,2019-12-07,Whse_S,Product_1,Category_019,(16)
4358,2019-12-08,Whse_S,Product_1,Category_019,(15)
4359,2019-12-09,Whse_S,Product_1,Category_019,(20)
4360,2019-12-10,Whse_S,Product_1,Category_019,(11)
4361,2019-12-11,Whse_S,Product_1,Category_019,(15)
4362,2019-12-12,Whse_S,Product_1,Category_019,(20)
4363,2019-12-13,Whse_S,Product_1,Category_019,(23)
4364,2019-12-14,Whse_S,Product_1,Category_019,(22)
4365,2019-12-15,Whse_S,Product_1,Category_019,(17)
4366,2019-12-16,Whse_S,Product_1,Category_019,(11)
4367,2019-12-17,Whse_S,Product_1,Category_019,(28)
4368,2019-12-18,Whse_S,Product_1,Category_019,(12)
4369,2019-12-19,Whse_S,Product_1,Category_019,(17)
4370,2019-12-20,Whse_S,Product_1,Category_019,(26)
4371,2019-12-21,Whse_S,Product_1,Category_019,(21)
4372,2019-12-22,Whse_S,Product_1,Category_019,(16)
4373,2019-12-23,Whse_S,Product_1,Category_019,(24)
4374,2019-12-24,Whse_S,Product_1,Category_019,(15)
4375,2019-12-25,Whse_S,Product_1,Category_019,(16)
4376,2019-12-26,Whse_S,Product_1,Category_019,(18)
4377,2019-12-27,Whse_S,Product_1,Category_019,(20)
4378,2019-12-28,Whse_S,Product_1,Category_019,(25)
4379,2019-12-29,Whse_S,Product_1,Category_019,(12)
4380,2019-12-30,Whse_S,Product_1,Category_019,(13)
4381,2019-12-31,Whse_S,Product_1,Category_019,(11)
4382,2020-01-01,Whse_S,Product_1,Category_019,(15)
4383,2020-01-02,Whse_S,Product_1,Category_019,(16)
4384,2020-01-03,Whse_S,Product_1,Category_019,(20)
4385,2020-01-04,Whse_S,Product_1,Category_019,(18)
4386,2020-01-05,Whse_S,Product_1,Category_019,(8)
4387,2020-01-06,Whse_S,Product_1,Category_019,(15)
4388,2020-01-07,Whse_S,Product_1,Category_019,(17)
4389,2020-01-08,Whse_S,Product_1,Category_019,(18)
4390,2020-01-09,Whse_S,Product_1,Category_019,(23)
4391,2020-01-10,Whse_S,Product_1,Category_019,(23)
4392,2020-01-11,Whse_S,Product_1,Category_019,(16)
4393,2020-01-12,Whse_S,Product_1,Category_019,(13)
4394,2020-01-13,Whse_S,Product_1,Category_019,(14)
4395,2020-01-14,Whse_S,Product_1,Category_019,(10)
4396,2020-01-15,Whse_S,Product_1,Category_019,(7)
4397,2020-01-16,Whse_S,Product_1,Category_019,(16)
4398,2020-01-17,Whse_S,Product_1,Category_019,(23)
4399,2020-01-18,Whse_S,Product_1,Category_019,(23)
4400,2020-01-19,Whse_S,Product_1,Category_007,(14)
4401,2020-01-20,Whse_S,Product_1,Category_009,(16)
4402,2020-01-21,Whse_S,Product_1,Category_009,(19)
4403,2020-01-22,Whse_S,Product_1,Category_009,(13)
4404,2020-01-23,Whse_S,Product_1,Category_007,(23)
4405,2020-01-24,Whse_S,Product_1,Category_021,(17)
4406,2020-01-25,Whse_S,Product_1,Category_024,(17)
4407,2020-01-26,Whse_S,Product_1,Category_024,(16)
4408,2020-01-27,Whse_S,Product_1,Category_024,(23)
4409,2020-01-28,Whse_S,Product_1,Category_024,(13)
4410,2020-01-29,Whse_S,Product_1,Category_015,(11)
4411,2020-01-30,Whse_S,Product_1,Category_007,(16)
4412,2020-01-31,Whse_S,Product_1,Category_007,(27)
4413,2020-02-01,Whse_S,Product_1,Category_007,(21)
4414,2020-02-02,Whse_S,Product_1,Category_007,(12)
4415,2020-02-03,Whse_S,Product_1,Category_009,(10)
4416,2020-02-04,Whse_S,Product_1,Category_009,(19)
4417,2020-02-05,Whse_S,Product_1,Category_009,(18)
4418,2020-02-06,Whse_S,Product_1,Category_009,(19)
4419,2020-02-07,Whse_S,Product_1,Category_009,(22)
4420,2020-02-08,Whse_S,Product_1,Category_021,(14)
4421,2020-02-09,Whse_S,Product_1,Category_021,(17)
4422,2020-02-10,Whse_S,Product_1,Category_021,(12)
4423,2020-02-11,Whse_S,Product_1,Category_024,(17)
4424,2020-02-12,Whse_S,Product_1,Category_024,(25)
4425,2020-02-13,Whse_S,Product_1,Category_024,(18)
4426,2020-02-14,Whse_S,Product_1,Category_024,(24)
4427,2020-02-15,Whse_S,Product_1,Category_001,(19)
4428,2020-02-16,Whse_S,Product_1,Category_001,(18)
4429,2020-02-17,Whse_S,Product_1,Category_001,(9)
4430,2020-02-18,Whse_S,Product_1,Category_001,(17)
4431,2020-02-19,Whse_S,Product_1,Category_001,(17)
4432,2020-02-20,Whse_S,Product_1,Category_001,(16)
4433,2020-02-21,Whse_S,Product_1,Category_005,(18)
4434,2020-02-22,Whse_S,Product_1,Category_005,(33)
4435,2020-02-23,Whse_S,Product_1,Category_019,(14)
4436,2020-02-24,Whse_S,Product_1,Category_019,(13)
4437,2020-02-25,Whse_S,Product_1,Category_019,(18)
4438,2020-02-26,Whse_S,Product_1,Category_030,(14)
4439,2020-02-27,Whse_S,Product_1,Category_030,(17)
4440,2020-02-28,Whse_S,Product_1,Category_032,(15)
4441,2020-03-01,Whse_S,Product_1,Category_032,(19)
4442,2020-03-02,Whse_S,Product_1,Category_032,(21)
4443,2020-03-03,Whse_S,Product_1,Category_032,(18)
4444,2020-03-04,Whse_S,Product_1,Category_019,(27)
4445,2020-03-05,Whse_S,Product_1,Category_019,(17)
4446,2020-03-06,Whse_S,Product_1,Category_019,(25)
4447,2020-03-07,Whse_S,Product_1,Category_019,(28)
4448,2020-03-08,Whse_S,Product_1,Category_019,(25)
4449,2020-03-09,Whse_S,Product_1,Category_019,(10)
4450,2020-03-10,Whse_S,Product_1,Category_019,(16)
4451,2020-03-11,Whse_S,Product_1,Category_019,(21)
4452,2020-03-12,Whse_S,Product_1,Category_019,(21)
4453,2020-03-13,Whse_S,Product_1,Category_019,(26)
4454,2020-03-14,Whse_S,Product_1,Category_019,(26)
4455,2020-03-15,Whse_S,Product_1,Category_019,(21)
4456,2020-03-16,Whse_S,Product_1,Category_019,(21)
4457,2020-03-17,Whse_S,Product_1,Category_019,(22)
4458,2020-03-18,Whse_S,Product_1,Category_019,(15)
4459,2020-03-19,Whse_S,Product_1,Category_019,(21)
4460,2020-03-20,Whse_S,Product_1,Category_019,(23)
4461,2020-03-21,Whse_S,Product_1,Category_019,(27)
4462,2020-03-22,Whse_S,Product_1,Category_019,(30)
4463,2020-03-23,Whse_S,Product_1,Category_019,(17)
4464,2020-03-24,Whse_S,Product_1,Category_019,(27)
4465,2020-03-25,Whse_S,Product_1,Category_019,(21)
4466,2020-03-26,Whse_S,Product_1,Category_019,(24)
4467,2020-03-27,Whse_S,Product_1,Category_019,(26)
4468,2020-03-28,Whse_S,Product_1,Category_019,(26)
4469,2020-03-29,Whse_S,Product_1,Category_019,(41)
4470,2020-03-30,Whse_S,Product_1,Category_019,(14)
4471,2020-03-31,Whse_S,Product_1,Category_019,(16)
4472,2020-04-01,Whse_S,Product_1,Category_019,(20)
4473,2020-04-02,Whse_S,Product_1,Category_019,(29)
4474,2020-04-03,Whse_S,Product_1,Category_019,(32)
4475,2020-04-04,Whse_S,Product_1,Category_019,(32)
4476,2020-04-05,Whse_S,Product_1,Category_019,(30)
4477,2020-04-06,Whse_S,Product_1,Category_019,(23)
4478,2020-04-07,Whse_S,Product_1,Category_019,(26)
4479,2020-04-08,Whse_S,Product_1,Category_019,(28)
4480,2020-04-09,Whse_S,Product_1,Category_019,(31)
4481,2020-04-10,Whse_S,Product_1,Category_019,(24)
4482,2020-04-11,Whse_S,Product_1,Category_019,(38)
4483,2020-04-12,Whse_S,Product_1,Category_019,(32)
4484,2020-04-13,Whse_S,Product_1,Category_019,(24)
4485,2020-04-14,Whse_S,Product_1,Category_019,(38)
4486,2020-04-15,Whse_S,Product_1,Category_019,(28)
4487,2020-04-16,Whse_S,Product_1,Category_019,(27)
4488,2020-04-17,Whse_S,Product_1,Category_019,(23)
4489,2020-04-18,Whse_S,Product_1,Category_019,(34)
4490,2020-04-19,Whse_S,Product_1,Category_019,(22)
4491,2020-04-20,Whse_S,Product_1,Category_019,(22)
4492,2020-04-21,Whse_S,Product_1,Category_019,(19)
4493,2020-04-22,Whse_S,Product_1,Category_019,(18)
4494,2020-04-23,Whse_S,Product_1,Category_019,(22)
4495,2020-04-24,Whse_S,Product_1,Category_019,(23)
4496,2020-04-25,Whse_S,Product_1,Category_019,(36)
4497,2020-04-26,Whse_S,Product_1,Category_019,(39)
4498,2020-04-27,Whse_S,Product_1,Category_019,(26)
4499,2020-04-28,Whse_S,Product_1,Category_019,(17)
4500,2020-04-29,Whse_S,Product_1,Category_019,(23)
4501,2020-04-30,Whse_S,Product_1,Category_019,(27)
4502,2020-05-01,Whse_S,Product_1,Category_019,(32)
4503,2020-05-02,Whse_S,Product_1,Category_019,(43)
4504,2020-05-03,Whse_S,Product_1,Category_019,(34)
4505,2020-05-04,Whse_S,Product_1,Category_019,(21)
4506,2020-05-05,Whse_S,Product_1,Category_019,(31)
4507,2020-05-06,Whse_S,Product_1,Category_019,(28)
4508,2020-05-07,Whse_S,Product_1,Category_019,(31)
4509,2020-05-08,Whse_S,Product_1,Category_019,(32)
4510,2020-05-09,Whse_S,Product_1,Category_019,(36)
4511,2020-05-10,Whse_S,Product_1,Category_019,(37)
4512,2020-05-11,Whse_S,Product_1,Category_019,(22)
4513,2020-05-12,Whse_S,Product_1,Category_019,(23)
4514,2020-05-13,Whse_S,Product_1,Category_019,(19)
4515,2020-05-14,Whse_S,Product_1,Category_019,(21)
4516,2020-05-15,Whse_S,Product_1,Category_019,(29)
4517,2020-05-16,Whse_S,Product_1,Category_019,(33)
4518,2020-05-17,Whse_S,Product_1,Category_019,(33)
4519,2020-05-18,Whse_S,Product_1,Category_019,(27)
4520,2020-05-19,Whse_S,Product_1,Category_019,(26)
4521,2020-05-20,Whse_S,Product_1,Category_019,(27)
4522,2020-05-21,Whse_S,Product_1,Category_019,(31)
4523,2020-05-22,Whse_S,Product_1,Category_019,(30)
4524,2020-05-23,Whse_S,Product_1,Category_019,(30)
4525,2020-05-24,Whse_S,Product_1,Category_019,(29)
4526,2020-05-25,Whse_S,Product_1,Category_019,(21)
4527,2020-05-26,Whse_S,Product_1,Category_019,(28)
4528,2020-05-27,Whse_S,Product_1,Category_019,(19)
4529,2020-05-28,Whse_S,Product_1,Category_019,(29)
4530,2020-05-29,Whse_S,Product_1,Category_019,(34)
4531,2020-05-30,Whse_S,Product_1,Category_019,(29)
4532,2020-05-31,Whse_S,Product_1,Category_019,(25)
4533,2020-06-01,Whse_S,Product_1,Category_019,(23)
4534,2020-06-02,Whse_S,Product_1,Category_019,(34)
4535,2020-06-03,Whse_S,Product_1,Category_019,(28)
4536,2020-06-04,Whse_S,Product_1,Category_019,(36)
4537,2020-06-05,Whse_S,Product_1,Category_019,(31)
4538,2020-06-06,Whse_S,Product_1,Category_019,(39)
4539,2020-06-07,Whse_S,Product_1,Category_019,(46)
4540,2020-06-08,Whse_S,Product_1,Category_019,(19)
4541,2020-06-09,Whse_S,Product_1,Category_019,(32)
4542,2020-06-10,Whse_S,Product_1,Category_019,(22)
4543,2020-06-11,Whse_S,Product_1,Category_019,(27)
4544,2020-06-12,Whse_S,Product_1,Category_019,(25)
4545,2020-06-13,Whse_S,Product_1,Category_019,(31)
4546,2020-06-14,Whse_S,Product_1,Category_019,(40)
4547,2020-06-15,Whse_S,Product_1,Category_019,(12)
4548,2020-06-16,Whse_S,Product_1,Category_019,(21)
4549,2020-06-17,Whse_S,Product_1,Category_019,(36)
4550,2020-06-18,Whse_S,Product_1,Category_019,(31)
4551,2020-06-19,Whse_S,Product_1,Category_019,(34)
4552,2020-06-20,Whse_S,Product_1,Category_003,(29)
4553,2020-06-21,Whse_S,Product_1,Category_019,(44)
4554,2020-06-22,Whse_S,Product_1,Category_019,(30)
4555,2020-06-23,Whse_S,Product_1,Category_019,(26)
4556,2020-06-24,Whse_S,Product_1,Category_019,(31)
4557,2020-06-25,Whse_S,Product_1,Category_019,(33)
4558,2020-06-26,Whse_S,Product_1,Category_005,(23)
4559,2020-06-27,Whse_S,Product_1,Category_005,(32)
4560,2020-06-28,Whse_S,Product_1,Category_005,(34)
4561,2020-06-29,Whse_S,Product_1,Category_005,(29)
4562,2020-06-30,Whse_S,Product_1,Category_005,(26)
4563,2020-07-01,Whse_S,Product_1,Category_005,(30)
4564,2020-07-02,Whse_S,Product_1,Category_005,(32)
4565,2020-07-03,Whse_S,Product_1,Category_005,(37)
4566,2020-07-04,Whse_S,Product_1,Category_005,(26)
4567,2020-07-05,Whse_S,Product_1,Category_005,(39)
4568,2020-07-06,Whse_S,Product_1,Category_005,(31)
4569,2020-07-07,Whse_S,Product_1,Category_005,(37)
4570,2020-07-08,Whse_S,Product_1,Category_005,(24)
4571,2020-07-09,Whse_S,Product_1,Category_005,(29)
4572,2020-07-10,Whse_S,Product_1,Category_005,(37)
4573,2020-07-11,Whse_S,Product_1,Category_005,(32)
4574,2020-07-12,Whse_S,Product_1,Category_005,(41)
4575,2020-07-13,Whse_S,Product_1,Category_005,(23)
4576,2020-07-14,Whse_S,Product_1,Category_005,(25)
4577,2020-07-15,Whse_S,Product_1,Category_005,(26)
4578,2020-07-16,Whse_S,Product_1,Category_005,(36)
4579,2020-07-17,Whse_S,Product_1,Category_005,(28)
4580,2020-07-18,Whse_S,Product_1,Category_005,(35)
4581,2020-07-19,Whse_S,Product_1,Category_005,(41)
4582,2020-07-20,Whse_S,Product_1,Category_005,(18)
4583,2020-07-21,Whse_S,Product_1,Category_005,(30)
4584,2020-07-22,Whse_S,Product_1,Category_005,(33)
4585,2020-07-23,Whse_S,Product_1,Category_005,(30)
4586,2020-07-24,Whse_S,Product_1,Category_005,(29)
4587,2020-07-25,Whse_S,Product_1,Category_005,(37)
4588,2020-07-26,Whse_S,Product_1,Category_005,(32)
4589,2020-07-27,Whse_S,Product_1,Category_005,(20)
4590,2020-07-28,Whse_S,Product_1,Category_005,(33)
4591,2020-07-29,Whse_S,Product_1,Category_005,(31)
4592,2020-07-30,Whse_S,Product_1,Category_005,(50)
4593,2020-07-31,Whse_S,Product_1,Category_005,(32)
4594,2020-08-01,Whse_S,Product_1,Category_005,(31)
4595,2020-08-02,Whse_S,Product_1,Category_005,(38)
4596,2020-08-03,Whse_S,Product_1,Category_005,(22)
4597,2020-08-04,Whse_S,Product_1,Category_005,(27)
4598,2020-08-05,Whse_S,Product_1,Category_005,(21)
4599,2020-08-06,Whse_S,Product_1,Category_005,(17)
4600,2020-08-07,Whse_S,Product_1,Category_019,(29)
4601,2020-08-08,Whse_S,Product_1,Category_019,(36)
4602,2020-08-09,Whse_S,Product_1,Category_019,(39)
4603,2020-08-10,Whse_S,Product_1,Category_019,(20)
4604,2020-08-11,Whse_S,Product_1,Category_019,(34)
4605,2020-08-12,Whse_S,Product_1,Category_019,(24)
4606,2020-08-13,Whse_S,Product_1,Category_019,(27)
4607,2020-08-14,Whse_S,Product_1,Category_019,(26)
4608,2020-08-15,Whse_S,Product_1,Category_019,(31)
4609,2020-08-16,Whse_S,Product_1,Category_019,(47)
4610,2020-08-17,Whse_S,Product_1,Category_030,(31)
4611,2020-08-18,Whse_S,Product_1,Category_030,(34)
4612,2020-08-19,Whse_S,Product_1,Category_019,(24)
4613,2020-08-20,Whse_S,Product_1,Category_019,(27)
4614,2020-08-21,Whse_S,Product_1,Category_019,(37)
4615,2020-08-22,Whse_S,Product_1,Category_019,(38)
4616,2020-08-23,Whse_S,Product_1,Category_019,(31)
4617,2020-08-24,Whse_S,Product_1,Category_019,(18)
4618,2020-08-25,Whse_S,Product_1,Category_019,(27)
4619,2020-08-26,Whse_S,Product_1,Category_019,(31)
4620,2020-08-27,Whse_S,Product_1,Category_019,(25)
4621,2020-08-28,Whse_S,Product_1,Category_019,(37)
4622,2020-08-29,Whse_S,Product_1,Category_019,(27)
4623,2020-08-30,Whse_S,Product_1,Category_019,(39)
4624,2020-08-31,Whse_S,Product_1,Category_019,(15)
4625,2020-09-01,Whse_S,Product_1,Category_019,(24)
4626,2020-09-02,Whse_S,Product_1,Category_019,(20)
4627,2020-09-03,Whse_S,Product_1,Category_019,(31)
4628,2020-09-04,Whse_S,Product_1,Category_019,(31)
4629,2020-09-05,Whse_S,Product_1,Category_019,(39)
4630,2020-09-06,Whse_S,Product_1,Category_019,(37)
4631,2020-09-07,Whse_S,Product_1,Category_019,(18)
4632,2020-09-08,Whse_S,Product_1,Category_019,(26)
4633,2020-09-09,Whse_S,Product_1,Category_019,(35)
4634,2020-09-10,Whse_S,Product_1,Category_019,(31)
4635,2020-09-11,Whse_S,Product_1,Category_019,(26)
4636,2020-09-12,Whse_S,Product_1,Category_019,(29)
4637,2020-09-13,Whse_S,Product_1,Category_019,(23)
4638,2020-09-14,Whse_S,Product_1,Category_019,(19)
4639,2020-09-15,Whse_S,Product_1,Category_019,(30)
4640,2020-09-16,Whse_S,Product_1,Category_019,(23)
4641,2020-09-17,Whse_S,Product_1,Category_019,(26)
4642,2020-09-18,Whse_S,Product_1,Category_019,(29)
4643,2020-09-19,Whse_S,Product_1,Category_019,(30)
4644,2020-09-20,Whse_S,Product_1,Category_019,(30)
4645,2020-09-21,Whse_S,Product_1,Category_019,(29)
4646,2020-09-22,Whse_S,Product_1,Category_019,(30)
4647,2020-09-23,Whse_S,Product_1,Category_019,(32)
4648,2020-09-24,Whse_S,Product_1,Category_019,(22)
4649,2020-09-25,Whse_S,Product_1,Category_019,(28)
4650,2020-09-26,Whse_S,Product_1,Category_019,(24)
4651,2020-09-27,Whse_S,Product_1,Category_019,(35)
4652,2020-09-28,Whse_S,Product_1,Category_019,(23)
4653,2020-09-29,Whse_S,Product_1,Category_019,(31)
4654,2020-09-30,Whse_S,Product_1,Category_019,(18)
4655,2020-10-01,Whse_S,Product_1,Category_019,(27)
4656,2020-10-02,Whse_S,Product_1,Category_019,(23)
4657,2020-10-03,Whse_S,Product_1,Category_019,(27)
4658,2020-10-04,Whse_S,Product_1,Category_019,(26)
4659,2020-10-05,Whse_S,Product_1,Category_019,(19)
4660,2020-10-06,Whse_S,Product_1,Category_019,(19)
4661,2020-10-07,Whse_S,Product_1,Category_019,(21)
4662,2020-10-08,Whse_S,Product_1,Category_019,(19)
4663,2020-10-09,Whse_S,Product_1,Category_019,(16)
4664,2020-10-10,Whse_S,Product_1,Category_019,(29)
4665,2020-10-11,Whse_S,Product_1,Category_019,(30)
4666,2020-10-12,Whse_S,Product_1,Category_019,(12)
4667,2020-10-13,Whse_S,Product_1,Category_019,(23)
4668,2020-10-14,Whse_S,Product_1,Category_019,(24)
4669,2020-10-15,Whse_S,Product_1,Category_019,(29)
4670,2020-10-16,Whse_S,Product_1,Category_019,(21)
4671,2020-10-17,Whse_S,Product_1,Category_019,(25)
4672,2020-10-18,Whse_S,Product_1,Category_019,(42)
4673,2020-10-19,Whse_S,Product_1,Category_019,(16)
4674,2020-10-20,Whse_S,Product_1,Category_019,(26)
4675,2020-10-21,Whse_S,Product_1,Category_019,(14)
4676,2020-10-22,Whse_S,Product_1,Category_019,(29)
4677,2020-10-23,Whse_S,Product_1,Category_019,(27)
4678,2020-10-24,Whse_S,Product_1,Category_019,(14)
4679,2020-10-25,Whse_S,Product_1,Category_019,(31)
4680,2020-10-26,Whse_S,Product_1,Category_019,(23)
4681,2020-10-27,Whse_S,Product_1,Category_019,(24)
4682,2020-10-28,Whse_S,Product_1,Category_019,(20)
4683,2020-10-29,Whse_S,Product_1,Category_019,(31)
4684,2020-10-30,Whse_S,Product_1,Category_019,(28)
4685,2020-10-31,Whse_S,Product_1,Category_019,(31)
4686,2020-11-01,Whse_S,Product_1,Category_019,(30)
4687,2020-11-02,Whse_S,Product_1,Category_019,(16)
4688,2020-11-03,Whse_S,Product_1,Category_019,(21)
4689,2020-11-04,Whse_S,Product_1,Category_019,(32)
4690,2020-11-05,Whse_S,Product_1,Category_019,(25)
4691,2020-11-06,Whse_S,Product_1,Category_019,(26)
4692,2020-11-07,Whse_S,Product_1,Category_019,(29)
4693,2020-11-08,Whse_S,Product_1,Category_019,(39)
4694,2020-11-09,Whse_S,Product_1,Category_019,(23)
4695,2020-11-10,Whse_S,Product_1,Category_019,(21)
4696,2020-11-11,Whse_S,Product_1,Category_019,(27)
4697,2020-11-12,Whse_S,Product_1,Category_019,(15)
4698,2020-11-13,Whse_S,Product_1,Category_019,(21)
4699,2020-11-14,Whse_S,Product_1,Category_019,(24)
4700,2020-11-15,Whse_S,Product_1,Category_019,(38)
4701,2020-11-16,Whse_S,Product_1,Category_019,(24)
4702,2020-11-17,Whse_S,Product_1,Category_019,(31)
4703,2020-11-18,Whse_S,Product_1,Category_006,(27)
4704,2020-11-19,Whse_S,Product_1,Category_006,(22)
4705,2020-11-20,Whse_S,Product_1,Category_006,(40)
4706,2020-11-21,Whse_S,Product_1,Category_006,(28)
4707,2020-11-22,Whse_S,Product_1,Category_006,(37)
4708,2020-11-23,Whse_S,Product_1,Category_006,(25)
4709,2020-11-24,Whse_S,Product_1,Category_011,(20)
4710,2020-11-25,Whse_S,Product_1,Category_011,(16)
4711,2020-11-26,Whse_S,Product_1,Category_005,(20)
4712,2020-11-27,Whse_S,Product_1,Category_005,(27)
4713,2020-11-28,Whse_S,Product_1,Category_005,(42)
4714,2020-11-29,Whse_S,Product_1,Category_005,(35)
4715,2020-11-30,Whse_S,Product_1,Category_005,(14)
4716,2020-12-01,Whse_S,Product_1,Category_005,(18)
4717,2020-12-02,Whse_S,Product_1,Category_005,(23)
4718,2020-12-03,Whse_S,Product_1,Category_005,(13)
4719,2020-12-04,Whse_S,Product_1,Category_005,(14)
4720,2020-12-05,Whse_S,Product_1,Category_005,(22)
4721,2020-12-06,Whse_S,Product_1,Category_005,(23)
4722,2020-12-07,Whse_S,Product_1,Category_005,(17)
4723,2020-12-08,Whse_S,Product_1,Category_005,(18)
4724,2020-12-09,Whse_S,Product_1,Category_005,(13)
4725,2020-12-10,Whse_S,Product_1,Category_005,(21)
4726,2020-12-11,Whse_S,Product_1,Category_005,(14)
4727,2020-12-12,Whse_S,Product_1,Category_005,(18)
4728,2020-12-13,Whse_S,Product_1,Category_005,(21)
4729,2020-12-14,Whse_S,Product_1,Category_005,(18)
4730,2020-12-15,Whse_S,Product_1,Category_005,(18)
4731,2020-12-16,Whse_S,Product_1,Category_005,(25)
4732,2020-12-17,Whse_S,Product_1,Category_005,(15)
4733,2020-12-18,Whse_S,Product_1,Category_005,(19)
4734,2020-12-19,Whse_S,Product_1,Category_005,(21)
4735,2020-12-20,Whse_S,Product_1,Category_005,(25)
4736,2020-12-21,Whse_S,Product_1,Category_005,(7)
4737,2020-12-22,Whse_S,Product_1,Category_005,(16)
4738,2020-12-23,Whse_S,Product_1,Category_005,(14)
4739,2020-12-24,Whse_S,Product_1,Category_005,(19)
4740,2020-12-25,Whse_S,Product_1,Category_005,(21)
4741,2020-12-26,Whse_S,Product_1,Category_005,(22)
4742,2020-12-27,Whse_S,Product_1,Category_005,(22)
4743,2020-12-28,Whse_S,Product_1,Category_005,(15)
4744,2020-12-29,Whse_S,Product_1,Category_005,(21)
4745,2020-12-30,Whse_S,Product_1,Category_005,(16)
4746,2020-12-31,Whse_S,Product_1,Category_005,(23)
4747,2021-01-01,Whse_S,Product_1,Category_005,(23)
4748,2021-01-02,Whse_S,Product_1,Category_005,(22)
4749,2021-01-03,Whse_S,Product_1,Category_005,(19)
4750,2021-01-04,Whse_S,Product_1,Category_005,(14)
4751,2021-01-05,Whse_S,Product_1,Category_005,(13)
4752,2021-01-06,Whse_S,Product_1,Category_005,(19)
4753,2021-01-07,Whse_S,Product_1,Category_005,(17)
4754,2021-01-08,Whse_S,Product_1,Category_005,(10)
4755,2021-01-09,Whse_S,Product_1,Category_005,(25)
4756,2021-01-10,Whse_S,Product_1,Category_005,(20)
4757,2021-01-11,Whse_S,Product_1,Category_005,(14)
4758,2021-01-12,Whse_S,Product_1,Category_005,(18)
4759,2021-01-13,Whse_S,Product_1,Category_005,(22)
4760,2021-01-14,Whse_S,Product_1,Category_005,(16)
4761,2021-01-15,Whse_S,Product_1,Category_005,(22)
4762,2021-01-16,Whse_S,Product_1,Category_005,(22)
4763,2021-01-17,Whse_S,Product_1,Category_005,(19)
4764,2021-01-18,Whse_S,Product_1,Category_005,(19)
4765,2021-01-19,Whse_S,Product_1,Category_005,(20)
4766,2021-01-20,Whse_S,Product_1,Category_019,(14)
4767,2021-01-21,Whse_S,Product_1,Category_019,(14)
4768,2021-01-22,Whse_S,Product_1,Category_019,(16)
4769,2021-01-23,Whse_S,Product_1,Category_019,(19)
4770,2021-01-24,Whse_S,Product_1,Category_019,(18)
4771,2021-01-25,Whse_S,Product_1,Category_006,(18)
4772,2021-01-26,Whse_S,Product_1,Category_006,(22)
4773,2021-01-27,Whse_S,Product_1,Category_019,(23)
4774,2021-01-28,Whse_S,Product_1,Category_019,(18)
4775,2021-01-29,Whse_S,Product_1,Category_019,(17)
4776,2021-01-30,Whse_S,Product_1,Category_001,(18)
4777,2021-01-31,Whse_S,Product_1,Category_001,(20)
4778,2021-02-01,Whse_S,Product_1,Category_001,(12)
4779,2021-02-02,Whse_S,Product_1,Category_001,(24)
4780,2021-02-03,Whse_S,Product_1,Category_001,(25)
4781,2021-02-04,Whse_S,Product_1,Category_001,(22)
4782,2021-02-05,Whse_S,Product_1,Category_001,(19)
4783,2021-02-06,Whse_S,Product_1,Category_001,(28)
4784,2021-02-07,Whse_S,Product_1,Category_001,(24)
4785,2021-02-08,Whse_S,Product_1,Category_001,(19)
4786,2021-02-09,Whse_S,Product_1,Category_001,(19)
4787,2021-02-10,Whse_S,Product_1,Category_001,(21)
4788,2021-02-11,Whse_S,Product_1,Category_001,(24)
4789,2021-02-12,Whse_S,Product_1,Category_001,(25)
4790,2021-02-13,Whse_S,Product_1,Category_001,(22)
4791,2021-02-14,Whse_S,Product_1,Category_001,(29)
4792,2021-02-15,Whse_S,Product_1,Category_001,(22)
4793,2021-02-16,Whse_S,Product_1,Category_001,(26)
4794,2021-02-17,Whse_S,Product_1,Category_005,(21)
4795,2021-02-18,Whse_S,Product_1,Category_005,(20)
4796,2021-02-19,Whse_S,Product_1,Category_005,(22)
4797,2021-02-20,Whse_S,Product_1,Category_005,(21)
4798,2021-02-21,Whse_S,Product_1,Category_005,(25)
4799,2021-02-22,Whse_S,Product_1,Category_005,(11)
4800,2021-02-23,Whse_S,Product_1,Category_005,(17)
4801,2021-02-24,Whse_S,Product_1,Category_005,(26)
4802,2021-02-25,Whse_S,Product_1,Category_005,(22)
4803,2021-02-26,Whse_S,Product_1,Category_005,(22)
4804,2021-02-27,Whse_S,Product_1,Category_019,(19)
4805,2021-02-28,Whse_S,Product_1,Category_019,(23)
4806,2021-02-28,Whse_S,Product_1,Category_005,(18)
4807,2021-03-01,Whse_S,Product_1,Category_019,(19)
4808,2021-03-02,Whse_S,Product_1,Category_019,(25)
4809,2021-03-03,Whse_S,Product_1,Category_019,(25)
4810,2021-03-04,Whse_S,Product_1,Category_019,(19)
4811,2021-03-05,Whse_S,Product_1,Category_019,(28)
4812,2021-03-06,Whse_S,Product_1,Category_019,(23)
4813,2021-03-07,Whse_S,Product_1,Category_019,(13)
4814,2021-03-08,Whse_S,Product_1,Category_019,(23)
4815,2021-03-09,Whse_S,Product_1,Category_019,(24)
4816,2021-03-10,Whse_S,Product_1,Category_019,(28)
4817,2021-03-11,Whse_S,Product_1,Category_019,(27)
4818,2021-03-12,Whse_S,Product_1,Category_019,(26)
4819,2021-03-13,Whse_S,Product_1,Category_019,(31)
4820,2021-03-14,Whse_S,Product_1,Category_005,(16)
4821,2021-03-15,Whse_S,Product_1,Category_005,(24)
4822,2021-03-16,Whse_S,Product_1,Category_005,(15)
4823,2021-03-17,Whse_S,Product_1,Category_005,(19)
4824,2021-03-18,Whse_S,Product_1,Category_005,(22)
4825,2021-03-19,Whse_S,Product_1,Category_005,(24)
4826,2021-03-20,Whse_S,Product_1,Category_005,(17)
4827,2021-03-21,Whse_S,Product_1,Category_005,(22)
4828,2021-03-22,Whse_S,Product_1,Category_005,(19)
4829,2021-03-23,Whse_S,Product_1,Category_005,(24)
4830,2021-03-24,Whse_S,Product_1,Category_005,(13)
4831,2021-03-25,Whse_S,Product_1,Category_005,(36)
4832,2021-03-26,Whse_S,Product_1,Category_005,(28)
4833,2021-03-27,Whse_S,Product_1,Category_005,(28)
4834,2021-03-28,Whse_S,Product_1,Category_005,(25)
4835,2021-03-29,Whse_S,Product_1,Category_005,(23)
4836,2021-03-30,Whse_S,Product_1,Category_005,(16)
4837,2021-03-31,Whse_S,Product_1,Category_005,(19)
4838,2021-04-01,Whse_S,Product_1,Category_005,(25)
4839,2021-04-02,Whse_S,Product_1,Category_005,(33)
4840,2021-04-03,Whse_S,Product_1,Category_005,(41)
4841,2021-04-04,Whse_S,Product_1,Category_005,(26)
4842,2021-04-05,Whse_S,Product_1,Category_005,(34)
4843,2021-04-06,Whse_S,Product_1,Category_005,(22)
4844,2021-04-07,Whse_S,Product_1,Category_005,(27)
4845,2021-04-08,Whse_S,Product_1,Category_005,(26)
4846,2021-04-09,Whse_S,Product_1,Category_005,(39)
4847,2021-04-10,Whse_S,Product_1,Category_005,(39)
4848,2021-04-11,Whse_S,Product_1,Category_005,(26)
4849,2021-04-12,Whse_S,Product_1,Category_005,(30)
4850,2021-04-13,Whse_S,Product_1,Category_005,(22)
4851,2021-04-14,Whse_S,Product_1,Category_005,(27)
4852,2021-04-15,Whse_S,Product_1,Category_005,(34)
4853,2021-04-16,Whse_S,Product_1,Category_005,(37)
4854,2021-04-17,Whse_S,Product_1,Category_005,(28)
4855,2021-04-18,Whse_S,Product_1,Category_005,(26)
4856,2021-04-19,Whse_S,Product_1,Category_005,(25)
4857,2021-04-20,Whse_S,Product_1,Category_005,(29)
4858,2021-04-21,Whse_S,Product_1,Category_005,(33)
4859,2021-04-22,Whse_S,Product_1,Category_005,(31)
4860,2021-04-23,Whse_S,Product_1,Category_005,(39)
4861,2021-04-24,Whse_S,Product_1,Category_005,(28)
4862,2021-04-25,Whse_S,Product_1,Category_005,(26)
4863,2021-04-26,Whse_S,Product_1,Category_005,(22)
4864,2021-04-27,Whse_S,Product_1,Category_005,(22)
4865,2021-04-28,Whse_S,Product_1,Category_005,(29)
4866,2021-04-29,Whse_S,Product_1,Category_005,(31)
4867,2021-04-30,Whse_S,Product_1,Category_005,(45)
4868,2021-05-01,Whse_S,Product_1,Category_005,(38)
4869,2021-05-02,Whse_S,Product_1,Category_005,(22)
4870,2021-05-03,Whse_S,Product_1,Category_005,(29)
4871,2021-05-04,Whse_S,Product_1,Category_005,(25)
4872,2021-05-05,Whse_S,Product_1,Category_005,(36)
4873,2021-05-06,Whse_S,Product_1,Category_005,(36)
4874,2021-05-07,Whse_S,Product_1,Category_019,(37)
4875,2021-05-08,Whse_S,Product_1,Category_019,(39)
4876,2021-05-09,Whse_S,Product_1,Category_019,(22)
4877,2021-05-10,Whse_S,Product_1,Category_019,(25)
4878,2021-05-11,Whse_S,Product_1,Category_019,(27)
4879,2021-05-12,Whse_S,Product_1,Category_019,(27)
4880,2021-05-13,Whse_S,Product_1,Category_019,(38)
4881,2021-05-14,Whse_S,Product_1,Category_019,(36)
4882,2021-05-15,Whse_S,Product_1,Category_019,(34)
4883,2021-05-16,Whse_S,Product_1,Category_019,(19)
4884,2021-05-17,Whse_S,Product_1,Category_019,(30)
4885,2021-05-18,Whse_S,Product_1,Category_019,(22)
4886,2021-05-19,Whse_S,Product_1,Category_019,(32)
4887,2021-05-20,Whse_S,Product_1,Category_019,(36)
4888,2021-05-21,Whse_S,Product_1,Category_019,(33)
4889,2021-05-22,Whse_S,Product_1,Category_019,(30)
4890,2021-05-23,Whse_S,Product_1,Category_019,(24)
4891,2021-05-24,Whse_S,Product_1,Category_019,(32)
4892,2021-05-25,Whse_S,Product_1,Category_019,(26)
4893,2021-05-26,Whse_S,Product_1,Category_019,(26)
4894,2021-05-27,Whse_S,Product_1,Category_019,(32)
4895,2021-05-28,Whse_S,Product_1,Category_019,(39)
4896,2021-05-29,Whse_S,Product_1,Category_019,(38)
4897,2021-05-30,Whse_S,Product_1,Category_019,(17)
4898,2021-05-31,Whse_S,Product_1,Category_019,(33)
4899,2021-06-01,Whse_S,Product_1,Category_019,(22)
4900,2021-06-02,Whse_S,Product_1,Category_019,(30)
4901,2021-06-03,Whse_S,Product_1,Category_019,(33)
4902,2021-06-04,Whse_S,Product_1,Category_019,(31)
4903,2021-06-05,Whse_S,Product_1,Category_019,(35)
4904,2021-06-06,Whse_S,Product_1,Category_019,(31)
4905,2021-06-07,Whse_S,Product_1,Category_019,(21)
4906,2021-06-08,Whse_S,Product_1,Category_019,(29)
4907,2021-06-09,Whse_S,Product_1,Category_019,(27)
4908,2021-06-10,Whse_S,Product_1,Category_019,(49)
4909,2021-06-11,Whse_S,Product_1,Category_019,(37)
4910,2021-06-12,Whse_S,Product_1,Category_019,(45)
4911,2021-06-13,Whse_S,Product_1,Category_019,(38)
4912,2021-06-14,Whse_S,Product_1,Category_019,(30)
4913,2021-06-15,Whse_S,Product_1,Category_019,(30)
4914,2021-06-16,Whse_S,Product_1,Category_019,(35)
4915,2021-06-17,Whse_S,Product_1,Category_019,(32)
4916,2021-06-18,Whse_S,Product_1,Category_019,(38)
4917,2021-06-19,Whse_S,Product_1,Category_019,(30)
4918,2021-06-20,Whse_S,Product_1,Category_019,(24)
4919,2021-06-21,Whse_S,Product_1,Category_019,(31)
4920,2021-06-22,Whse_S,Product_1,Category_019,(29)
4921,2021-06-23,Whse_S,Product_1,Category_019,(33)
4922,2021-06-24,Whse_S,Product_1,Category_019,(35)
4923,2021-06-25,Whse_S,Product_1,Category_019,(39)
4924,2021-06-26,Whse_S,Product_1,Category_019,(35)
4925,2021-06-27,Whse_S,Product_1,Category_019,(32)
4926,2021-06-28,Whse_S,Product_1,Category_019,(45)
4927,2021-06-29,Whse_S,Product_1,Category_019,(26)
4928,2021-06-30,Whse_S,Product_1,Category_019,(37)
4929,2021-07-01,Whse_S,Product_1,Category_019,(27)
4930,2021-07-02,Whse_S,Product_1,Category_019,(37)
4931,2021-07-03,Whse_S,Product_1,Category_019,(41)
4932,2021-07-04,Whse_S,Product_1,Category_019,(26)
4933,2021-07-05,Whse_S,Product_1,Category_019,(30)
4934,2021-07-06,Whse_S,Product_1,Category_019,(29)
4935,2021-07-07,Whse_S,Product_1,Category_019,(42)
4936,2021-07-08,Whse_S,Product_1,Category_019,(46)
4937,2021-07-09,Whse_S,Product_1,Category_019,(48)
4938,2021-07-10,Whse_S,Product_1,Category_019,(43)
4939,2021-07-11,Whse_S,Product_1,Category_019,(25)
4940,2021-07-12,Whse_S,Product_1,Category_019,(28)
4941,2021-07-13,Whse_S,Product_1,Category_019,(37)
4942,2021-07-14,Whse_S,Product_1,Category_019,(41)
4943,2021-07-15,Whse_S,Product_1,Category_019,(37)
4944,2021-07-16,Whse_S,Product_1,Category_019,(42)
4945,2021-07-17,Whse_S,Product_1,Category_019,(36)
4946,2021-07-18,Whse_S,Product_1,Category_019,(26)
4947,2021-07-19,Whse_S,Product_1,Category_019,(24)
4948,2021-07-20,Whse_S,Product_1,Category_019,(33)
4949,2021-07-21,Whse_S,Product_1,Category_019,(40)
4950,2021-07-22,Whse_S,Product_1,Category_019,(26)
4951,2021-07-23,Whse_S,Product_1,Category_019,(36)
4952,2021-07-24,Whse_S,Product_1,Category_019,(29)
4953,2021-07-25,Whse_S,Product_1,Category_019,(36)
4954,2021-07-26,Whse_S,Product_1,Category_019,(38)
4955,2021-07-27,Whse_S,Product_1,Category_019,(27)
4956,2021-07-28,Whse_S,Product_1,Category_019,(41)
4957,2021-07-29,Whse_S,Product_1,Category_019,(38)
4958,2021-07-30,Whse_S,Product_1,Category_019,(41)
4959,2021-07-31,Whse_S,Product_1,Category_019,(32)
4960,2021-08-01,Whse_S,Product_1,Category_019,(23)
4961,2021-08-02,Whse_S,Product_1,Category_019,(21)
4962,2021-08-03,Whse_S,Product_1,Category_019,(29)
4963,2021-08-04,Whse_S,Product_1,Category_019,(18)
4964,2021-08-05,Whse_S,Product_1,Category_019,(35)
4965,2021-08-06,Whse_S,Product_1,Category_019,(36)
4966,2021-08-07,Whse_S,Product_1,Category_019,(49)
4967,2021-08-08,Whse_S,Product_1,Category_019,(31)
4968,2021-08-09,Whse_S,Product_1,Category_019,(30)
4969,2021-08-10,Whse_S,Product_1,Category_005,(22)
4970,2021-08-11,Whse_S,Product_1,Category_005,(18)
4971,2021-08-12,Whse_S,Product_1,Category_005,(42)
4972,2021-08-13,Whse_S,Product_1,Category_006,(23)
4973,2021-08-14,Whse_S,Product_1,Category_006,(44)
4974,2021-08-15,Whse_S,Product_1,Category_006,(22)
4975,2021-08-16,Whse_S,Product_1,Category_006,(21)
4976,2021-08-17,Whse_S,Product_1,Category_006,(33)
4977,2021-08-18,Whse_S,Product_1,Category_006,(37)
4978,2021-08-19,Whse_S,Product_1,Category_006,(26)
4979,2021-08-20,Whse_S,Product_1,Category_006,(36)
4980,2021-08-21,Whse_S,Product_1,Category_006,(42)
4981,2021-08-22,Whse_S,Product_1,Category_006,(19)
4982,2021-08-23,Whse_S,Product_1,Category_006,(32)
4983,2021-08-24,Whse_S,Product_1,Category_006,(35)
4984,2021-08-25,Whse_S,Product_1,Category_006,(26)
4985,2021-08-26,Whse_S,Product_1,Category_019,(33)
4986,2021-08-27,Whse_S,Product_1,Category_019,(39)
4987,2021-08-28,Whse_S,Product_1,Category_019,(39)
4988,2021-08-29,Whse_S,Product_1,Category_019,(23)
4989,2021-08-30,Whse_S,Product_1,Category_019,(36)
4990,2021-08-31,Whse_S,Product_1,Category_019,(31)
4991,2021-09-01,Whse_S,Product_1,Category_019,(28)
4992,2021-09-02,Whse_S,Product_1,Category_019,(27)
4993,2021-09-03,Whse_S,Product_1,Category_019,(37)
4994,2021-09-04,Whse_S,Product_1,Category_006,(38)
4995,2021-09-05,Whse_S,Product_1,Category_006,(23)
4996,2021-09-06,Whse_S,Product_1,Category_003,(22)
4997,2021-09-07,Whse_S,Product_1,Category_019,(21)
4998,2021-09-08,Whse_S,Product_1,Category_019,(22)
4999,2021-09-09,Whse_S,Product_1,Category_019,(24)
5000,2021-09-10,Whse_S,Product_1,Category_019,(33)
5001,2021-09-11,Whse_S,Product_1,Category_019,(27)
5002,2021-09-12,Whse_S,Product_1,Category_019,(26)
5003,2021-09-13,Whse_S,Product_1,Category_019,(22)
5004,2021-09-14,Whse_S,Product_1,Category_019,(25)
5005,2021-09-15,Whse_S,Product_1,Category_019,(22)
5006,2021-09-16,Whse_S,Product_1,Category_019,(35)
5007,2021-09-17,Whse_S,Product_1,Category_019,(30)
5008,2021-09-18,Whse_S,Product_1,Category_019,(30)
5009,2021-09-19,Whse_S,Product_1,Category_019,(15)
5010,2021-09-20,Whse_S,Product_1,Category_019,(29)
5011,2021-09-21,Whse_S,Product_1,Category_019,(24)
5012,2021-09-22,Whse_S,Product_1,Category_019,(25)
5013,2021-09-23,Whse_S,Product_1,Category_019,(28)
5014,2021-09-24,Whse_S,Product_1,Category_019,(37)
5015,2021-09-25,Whse_S,Product_1,Category_019,(30)
5016,2021-09-26,Whse_S,Product_1,Category_019,(28)
5017,2021-09-27,Whse_S,Product_1,Category_019,(31)
5018,2021-09-28,Whse_S,Product_1,Category_019,(45)
5019,2021-09-29,Whse_S,Product_1,Category_005,(26)
5020,2021-09-30,Whse_S,Product_1,Category_005,(36)
5021,2021-10-01,Whse_S,Product_1,Category_005,(28)
5022,2021-10-02,Whse_S,Product_1,Category_005,(38)
5023,2021-10-03,Whse_S,Product_1,Category_005,(8)
5024,2021-10-04,Whse_S,Product_1,Category_005,(22)
5025,2021-10-05,Whse_S,Product_1,Category_005,(24)
5026,2021-10-06,Whse_S,Product_1,Category_005,(27)
5027,2021-10-07,Whse_S,Product_1,Category_005,(31)
5028,2021-10-08,Whse_S,Product_1,Category_005,(40)
5029,2021-10-09,Whse_S,Product_1,Category_005,(32)
5030,2021-10-10,Whse_S,Product_1,Category_019,(20)
5031,2021-10-11,Whse_S,Product_1,Category_005,(30)
5032,2021-10-12,Whse_S,Product_1,Category_005,(26)
5033,2021-10-13,Whse_S,Product_1,Category_005,(22)
5034,2021-10-14,Whse_S,Product_1,Category_005,(31)
5035,2021-10-15,Whse_S,Product_1,Category_005,(35)
5036,2021-10-16,Whse_S,Product_1,Category_005,(31)
5037,2021-10-17,Whse_S,Product_1,Category_005,(19)
5038,2021-10-18,Whse_S,Product_1,Category_019,(28)
5039,2021-10-19,Whse_S,Product_1,Category_019,(25)
5040,2021-10-20,Whse_S,Product_1,Category_019,(24)
5041,2021-10-21,Whse_S,Product_1,Category_019,(37)
5042,2021-10-22,Whse_S,Product_1,Category_019,(26)
5043,2021-10-23,Whse_S,Product_1,Category_019,(22)
5044,2021-10-24,Whse_S,Product_1,Category_019,(21)
5045,2021-10-25,Whse_S,Product_1,Category_019,(21)
5046,2021-10-26,Whse_S,Product_1,Category_019,(28)
5047,2021-10-27,Whse_S,Product_1,Category_019,(30)
5048,2021-10-28,Whse_S,Product_1,Category_019,(29)
5049,2021-10-29,Whse_S,Product_1,Category_019,(30)
5050,2021-10-30,Whse_S,Product_1,Category_019,(20)
5051,2021-10-31,Whse_S,Product_1,Category_019,(22)
5052,2021-11-01,Whse_S,Product_1,Category_019,(32)
5053,2021-11-02,Whse_S,Product_1,Category_019,(31)
5054,2021-11-03,Whse_S,Product_1,Category_019,(27)
5055,2021-11-04,Whse_S,Product_1,Category_019,(25)
5056,2021-11-05,Whse_S,Product_1,Category_019,(33)
5057,2021-11-06,Whse_S,Product_1,Category_019,(45)
5058,2021-11-07,Whse_S,Product_1,Category_019,(14)
5059,2021-11-08,Whse_S,Product_1,Category_019,(25)
5060,2021-11-09,Whse_S,Product_1,Category_019,(24)
5061,2021-11-10,Whse_S,Product_1,Category_019,(34)
5062,2021-11-11,Whse_S,Product_1,Category_019,(24)
5063,2021-11-12,Whse_S,Product_1,Category_019,(30)
5064,2021-11-13,Whse_S,Product_1,Category_019,(25)
5065,2021-11-14,Whse_S,Product_1,Category_019,(23)
5066,2021-11-15,Whse_S,Product_1,Category_019,(27)
5067,2021-11-16,Whse_S,Product_1,Category_019,(18)
5068,2021-11-17,Whse_S,Product_1,Category_019,(35)
5069,2021-11-18,Whse_S,Product_1,Category_019,(21)
5070,2021-11-19,Whse_S,Product_1,Category_019,(27)
5071,2021-11-20,Whse_S,Product_1,Category_019,(46)
5072,2021-11-21,Whse_S,Product_1,Category_019,(26)
5073,2021-11-22,Whse_S,Product_1,Category_019,(23)
5074,2021-11-23,Whse_S,Product_1,Category_019,(22)
5075,2021-11-24,Whse_S,Product_1,Category_019,(35)
5076,2021-11-25,Whse_S,Product_1,Category_019,(23)
5077,2021-11-26,Whse_S,Product_1,Category_019,(27)
5078,2021-11-27,Whse_S,Product_1,Category_019,(37)
5079,2021-11-28,Whse_S,Product_1,Category_019,(21)
5080,2021-11-29,Whse_S,Product_1,Category_019,(37)
5081,2021-11-30,Whse_S,Product_1,Category_019,(25)
5082,2021-12-01,Whse_S,Product_1,Category_019,(19)
5083,2021-12-02,Whse_S,Product_1,Category_019,(15)
5084,2021-12-03,Whse_S,Product_1,Category_019,(23)
5085,2021-12-04,Whse_S,Product_1,Category_019,(30)
5086,2021-12-05,Whse_S,Product_1,Category_019,(25)
5087,2021-12-06,Whse_S,Product_1,Category_019,(14)
5088,2021-12-07,Whse_S,Product_1,Category_019,(16)
5089,2021-12-08,Whse_S,Product_1,Category_019,(23)
5090,2021-12-09,Whse_S,Product_1,Category_019,(21)
5091,2021-12-10,Whse_S,Product_1,Category_019,(37)
5092,2021-12-11,Whse_S,Product_1,Category_019,(23)
5093,2021-12-12,Whse_S,Product_1,Category_004,(24)
5094,2021-12-13,Whse_S,Product_1,Category_004,(14)
5095,2021-12-14,Whse_S,Product_1,Category_004,(17)
5096,2021-12-15,Whse_S,Product_1,Category_004,(24)
5097,2021-12-16,Whse_S,Product_1,Category_019,(25)
5098,2021-12-17,Whse_S,Product_1,Category_019,(24)
5099,2021-12-18,Whse_S,Product_1,Category_019,(23)
5100,2021-12-19,Whse_S,Product_1,Category_019,(21)
5101,2021-12-20,Whse_S,Product_1,Category_019,(26)
5102,2021-12-21,Whse_S,Product_1,Category_019,(24)
5103,2021-12-22,Whse_S,Product_1,Category_019,(21)
5104,2021-12-23,Whse_S,Product_1,Category_019,(18)
5105,2021-12-24,Whse_S,Product_1,Category_019,(26)
5106,2021-12-25,Whse_S,Product_1,Category_019,(24)
5107,2021-12-26,Whse_S,Product_1,Category_019,(11)
5108,2021-12-27,Whse_S,Product_1,Category_019,(22)
5109,2021-12-28,Whse_S,Product_1,Category_019,(15)
5110,2021-12-29,Whse_S,Product_1,Category_019,(19)
5111,2021-12-30,Whse_S,Product_1,Category_019,(21)
5112,2021-12-31,Whse_S,Product_1,Category_019,(26)
5113,2022-01-01,Whse_S,Product_1,Category_019,(20)
5114,2022-01-02,Whse_S,Product_1,Category_019,(16)
5115,2022-01-03,Whse_S,Product_1,Category_019,(17)
5116,2022-01-04,Whse_S,Product_1,Category_019,(20)
5117,2022-01-05,Whse_S,Product_1,Category_019,(26)
5118,2022-01-06,Whse_S,Product_1,Category_019,(17)
5119,2022-01-07,Whse_S,Product_1,Category_019,(22)
5120,2022-01-08,Whse_S,Product_1,Category_019,(18)
5121,2022-01-09,Whse_S,Product_1,Category_019,(17)
5122,2022-01-10,Whse_S,Product_1,Category_019,(11)
5123,2022-01-11,Whse_S,Product_1,Category_019,(20)
5124,2022-01-12,Whse_S,Product_1,Category_019,(23)
5125,2022-01-13,Whse_S,Product_1,Category_019,(16)
5126,2022-01-14,Whse_S,Product_1,Category_019,(20)
5127,2022-01-15,Whse_S,Product_1,Category_019,(25)
5128,2022-01-16,Whse_S,Product_1,Category_019,(16)
5129,2022-01-17,Whse_S,Product_1,Category_003,(22)
5130,2022-01-18,Whse_S,Product_1,Category_003,(23)
5131,2022-01-19,Whse_S,Product_1,Category_003,(23)
5132,2022-01-20,Whse_S,Product_1,Category_003,(18)
5133,2022-01-21,Whse_S,Product_1,Category_003,(24)
5134,2022-01-22,Whse_S,Product_1,Category_003,(23)
5135,2022-01-23,Whse_S,Product_1,Category_003,(18)
5136,2022-01-24,Whse_S,Product_1,Category_003,(21)
5137,2022-01-25,Whse_S,Product_1,Category_003,(16)
5138,2022-01-26,Whse_S,Product_1,Category_003,(27)
5139,2022-01-27,Whse_S,Product_1,Category_003,(21)
5140,2022-01-28,Whse_S,Product_1,Category_003,(20)
5141,2022-01-29,Whse_S,Product_1,Category_003,(21)
5142,2022-01-30,Whse_S,Product_1,Category_003,(16)
5143,2022-01-31,Whse_S,Product_1,Category_003,(17)
5144,2022-02-01,Whse_S,Product_1,Category_003,(22)
5145,2022-02-02,Whse_S,Product_1,Category_003,(28)
5146,2022-02-03,Whse_S,Product_1,Category_003,(33)
5147,2022-02-04,Whse_S,Product_1,Category_003,(28)
5148,2022-02-05,Whse_S,Product_1,Category_003,(20)
5149,2022-02-06,Whse_S,Product_1,Category_019,(20)
5150,2022-02-07,Whse_S,Product_1,Category_019,(22)
5151,2022-02-08,Whse_S,Product_1,Category_019,(17)
5152,2022-02-09,Whse_S,Product_1,Category_019,(24)
5153,2022-02-10,Whse_S,Product_1,Category_015,(26)
5154,2022-02-11,Whse_S,Product_1,Category_015,(28)
5155,2022-02-12,Whse_S,Product_1,Category_022,(20)
5156,2022-02-13,Whse_S,Product_1,Category_022,(18)
5157,2022-02-14,Whse_S,Product_1,Category_022,(26)
5158,2022-02-15,Whse_S,Product_1,Category_022,(19)
5159,2022-02-16,Whse_S,Product_1,Category_009,(19)
5160,2022-02-17,Whse_S,Product_1,Category_009,(19)
5161,2022-02-18,Whse_S,Product_1,Category_009,(22)
5162,2022-02-19,Whse_S,Product_1,Category_009,(20)
5163,2022-02-20,Whse_S,Product_1,Category_009,(18)
5164,2022-02-21,Whse_S,Product_1,Category_009,(19)
5165,2022-02-22,Whse_S,Product_1,Category_009,(22)
5166,2022-02-23,Whse_S,Product_1,Category_009,(17)
5167,2022-02-24,Whse_S,Product_1,Category_009,(24)
5168,2022-02-25,Whse_S,Product_1,Category_021,(27)
5169,2022-02-26,Whse_S,Product_1,Category_021,(26)
5170,2022-02-27,Whse_S,Product_1,Category_021,(18)
5171,2022-02-28,Whse_S,Product_1,Category_015,(17)
5172,2022-03-01,Whse_S,Product_1,Category_022,(19)
5173,2022-03-02,Whse_S,Product_1,Category_022,(14)
5174,2022-03-03,Whse_S,Product_1,Category_022,(27)
5175,2022-03-04,Whse_S,Product_1,Category_022,(27)
5176,2022-03-05,Whse_S,Product_1,Category_022,(25)
5177,2022-03-06,Whse_S,Product_1,Category_022,(21)
5178,2022-03-07,Whse_S,Product_1,Category_022,(28)
5179,2022-03-08,Whse_S,Product_1,Category_022,(25)
5180,2022-03-09,Whse_S,Product_1,Category_022,(21)
5181,2022-03-10,Whse_S,Product_1,Category_022,(23)
5182,2022-03-11,Whse_S,Product_1,Category_022,(40)
5183,2022-03-12,Whse_S,Product_1,Category_022,(33)
5184,2022-03-13,Whse_S,Product_1,Category_022,(26)
5185,2022-03-14,Whse_S,Product_1,Category_007,(22)
5186,2022-03-15,Whse_S,Product_1,Category_007,(27)
5187,2022-03-16,Whse_S,Product_1,Category_007,(25)
5188,2022-03-17,Whse_S,Product_1,Category_007,(29)
5189,2022-03-18,Whse_S,Product_1,Category_007,(32)
5190,2022-03-19,Whse_S,Product_1,Category_009,(25)
5191,2022-03-20,Whse_S,Product_1,Category_024,(16)
5192,2022-03-21,Whse_S,Product_1,Category_001,(19)
5193,2022-03-22,Whse_S,Product_1,Category_018,(26)
5194,2022-03-23,Whse_S,Product_1,Category_019,(15)
5195,2022-03-24,Whse_S,Product_1,Category_019,(34)
5196,2022-03-25,Whse_S,Product_1,Category_019,(27)
5197,2022-03-26,Whse_S,Product_1,Category_019,(17)
5198,2022-03-27,Whse_S,Product_1,Category_019,(22)
5199,2022-03-28,Whse_S,Product_1,Category_019,(27)
5200,2022-03-29,Whse_S,Product_1,Category_019,(33)
5201,2022-03-30,Whse_S,Product_1,Category_019,(23)
5202,2022-03-31,Whse_S,Product_1,Category_019,(30)
5203,2022-04-01,Whse_S,Product_1,Category_019,(42)
5204,2022-04-02,Whse_S,Product_1,Category_019,(28)
5205,2022-04-03,Whse_S,Product_1,Category_019,(25)
5206,2022-04-04,Whse_S,Product_1,Category_019,(26)
5207,2022-04-05,Whse_S,Product_1,Category_019,(31)
5208,2022-04-06,Whse_S,Product_1,Category_019,(29)
5209,2022-04-07,Whse_S,Product_1,Category_019,(44)
5210,2022-04-08,Whse_S,Product_1,Category_019,(32)
5211,2022-04-09,Whse_S,Product_1,Category_019,(37)
5212,2022-04-10,Whse_S,Product_1,Category_019,(26)
5213,2022-04-11,Whse_S,Product_1,Category_019,(29)
5214,2022-04-12,Whse_S,Product_1,Category_019,(26)
5215,2022-04-13,Whse_S,Product_1,Category_019,(28)
5216,2022-04-14,Whse_S,Product_1,Category_019,(25)
5217,2022-04-15,Whse_S,Product_1,Category_019,(52)
5218,2022-04-16,Whse_S,Product_1,Category_019,(28)
5219,2022-04-17,Whse_S,Product_1,Category_019,(26)
5220,2022-04-18,Whse_S,Product_1,Category_019,(25)
5221,2022-04-19,Whse_S,Product_1,Category_019,(30)
5222,2022-04-20,Whse_S,Product_1,Category_019,(22)
5223,2022-04-21,Whse_S,Product_1,Category_019,(26)
5224,2022-04-22,Whse_S,Product_1,Category_019,(41)
5225,2022-04-23,Whse_S,Product_1,Category_019,(31)
5226,2022-04-24,Whse_S,Product_1,Category_019,(30)
5227,2022-04-25,Whse_S,Product_1,Category_019,(25)
5228,2022-04-26,Whse_S,Product_1,Category_019,(20)
5229,2022-04-27,Whse_S,Product_1,Category_019,(36)
5230,2022-04-28,Whse_S,Product_1,Category_019,(34)
5231,2022-04-29,Whse_S,Product_1,Category_019,(32)
5232,2022-04-30,Whse_S,Product_1,Category_019,(45)
5233,2022-05-01,Whse_S,Product_1,Category_019,(26)
5234,2022-05-02,Whse_S,Product_1,Category_019,(25)
5235,2022-05-03,Whse_S,Product_1,Category_019,(32)
5236,2022-05-04,Whse_S,Product_1,Category_019,(31)
5237,2022-05-05,Whse_S,Product_1,Category_019,(32)
5238,2022-05-06,Whse_S,Product_1,Category_006,(33)
5239,2022-05-07,Whse_S,Product_1,Category_006,(38)
5240,2022-05-08,Whse_S,Product_1,Category_006,(40)
5241,2022-05-09,Whse_S,Product_1,Category_006,(37)
5242,2022-05-10,Whse_S,Product_1,Category_006,(31)
5243,2022-05-11,Whse_S,Product_1,Category_019,(32)
5244,2022-05-12,Whse_S,Product_1,Category_019,(32)
5245,2022-05-13,Whse_S,Product_1,Category_019,(43)
5246,2022-05-14,Whse_S,Product_1,Category_019,(31)
5247,2022-05-15,Whse_S,Product_1,Category_019,(20)
5248,2022-05-16,Whse_S,Product_1,Category_019,(30)
5249,2022-05-17,Whse_S,Product_1,Category_019,(20)
5250,2022-05-18,Whse_S,Product_1,Category_005,(37)
5251,2022-05-19,Whse_S,Product_1,Category_005,(26)
5252,2022-05-20,Whse_S,Product_1,Category_005,(35)
5253,2022-05-21,Whse_S,Product_1,Category_005,(34)
5254,2022-05-22,Whse_S,Product_1,Category_005,(24)
5255,2022-05-23,Whse_S,Product_1,Category_005,(29)
5256,2022-05-24,Whse_S,Product_1,Category_005,(36)
5257,2022-05-25,Whse_S,Product_1,Category_005,(33)
5258,2022-05-26,Whse_S,Product_1,Category_005,(34)
5259,2022-05-27,Whse_S,Product_1,Category_005,(33)
5260,2022-05-28,Whse_S,Product_1,Category_030,(43)
5261,2022-05-29,Whse_S,Product_1,Category_030,(32)
5262,2022-05-30,Whse_S,Product_1,Category_030,(31)
5263,2022-05-31,Whse_S,Product_1,Category_030,(40)
5264,2022-06-01,Whse_S,Product_1,Category_030,(42)
5265,2022-06-02,Whse_S,Product_1,Category_030,(32)
5266,2022-06-03,Whse_S,Product_1,Category_030,(35)
5267,2022-06-04,Whse_S,Product_1,Category_024,(50)
5268,2022-06-05,Whse_S,Product_1,Category_007,(19)
5269,2022-06-06,Whse_S,Product_1,Category_007,(38)
5270,2022-06-07,Whse_S,Product_1,Category_009,(25)
5271,2022-06-08,Whse_S,Product_1,Category_009,(32)
5272,2022-06-09,Whse_S,Product_1,Category_009,(40)
5273,2022-06-10,Whse_S,Product_1,Category_021,(29)
5274,2022-06-11,Whse_S,Product_1,Category_007,(41)
5275,2022-06-12,Whse_S,Product_1,Category_009,(22)
5276,2022-06-13,Whse_S,Product_1,Category_019,(30)
5277,2022-06-14,Whse_S,Product_1,Category_019,(30)
5278,2022-06-15,Whse_S,Product_1,Category_019,(36)
5279,2022-06-16,Whse_S,Product_1,Category_019,(37)
5280,2022-06-17,Whse_S,Product_1,Category_019,(50)
5281,2022-06-18,Whse_S,Product_1,Category_019,(38)
5282,2022-06-19,Whse_S,Product_1,Category_019,(33)
5283,2022-06-20,Whse_S,Product_1,Category_019,(28)
5284,2022-06-21,Whse_S,Product_1,Category_019,(34)
5285,2022-06-22,Whse_S,Product_1,Category_019,(30)
5286,2022-06-23,Whse_S,Product_1,Category_019,(50)
5287,2022-06-24,Whse_S,Product_1,Category_019,(28)
5288,2022-06-25,Whse_S,Product_1,Category_019,(47)
5289,2022-06-26,Whse_S,Product_1,Category_019,(37)
5290,2022-06-27,Whse_S,Product_1,Category_019,(29)
5291,2022-06-28,Whse_S,Product_1,Category_019,(38)
5292,2022-06-29,Whse_S,Product_1,Category_019,(32)
5293,2022-06-30,Whse_S,Product_1,Category_019,(45)
5294,2022-07-01,Whse_S,Product_1,Category_019,(35)
5295,2022-07-02,Whse_S,Product_1,Category_019,(40)
5296,2022-07-03,Whse_S,Product_1,Category_019,(32)
5297,2022-07-04,Whse_S,Product_1,Category_019,(44)
5298,2022-07-05,Whse_S,Product_1,Category_019,(29)
5299,2022-07-06,Whse_S,Product_1,Category_019,(41)
5300,2022-07-07,Whse_S,Product_1,Category_019,(49)
5301,2022-07-08,Whse_S,Product_1,Category_019,(32)
5302,2022-07-09,Whse_S,Product_1,Category_019,(36)
5303,2022-07-10,Whse_S,Product_1,Category_019,(30)
5304,2022-07-11,Whse_S,Product_1,Category_019,(35)
5305,2022-07-12,Whse_S,Product_1,Category_019,(42)
5306,2022-07-13,Whse_S,Product_1,Category_019,(35)
5307,2022-07-14,Whse_S,Product_1,Category_019,(34)
5308,2022-07-15,Whse_S,Product_1,Category_019,(40)
5309,2022-07-16,Whse_S,Product_1,Category_019,(51)
5310,2022-07-17,Whse_S,Product_1,Category_019,(34)
5311,2022-07-18,Whse_S,Product_1,Category_019,(40)
5312,2022-07-19,Whse_S,Product_1,Category_019,(28)
5313,2022-07-20,Whse_S,Product_1,Category_019,(36)
5314,2022-07-21,Whse_S,Product_1,Category_019,(32)
5315,2022-07-22,Whse_S,Product_1,Category_019,(41)
5316,2022-07-23,Whse_S,Product_1,Category_019,(46)
5317,2022-07-24,Whse_S,Product_1,Category_019,(21)
5318,2022-07-25,Whse_S,Product_1,Category_019,(38)
5319,2022-07-26,Whse_S,Product_1,Category_019,(40)
5320,2022-07-27,Whse_S,Product_1,Category_019,(28)
5321,2022-07-28,Whse_S,Product_1,Category_019,(49)
5322,2022-07-29,Whse_S,Product_1,Category_019,(34)
5323,2022-07-30,Whse_S,Product_1,Category_019,(45)
5324,2022-07-31,Whse_S,Product_1,Category_019,(24)
5325,2022-08-01,Whse_S,Product_1,Category_019,(30)
5326,2022-08-02,Whse_S,Product_1,Category_019,(35)
5327,2022-08-03,Whse_S,Product_1,Category_019,(27)
5328,2022-08-04,Whse_S,Product_1,Category_019,(34)
5329,2022-08-05,Whse_S,Product_1,Category_019,(45)
5330,2022-08-06,Whse_S,Product_1,Category_019,(34)
5331,2022-08-07,Whse_S,Product_1,Category_019,(25)
5332,2022-08-08,Whse_S,Product_1,Category_019,(30)
5333,2022-08-09,Whse_S,Product_1,Category_019,(25)
5334,2022-08-10,Whse_S,Product_1,Category_019,(30)
5335,2022-08-11,Whse_S,Product_1,Category_019,(34)
5336,2022-08-12,Whse_S,Product_1,Category_019,(41)
5337,2022-08-13,Whse_S,Product_1,Category_019,(30)
5338,2022-08-14,Whse_S,Product_1,Category_019,(12)
5339,2022-08-15,Whse_S,Product_1,Category_019,(28)
5340,2022-08-16,Whse_S,Product_1,Category_019,(32)
5341,2022-08-17,Whse_S,Product_1,Category_019,(40)
5342,2022-08-18,Whse_S,Product_1,Category_019,(20)
5343,2022-08-19,Whse_S,Product_1,Category_019,(31)
5344,2022-08-20,Whse_S,Product_1,Category_019,(31)
5345,2022-08-21,Whse_S,Product_1,Category_019,(25)
5346,2022-08-22,Whse_S,Product_1,Category_019,(33)
5347,2022-08-23,Whse_S,Product_1,Category_019,(30)
5348,2022-08-24,Whse_S,Product_1,Category_019,(35)
5349,2022-08-25,Whse_S,Product_1,Category_019,(37)
5350,2022-08-26,Whse_S,Product_1,Category_019,(30)
5351,2022-08-27,Whse_S,Product_1,Category_019,(29)
5352,2022-08-28,Whse_S,Product_1,Category_019,(29)
5353,2022-08-29,Whse_S,Product_1,Category_019,(27)
5354,2022-08-30,Whse_S,Product_1,Category_019,(24)
5355,2022-08-31,Whse_S,Product_1,Category_019,(29)
5356,2022-09-01,Whse_S,Product_1,Category_019,(33)
5357,2022-09-02,Whse_S,Product_1,Category_019,(22)
5358,2022-09-03,Whse_S,Product_1,Category_019,(30)
5359,2022-09-04,Whse_S,Product_1,Category_019,(21)
5360,2022-09-05,Whse_S,Product_1,Category_019,(25)
5361,2022-09-06,Whse_S,Product_1,Category_019,(24)
5362,2022-09-07,Whse_S,Product_1,Category_019,(34)
5363,2022-09-08,Whse_S,Product_1,Category_019,(44)
5364,2022-09-09,Whse_S,Product_1,Category_019,(36)
5365,2022-09-10,Whse_S,Product_1,Category_019,(32)
5366,2022-09-11,Whse_S,Product_1,Category_019,(29)
5367,2022-09-12,Whse_S,Product_1,Category_019,(19)
5368,2022-09-13,Whse_S,Product_1,Category_019,(31)
5369,2022-09-14,Whse_S,Product_1,Category_019,(39)
5370,2022-09-15,Whse_S,Product_1,Category_019,(29)
5371,2022-09-16,Whse_S,Product_1,Category_019,(33)
5372,2022-09-17,Whse_S,Product_1,Category_019,(37)
5373,2022-09-18,Whse_S,Product_1,Category_019,(19)
5374,2022-09-19,Whse_S,Product_1,Category_019,(30)
5375,2022-09-20,Whse_S,Product_1,Category_019,(25)
5376,2022-09-21,Whse_S,Product_1,Category_019,(34)
5377,2022-09-22,Whse_S,Product_1,Category_019,(30)
5378,2022-09-23,Whse_S,Product_1,Category_019,(24)
5379,2022-09-24,Whse_S,Product_1,Category_019,(36)
5380,2022-09-25,Whse_S,Product_1,Category_019,(26)
5381,2022-09-26,Whse_S,Product_1,Category_019,(21)
5382,2022-09-27,Whse_S,Product_1,Category_019,(29)
5383,2022-09-28,Whse_S,Product_1,Category_019,(24)
5384,2022-09-29,Whse_S,Product_1,Category_019,(21)
5385,2022-09-30,Whse_S,Product_1,Category_019,(28)
5386,2022-10-01,Whse_S,Product_1,Category_019,(42)
5387,2022-10-02,Whse_S,Product_1,Category_019,(18)
5388,2022-10-03,Whse_S,Product_1,Category_019,(21)
5389,2022-10-04,Whse_S,Product_1,Category_019,(29)
5390,2022-10-05,Whse_S,Product_1,Category_019,(31)
5391,2022-10-06,Whse_S,Product_1,Category_019,(26)
5392,2022-10-07,Whse_S,Product_1,Category_019,(32)
5393,2022-10-08,Whse_S,Product_1,Category_019,(46)
5394,2022-10-09,Whse_S,Product_1,Category_019,(25)
5395,2022-10-10,Whse_S,Product_1,Category_019,(20)
5396,2022-10-11,Whse_S,Product_1,Category_019,(26)
5397,2022-10-12,Whse_S,Product_1,Category_019,(27)
5398,2022-10-13,Whse_S,Product_1,Category_019,(29)
5399,2022-10-14,Whse_S,Product_1,Category_019,(31)
5400,2022-10-15,Whse_S,Product_1,Category_019,(23)
5401,2022-10-16,Whse_S,Product_1,Category_019,(19)
5402,2022-10-17,Whse_S,Product_1,Category_019,(27)
5403,2022-10-18,Whse_S,Product_1,Category_019,(20)
5404,2022-10-19,Whse_S,Product_1,Category_019,(27)
5405,2022-10-20,Whse_S,Product_1,Category_019,(30)
5406,2022-10-21,Whse_S,Product_1,Category_019,(36)
5407,2022-10-22,Whse_S,Product_1,Category_019,(44)
5408,2022-10-23,Whse_S,Product_1,Category_019,(24)
5409,2022-10-24,Whse_S,Product_1,Category_019,(28)
5410,2022-10-25,Whse_S,Product_1,Category_019,(23)
5411,2022-10-26,Whse_S,Product_1,Category_019,(22)
5412,2022-10-27,Whse_S,Product_1,Category_019,(30)
5413,2022-10-28,Whse_S,Product_1,Category_019,(34)
5414,2022-10-29,Whse_S,Product_1,Category_019,(39)
5415,2022-10-30,Whse_S,Product_1,Category_019,(29)
5416,2022-10-31,Whse_S,Product_1,Category_019,(26)
5417,2022-11-01,Whse_S,Product_1,Category_019,(24)
5418,2022-11-02,Whse_S,Product_1,Category_019,(29)
5419,2022-11-03,Whse_S,Product_1,Category_019,(32)
5420,2022-11-04,Whse_S,Product_1,Category_019,(41)
5421,2022-11-05,Whse_S,Product_1,Category_019,(32)
5422,2022-11-06,Whse_S,Product_1,Category_019,(22)
5423,2022-11-07,Whse_S,Product_1,Category_019,(27)
5424,2022-11-08,Whse_S,Product_1,Category_019,(31)
5425,2022-11-09,Whse_S,Product_1,Category_019,(33)
5426,2022-11-10,Whse_S,Product_1,Category_019,(23)
5427,2022-11-11,Whse_S,Product_1,Category_019,(34)
5428,2022-11-12,Whse_S,Product_1,Category_019,(27)
5429,2022-11-13,Whse_S,Product_1,Category_019,(24)
5430,2022-11-14,Whse_S,Product_1,Category_019,(26)
5431,2022-11-15,Whse_S,Product_1,Category_019,(33)
5432,2022-11-16,Whse_S,Product_1,Category_019,(27)
5433,2022-11-17,Whse_S,Product_1,Category_019,(34)
5434,2022-11-18,Whse_S,Product_1,Category_019,(30)
5435,2022-11-19,Whse_S,Product_1,Category_019,(34)
5436,2022-11-20,Whse_S,Product_1,Category_019,(33)
5437,2022-11-21,Whse_S,Product_1,Category_019,(32)
5438,2022-11-22,Whse_S,Product_1,Category_019,(27)
5439,2022-11-23,Whse_S,Product_1,Category_019,(23)
5440,2022-11-24,Whse_S,Product_1,Category_019,(31)
5441,2022-11-25,Whse_S,Product_1,Category_019,(29)
5442,2022-11-26,Whse_S,Product_1,Category_019,(30)
5443,2022-11-27,Whse_S,Product_1,Category_019,(27)
5444,2022-11-28,Whse_S,Product_1,Category_019,(24)
5445,2022-11-29,Whse_S,Product_1,Category_019,(32)
5446,2022-11-30,Whse_S,Product_1,Category_019,(27)
5447,2022-12-01,Whse_S,Product_1,Category_019,(19)
5448,2022-12-02,Whse_S,Product_1,Category_019,(31)
5449,2022-12-03,Whse_S,Product_1,Category_019,(26)
5450,2022-12-04,Whse_S,Product_1,Category_019,(17)
5451,2022-12-05,Whse_S,Product_1,Category_019,(21)
5452,2022-12-06,Whse_S,Product_1,Category_019,(28)
5453,2022-12-07,Whse_S,Product_1,Category_019,(17)
5454,2022-12-08,Whse_S,Product_1,Category_019,(26)
5455,2022-12-09,Whse_S,Product_1,Category_019,(29)
5456,2022-12-10,Whse_S,Product_1,Category_019,(28)
5457,2022-12-11,Whse_S,Product_1,Category_019,(19)
5458,2022-12-12,Whse_S,Product_1,Category_019,(18)
5459,2022-12-13,Whse_S,Product_1,Category_019,(26)
5460,2022-12-14,Whse_S,Product_1,Category_019,(31)
5461,2022-12-15,Whse_S,Product_1,Category_019,(20)
5462,2022-12-16,Whse_S,Product_1,Category_019,(32)
5463,2022-12-17,Whse_S,Product_1,Category_019,(19)
5464,2022-12-18,Whse_S,Product_1,Category_019,(21)
5465,2022-12-19,Whse_S,Product_1,Category_019,(19)
5466,2022-12-20,Whse_S,Product_1,Category_019,(24)
5467,2022-12-21,Whse_S,Product_1,Category_019,(29)
5468,2022-12-22,Whse_S,Product_1,Category_019,(22)
5469,2022-12-23,Whse_S,Product_1,Category_019,(27)
5470,2022-12-24,Whse_S,Product_1,Category_019,(27)
5471,2022-12-25,Whse_S,Product_1,Category_019,(13)
5472,2022-12-26,Whse_S,Product_1,Category_019,(16)
5473,2022-12-27,Whse_S,Product_1,Category_019,(16)
5474,2022-12-28,Whse_S,Product_1,Category_019,(17)
5475,2022-12-29,Whse_S,Product_1,Category_019,(21)
5476,2022-12-30,Whse_S,Product_1,Category_019,(31)
5477,2022-12-31,Whse_S,Product_1,Category_019,(19)
5478,2018-01-01,Whse_C,Product_1,Category_019,(10)
5479,2018-01-02,Whse_C,Product_1,Category_019,(12)
5480,2018-01-03,Whse_C,Product_1,Category_019,(8)
5481,2018-01-04,Whse_C,Product_1,Category_019,(15)
5482,2018-01-05,Whse_C,Product_1,Category_019,(19)
5483,2018-01-06,Whse_C,Product_1,Category_019,(14)
5484,2018-01-07,Whse_C,Product_1,Category_019,(12)
5485,2018-01-08,Whse_C,Product_1,Category_019,(16)
5486,2018-01-09,Whse_C,Product_1,Category_019,(18)
5487,2018-01-10,Whse_C,Product_1,Category_019,(16)
5488,2018-01-11,Whse_C,Product_1,Category_019,(14)
5489,2018-01-12,Whse_C,Product_1,Category_019,(10)
5490,2018-01-13,Whse_C,Product_1,Category_019,(21)
5491,2018-01-14,Whse_C,Product_1,Category_019,(9)
5492,2018-01-15,Whse_C,Product_1,Category_019,(7)
5493,2018-01-16,Whse_C,Product_1,Category_019,(8)
5494,2018-01-17,Whse_C,Product_1,Category_019,(10)
5495,2018-01-18,Whse_C,Product_1,Category_019,(15)
5496,2018-01-19,Whse_C,Product_1,Category_019,(16)
5497,2018-01-20,Whse_C,Product_1,Category_019,(19)
5498,2018-01-21,Whse_C,Product_1,Category_019,(8)
5499,2018-01-22,Whse_C,Product_1,Category_019,(10)
5500,2018-01-23,Whse_C,Product_1,Category_019,(8)
5501,2018-01-24,Whse_C,Product_1,Category_019,(12)
5502,2018-01-25,Whse_C,Product_1,Category_019,(10)
5503,2018-01-26,Whse_C,Product_1,Category_019,(12)
5504,2018-01-27,Whse_C,Product_1,Category_019,(15)
5505,2018-01-28,Whse_C,Product_1,Category_019,(10)
5506,2018-01-29,Whse_C,Product_1,Category_019,(12)
5507,2018-01-30,Whse_C,Product_1,Category_019,(14)
5508,2018-01-31,Whse_C,Product_1,Category_019,(8)
5509,2018-02-01,Whse_C,Product_1,Category_019,(19)
5510,2018-02-02,Whse_C,Product_1,Category_019,(17)
5511,2018-02-03,Whse_C,Product_1,Category_019,(19)
5512,2018-02-04,Whse_C,Product_1,Category_019,(17)
5513,2018-02-05,Whse_C,Product_1,Category_019,(11)
5514,2018-02-06,Whse_C,Product_1,Category_019,(18)
5515,2018-02-07,Whse_C,Product_1,Category_019,(15)
5516,2018-02-08,Whse_C,Product_1,Category_019,(18)
5517,2018-02-09,Whse_C,Product_1,Category_019,(17)
5518,2018-02-10,Whse_C,Product_1,Category_019,(16)
5519,2018-02-11,Whse_C,Product_1,Category_019,(7)
5520,2018-02-12,Whse_C,Product_1,Category_019,(13)
5521,2018-02-13,Whse_C,Product_1,Category_019,(16)
5522,2018-02-14,Whse_C,Product_1,Category_019,(13)
5523,2018-02-15,Whse_C,Product_1,Category_019,(13)
5524,2018-02-16,Whse_C,Product_1,Category_019,(13)
5525,2018-02-17,Whse_C,Product_1,Category_019,(16)
5526,2018-02-18,Whse_C,Product_1,Category_019,(16)
5527,2018-02-19,Whse_C,Product_1,Category_019,(12)
5528,2018-02-20,Whse_C,Product_1,Category_019,(9)
5529,2018-02-21,Whse_C,Product_1,Category_019,(10)
5530,2018-02-22,Whse_C,Product_1,Category_019,(11)
5531,2018-02-23,Whse_C,Product_1,Category_019,(10)
5532,2018-02-24,Whse_C,Product_1,Category_019,(8)
5533,2018-02-25,Whse_C,Product_1,Category_019,(16)
5534,2018-02-26,Whse_C,Product_1,Category_019,(18)
5535,2018-02-27,Whse_C,Product_1,Category_019,(20)
5536,2018-02-28,Whse_C,Product_1,Category_019,(16)
5537,2018-03-01,Whse_C,Product_1,Category_019,(14)
5538,2018-03-02,Whse_C,Product_1,Category_019,(18)
5539,2018-03-03,Whse_C,Product_1,Category_019,(14)
5540,2018-03-04,Whse_C,Product_1,Category_019,(18)
5541,2018-03-05,Whse_C,Product_1,Category_019,(13)
5542,2018-03-06,Whse_C,Product_1,Category_019,(16)
5543,2018-03-07,Whse_C,Product_1,Category_019,(28)
5544,2018-03-08,Whse_C,Product_1,Category_019,(19)
5545,2018-03-09,Whse_C,Product_1,Category_019,(19)
5546,2018-03-10,Whse_C,Product_1,Category_019,(17)
5547,2018-03-11,Whse_C,Product_1,Category_019,(12)
5548,2018-03-12,Whse_C,Product_1,Category_019,(18)
5549,2018-03-13,Whse_C,Product_1,Category_019,(15)
5550,2018-03-14,Whse_C,Product_1,Category_019,(15)
5551,2018-03-15,Whse_C,Product_1,Category_019,(21)
5552,2018-03-16,Whse_C,Product_1,Category_019,(17)
5553,2018-03-17,Whse_C,Product_1,Category_019,(17)
5554,2018-03-18,Whse_C,Product_1,Category_019,(12)
5555,2018-03-19,Whse_C,Product_1,Category_019,(19)
5556,2018-03-20,Whse_C,Product_1,Category_019,(13)
5557,2018-03-21,Whse_C,Product_1,Category_019,(20)
5558,2018-03-22,Whse_C,Product_1,Category_019,(20)
5559,2018-03-23,Whse_C,Product_1,Category_019,(17)
5560,2018-03-24,Whse_C,Product_1,Category_019,(14)
5561,2018-03-25,Whse_C,Product_1,Category_019,(19)
5562,2018-03-26,Whse_C,Product_1,Category_019,(4)
5563,2018-03-27,Whse_C,Product_1,Category_019,(16)
5564,2018-03-28,Whse_C,Product_1,Category_019,(16)
5565,2018-03-29,Whse_C,Product_1,Category_019,(18)
5566,2018-03-30,Whse_C,Product_1,Category_019,(15)
5567,2018-03-31,Whse_C,Product_1,Category_019,(28)
5568,2018-04-01,Whse_C,Product_1,Category_019,(12)
5569,2018-04-02,Whse_C,Product_1,Category_019,(23)
5570,2018-04-03,Whse_C,Product_1,Category_019,(17)
5571,2018-04-04,Whse_C,Product_1,Category_019,(23)
5572,2018-04-05,Whse_C,Product_1,Category_019,(22)
5573,2018-04-06,Whse_C,Product_1,Category_019,(20)
5574,2018-04-07,Whse_C,Product_1,Category_019,(27)
5575,2018-04-08,Whse_C,Product_1,Category_019,(26)
5576,2018-04-09,Whse_C,Product_1,Category_019,(17)
5577,2018-04-10,Whse_C,Product_1,Category_019,(23)
5578,2018-04-11,Whse_C,Product_1,Category_019,(17)
5579,2018-04-12,Whse_C,Product_1,Category_019,(16)
5580,2018-04-13,Whse_C,Product_1,Category_019,(24)
5581,2018-04-14,Whse_C,Product_1,Category_019,(22)
5582,2018-04-15,Whse_C,Product_1,Category_019,(15)
5583,2018-04-16,Whse_C,Product_1,Category_019,(17)
5584,2018-04-17,Whse_C,Product_1,Category_019,(23)
5585,2018-04-18,Whse_C,Product_1,Category_019,(19)
5586,2018-04-19,Whse_C,Product_1,Category_019,(19)
5587,2018-04-20,Whse_C,Product_1,Category_019,(24)
5588,2018-04-21,Whse_C,Product_1,Category_019,(27)
5589,2018-04-22,Whse_C,Product_1,Category_019,(10)
5590,2018-04-23,Whse_C,Product_1,Category_019,(19)
5591,2018-04-24,Whse_C,Product_1,Category_019,(30)
5592,2018-04-25,Whse_C,Product_1,Category_019,(15)
5593,2018-04-26,Whse_C,Product_1,Category_019,(26)
5594,2018-04-27,Whse_C,Product_1,Category_019,(18)
5595,2018-04-28,Whse_C,Product_1,Category_019,(23)
5596,2018-04-29,Whse_C,Product_1,Category_019,(13)
5597,2018-04-30,Whse_C,Product_1,Category_019,(20)
5598,2018-05-01,Whse_C,Product_1,Category_019,(20)
5599,2018-05-02,Whse_C,Product_1,Category_019,(19)
5600,2018-05-03,Whse_C,Product_1,Category_019,(17)
5601,2018-05-04,Whse_C,Product_1,Category_019,(29)
5602,2018-05-05,Whse_C,Product_1,Category_019,(22)
5603,2018-05-06,Whse_C,Product_1,Category_019,(17)
5604,2018-05-07,Whse_C,Product_1,Category_019,(23)
5605,2018-05-08,Whse_C,Product_1,Category_019,(16)
5606,2018-05-09,Whse_C,Product_1,Category_019,(31)
5607,2018-05-10,Whse_C,Product_1,Category_019,(28)
5608,2018-05-11,Whse_C,Product_1,Category_019,(26)
5609,2018-05-12,Whse_C,Product_1,Category_019,(19)
5610,2018-05-13,Whse_C,Product_1,Category_019,(17)
5611,2018-05-14,Whse_C,Product_1,Category_019,(17)
5612,2018-05-15,Whse_C,Product_1,Category_019,(23)
5613,2018-05-16,Whse_C,Product_1,Category_019,(17)
5614,2018-05-17,Whse_C,Product_1,Category_019,(21)
5615,2018-05-18,Whse_C,Product_1,Category_019,(20)
5616,2018-05-19,Whse_C,Product_1,Category_019,(28)
5617,2018-05-20,Whse_C,Product_1,Category_019,(18)
5618,2018-05-21,Whse_C,Product_1,Category_019,(14)
5619,2018-05-22,Whse_C,Product_1,Category_019,(22)
5620,2018-05-23,Whse_C,Product_1,Category_019,(15)
5621,2018-05-24,Whse_C,Product_1,Category_019,(31)
5622,2018-05-25,Whse_C,Product_1,Category_019,(28)
5623,2018-05-26,Whse_C,Product_1,Category_019,(26)
5624,2018-05-27,Whse_C,Product_1,Category_019,(22)
5625,2018-05-28,Whse_C,Product_1,Category_019,(20)
5626,2018-05-29,Whse_C,Product_1,Category_019,(27)
5627,2018-05-30,Whse_C,Product_1,Category_019,(30)
5628,2018-05-31,Whse_C,Product_1,Category_019,(25)
5629,2018-06-01,Whse_C,Product_1,Category_019,(25)
5630,2018-06-02,Whse_C,Product_1,Category_019,(28)
5631,2018-06-03,Whse_C,Product_1,Category_019,(22)
5632,2018-06-04,Whse_C,Product_1,Category_019,(28)
5633,2018-06-05,Whse_C,Product_1,Category_019,(23)
5634,2018-06-06,Whse_C,Product_1,Category_019,(21)
5635,2018-06-07,Whse_C,Product_1,Category_019,(32)
5636,2018-06-08,Whse_C,Product_1,Category_019,(21)
5637,2018-06-09,Whse_C,Product_1,Category_019,(18)
5638,2018-06-10,Whse_C,Product_1,Category_019,(21)
5639,2018-06-11,Whse_C,Product_1,Category_019,(28)
5640,2018-06-12,Whse_C,Product_1,Category_019,(23)
5641,2018-06-13,Whse_C,Product_1,Category_019,(22)
5642,2018-06-14,Whse_C,Product_1,Category_019,(20)
5643,2018-06-15,Whse_C,Product_1,Category_019,(23)
5644,2018-06-16,Whse_C,Product_1,Category_019,(24)
5645,2018-06-17,Whse_C,Product_1,Category_019,(26)
5646,2018-06-18,Whse_C,Product_1,Category_019,(19)
5647,2018-06-19,Whse_C,Product_1,Category_019,(18)
5648,2018-06-20,Whse_C,Product_1,Category_019,(30)
5649,2018-06-21,Whse_C,Product_1,Category_019,(30)
5650,2018-06-22,Whse_C,Product_1,Category_019,(27)
5651,2018-06-23,Whse_C,Product_1,Category_019,(24)
5652,2018-06-24,Whse_C,Product_1,Category_019,(27)
5653,2018-06-25,Whse_C,Product_1,Category_019,(14)
5654,2018-06-26,Whse_C,Product_1,Category_019,(18)
5655,2018-06-27,Whse_C,Product_1,Category_019,(20)
5656,2018-06-28,Whse_C,Product_1,Category_019,(16)
5657,2018-06-29,Whse_C,Product_1,Category_019,(34)
5658,2018-06-30,Whse_C,Product_1,Category_019,(25)
5659,2018-07-01,Whse_C,Product_1,Category_019,(18)
5660,2018-07-02,Whse_C,Product_1,Category_019,(21)
5661,2018-07-03,Whse_C,Product_1,Category_019,(25)
5662,2018-07-04,Whse_C,Product_1,Category_019,(21)
5663,2018-07-05,Whse_C,Product_1,Category_019,(22)
5664,2018-07-06,Whse_C,Product_1,Category_019,(25)
5665,2018-07-07,Whse_C,Product_1,Category_019,(25)
5666,2018-07-08,Whse_C,Product_1,Category_019,(17)
5667,2018-07-09,Whse_C,Product_1,Category_019,(25)
5668,2018-07-10,Whse_C,Product_1,Category_019,(24)
5669,2018-07-11,Whse_C,Product_1,Category_019,(20)
5670,2018-07-12,Whse_C,Product_1,Category_019,(22)
5671,2018-07-13,Whse_C,Product_1,Category_019,(28)
5672,2018-07-14,Whse_C,Product_1,Category_019,(38)
5673,2018-07-15,Whse_C,Product_1,Category_019,(27)
5674,2018-07-16,Whse_C,Product_1,Category_019,(26)
5675,2018-07-17,Whse_C,Product_1,Category_019,(19)
5676,2018-07-18,Whse_C,Product_1,Category_019,(33)
5677,2018-07-19,Whse_C,Product_1,Category_019,(28)
5678,2018-07-20,Whse_C,Product_1,Category_019,(26)
5679,2018-07-21,Whse_C,Product_1,Category_019,(28)
5680,2018-07-22,Whse_C,Product_1,Category_019,(18)
5681,2018-07-23,Whse_C,Product_1,Category_019,(20)
5682,2018-07-24,Whse_C,Product_1,Category_019,(28)
5683,2018-07-25,Whse_C,Product_1,Category_019,(20)
5684,2018-07-26,Whse_C,Product_1,Category_019,(25)
5685,2018-07-27,Whse_C,Product_1,Category_019,(29)
5686,2018-07-28,Whse_C,Product_1,Category_019,(29)
5687,2018-07-29,Whse_C,Product_1,Category_019,(16)
5688,2018-07-30,Whse_C,Product_1,Category_019,(27)
5689,2018-07-31,Whse_C,Product_1,Category_019,(21)
5690,2018-08-01,Whse_C,Product_1,Category_019,(23)
5691,2018-08-02,Whse_C,Product_1,Category_019,(21)
5692,2018-08-03,Whse_C,Product_1,Category_019,(22)
5693,2018-08-04,Whse_C,Product_1,Category_019,(26)
5694,2018-08-05,Whse_C,Product_1,Category_019,(18)
5695,2018-08-06,Whse_C,Product_1,Category_019,(15)
5696,2018-08-07,Whse_C,Product_1,Category_019,(27)
5697,2018-08-08,Whse_C,Product_1,Category_019,(23)
5698,2018-08-09,Whse_C,Product_1,Category_019,(24)
5699,2018-08-10,Whse_C,Product_1,Category_019,(25)
5700,2018-08-11,Whse_C,Product_1,Category_019,(31)
5701,2018-08-12,Whse_C,Product_1,Category_019,(16)
5702,2018-08-13,Whse_C,Product_1,Category_019,(21)
5703,2018-08-14,Whse_C,Product_1,Category_019,(24)
5704,2018-08-15,Whse_C,Product_1,Category_019,(12)
5705,2018-08-16,Whse_C,Product_1,Category_019,(26)
5706,2018-08-17,Whse_C,Product_1,Category_019,(26)
5707,2018-08-18,Whse_C,Product_1,Category_019,(29)
5708,2018-08-19,Whse_C,Product_1,Category_019,(11)
5709,2018-08-20,Whse_C,Product_1,Category_019,(17)
5710,2018-08-21,Whse_C,Product_1,Category_019,(22)
5711,2018-08-22,Whse_C,Product_1,Category_019,(29)
5712,2018-08-23,Whse_C,Product_1,Category_019,(26)
5713,2018-08-24,Whse_C,Product_1,Category_019,(20)
5714,2018-08-25,Whse_C,Product_1,Category_019,(42)
5715,2018-08-26,Whse_C,Product_1,Category_019,(20)
5716,2018-08-27,Whse_C,Product_1,Category_019,(15)
5717,2018-08-28,Whse_C,Product_1,Category_019,(11)
5718,2018-08-29,Whse_C,Product_1,Category_019,(24)
5719,2018-08-30,Whse_C,Product_1,Category_019,(22)
5720,2018-08-31,Whse_C,Product_1,Category_019,(25)
5721,2018-09-01,Whse_C,Product_1,Category_019,(28)
5722,2018-09-02,Whse_C,Product_1,Category_019,(21)
5723,2018-09-03,Whse_C,Product_1,Category_019,(17)
5724,2018-09-04,Whse_C,Product_1,Category_019,(22)
5725,2018-09-05,Whse_C,Product_1,Category_019,(20)
5726,2018-09-06,Whse_C,Product_1,Category_019,(20)
5727,2018-09-07,Whse_C,Product_1,Category_019,(21)
5728,2018-09-08,Whse_C,Product_1,Category_019,(21)
5729,2018-09-09,Whse_C,Product_1,Category_019,(22)
5730,2018-09-10,Whse_C,Product_1,Category_019,(25)
5731,2018-09-11,Whse_C,Product_1,Category_019,(24)
5732,2018-09-12,Whse_C,Product_1,Category_019,(28)
5733,2018-09-13,Whse_C,Product_1,Category_019,(22)
5734,2018-09-14,Whse_C,Product_1,Category_019,(22)
5735,2018-09-15,Whse_C,Product_1,Category_019,(26)
5736,2018-09-16,Whse_C,Product_1,Category_019,(9)
5737,2018-09-17,Whse_C,Product_1,Category_019,(19)
5738,2018-09-18,Whse_C,Product_1,Category_019,(17)
5739,2018-09-19,Whse_C,Product_1,Category_019,(25)
5740,2018-09-20,Whse_C,Product_1,Category_019,(22)
5741,2018-09-21,Whse_C,Product_1,Category_019,(22)
5742,2018-09-22,Whse_C,Product_1,Category_019,(23)
5743,2018-09-23,Whse_C,Product_1,Category_019,(16)
5744,2018-09-24,Whse_C,Product_1,Category_019,(18)
5745,2018-09-25,Whse_C,Product_1,Category_019,(12)
5746,2018-09-26,Whse_C,Product_1,Category_019,(15)
5747,2018-09-27,Whse_C,Product_1,Category_019,(15)
5748,2018-09-28,Whse_C,Product_1,Category_019,(21)
5749,2018-09-29,Whse_C,Product_1,Category_019,(19)
5750,2018-09-30,Whse_C,Product_1,Category_019,(19)
5751,2018-10-01,Whse_C,Product_1,Category_019,(16)
5752,2018-10-02,Whse_C,Product_1,Category_019,(19)
5753,2018-10-03,Whse_C,Product_1,Category_019,(23)
5754,2018-10-04,Whse_C,Product_1,Category_019,(12)
5755,2018-10-05,Whse_C,Product_1,Category_019,(17)
5756,2018-10-06,Whse_C,Product_1,Category_019,(13)
5757,2018-10-07,Whse_C,Product_1,Category_019,(8)
5758,2018-10-08,Whse_C,Product_1,Category_019,(19)
5759,2018-10-09,Whse_C,Product_1,Category_019,(21)
5760,2018-10-10,Whse_C,Product_1,Category_019,(18)
5761,2018-10-11,Whse_C,Product_1,Category_019,(22)
5762,2018-10-12,Whse_C,Product_1,Category_019,(25)
5763,2018-10-13,Whse_C,Product_1,Category_019,(16)
5764,2018-10-14,Whse_C,Product_1,Category_019,(18)
5765,2018-10-15,Whse_C,Product_1,Category_019,(23)
5766,2018-10-16,Whse_C,Product_1,Category_019,(17)
5767,2018-10-17,Whse_C,Product_1,Category_019,(11)
5768,2018-10-18,Whse_C,Product_1,Category_019,(24)
5769,2018-10-19,Whse_C,Product_1,Category_019,(22)
5770,2018-10-20,Whse_C,Product_1,Category_019,(19)
5771,2018-10-21,Whse_C,Product_1,Category_019,(12)
5772,2018-10-22,Whse_C,Product_1,Category_019,(11)
5773,2018-10-23,Whse_C,Product_1,Category_019,(21)
5774,2018-10-24,Whse_C,Product_1,Category_019,(9)
5775,2018-10-25,Whse_C,Product_1,Category_019,(21)
5776,2018-10-26,Whse_C,Product_1,Category_019,(28)
5777,2018-10-27,Whse_C,Product_1,Category_019,(20)
5778,2018-10-28,Whse_C,Product_1,Category_019,(9)
5779,2018-10-29,Whse_C,Product_1,Category_019,(14)
5780,2018-10-30,Whse_C,Product_1,Category_001,(13)
5781,2018-10-31,Whse_C,Product_1,Category_019,(16)
5782,2018-11-01,Whse_C,Product_1,Category_019,(18)
5783,2018-11-02,Whse_C,Product_1,Category_019,(18)
5784,2018-11-03,Whse_C,Product_1,Category_019,(19)
5785,2018-11-04,Whse_C,Product_1,Category_019,(21)
5786,2018-11-05,Whse_C,Product_1,Category_019,(18)
5787,2018-11-06,Whse_C,Product_1,Category_019,(18)
5788,2018-11-07,Whse_C,Product_1,Category_019,(21)
5789,2018-11-08,Whse_C,Product_1,Category_019,(28)
5790,2018-11-09,Whse_C,Product_1,Category_019,(26)
5791,2018-11-10,Whse_C,Product_1,Category_019,(15)
5792,2018-11-11,Whse_C,Product_1,Category_019,(25)
5793,2018-11-12,Whse_C,Product_1,Category_019,(14)
5794,2018-11-13,Whse_C,Product_1,Category_019,(20)
5795,2018-11-14,Whse_C,Product_1,Category_019,(22)
5796,2018-11-15,Whse_C,Product_1,Category_019,(30)
5797,2018-11-16,Whse_C,Product_1,Category_019,(16)
5798,2018-11-17,Whse_C,Product_1,Category_019,(26)
5799,2018-11-18,Whse_C,Product_1,Category_019,(24)
5800,2018-11-19,Whse_C,Product_1,Category_019,(14)
5801,2018-11-20,Whse_C,Product_1,Category_019,(22)
5802,2018-11-21,Whse_C,Product_1,Category_019,(19)
5803,2018-11-22,Whse_C,Product_1,Category_019,(17)
5804,2018-11-23,Whse_C,Product_1,Category_019,(25)
5805,2018-11-24,Whse_C,Product_1,Category_019,(22)
5806,2018-11-25,Whse_C,Product_1,Category_019,(13)
5807,2018-11-26,Whse_C,Product_1,Category_019,(17)
5808,2018-11-27,Whse_C,Product_1,Category_019,(19)
5809,2018-11-28,Whse_C,Product_1,Category_019,(23)
5810,2018-11-29,Whse_C,Product_1,Category_019,(19)
5811,2018-11-30,Whse_C,Product_1,Category_019,(21)
5812,2018-12-01,Whse_C,Product_1,Category_019,(22)
5813,2018-12-02,Whse_C,Product_1,Category_019,(13)
5814,2018-12-03,Whse_C,Product_1,Category_019,(23)
5815,2018-12-04,Whse_C,Product_1,Category_019,(18)
5816,2018-12-05,Whse_C,Product_1,Category_019,(20)
5817,2018-12-06,Whse_C,Product_1,Category_019,(16)
5818,2018-12-07,Whse_C,Product_1,Category_019,(15)
5819,2018-12-08,Whse_C,Product_1,Category_019,(15)
5820,2018-12-09,Whse_C,Product_1,Category_019,(8)
5821,2018-12-10,Whse_C,Product_1,Category_019,(11)
5822,2018-12-11,Whse_C,Product_1,Category_019,(16)
5823,2018-12-12,Whse_C,Product_1,Category_019,(13)
5824,2018-12-13,Whse_C,Product_1,Category_019,(15)
5825,2018-12-14,Whse_C,Product_1,Category_019,(15)
5826,2018-12-15,Whse_C,Product_1,Category_019,(15)
5827,2018-12-16,Whse_C,Product_1,Category_019,(10)
5828,2018-12-17,Whse_C,Product_1,Category_019,(10)
5829,2018-12-18,Whse_C,Product_1,Category_019,(13)
5830,2018-12-19,Whse_C,Product_1,Category_019,(18)
5831,2018-12-20,Whse_C,Product_1,Category_019,(14)
5832,2018-12-21,Whse_C,Product_1,Category_019,(14)
5833,2018-12-22,Whse_C,Product_1,Category_019,(17)
5834,2018-12-23,Whse_C,Product_1,Category_019,(13)
5835,2018-12-24,Whse_C,Product_1,Category_019,(14)
5836,2018-12-25,Whse_C,Product_1,Category_019,(15)
5837,2018-12-26,Whse_C,Product_1,Category_019,(15)
5838,2018-12-27,Whse_C,Product_1,Category_019,(17)
5839,2018-12-28,Whse_C,Product_1,Category_019,(13)
5840,2018-12-29,Whse_C,Product_1,Category_019,(13)
5841,2018-12-30,Whse_C,Product_1,Category_019,(7)
5842,2018-12-31,Whse_C,Product_1,Category_019,(17)
5843,2019-01-01,Whse_C,Product_1,Category_019,(18)
5844,2019-01-02,Whse_C,Product_1,Category_019,(14)
5845,2019-01-03,Whse_C,Product_1,Category_019,(23)
5846,2019-01-04,Whse_C,Product_1,Category_019,(19)
5847,2019-01-05,Whse_C,Product_1,Category_019,(25)
5848,2019-01-06,Whse_C,Product_1,Category_019,(13)
5849,2019-01-07,Whse_C,Product_1,Category_019,(12)
5850,2019-01-08,Whse_C,Product_1,Category_019,(14)
5851,2019-01-09,Whse_C,Product_1,Category_019,(11)
5852,2019-01-10,Whse_C,Product_1,Category_019,(20)
5853,2019-01-11,Whse_C,Product_1,Category_019,(13)
5854,2019-01-12,Whse_C,Product_1,Category_019,(18)
5855,2019-01-13,Whse_C,Product_1,Category_019,(13)
5856,2019-01-14,Whse_C,Product_1,Category_019,(13)
5857,2019-01-15,Whse_C,Product_1,Category_019,(10)
5858,2019-01-16,Whse_C,Product_1,Category_019,(13)
5859,2019-01-17,Whse_C,Product_1,Category_019,(14)
5860,2019-01-18,Whse_C,Product_1,Category_019,(16)
5861,2019-01-19,Whse_C,Product_1,Category_019,(16)
5862,2019-01-20,Whse_C,Product_1,Category_019,(13)
5863,2019-01-21,Whse_C,Product_1,Category_019,(8)
5864,2019-01-22,Whse_C,Product_1,Category_019,(10)
5865,2019-01-23,Whse_C,Product_1,Category_019,(14)
5866,2019-01-24,Whse_C,Product_1,Category_019,(21)
5867,2019-01-25,Whse_C,Product_1,Category_019,(22)
5868,2019-01-26,Whse_C,Product_1,Category_019,(16)
5869,2019-01-27,Whse_C,Product_1,Category_019,(12)
5870,2019-01-28,Whse_C,Product_1,Category_019,(15)
5871,2019-01-29,Whse_C,Product_1,Category_019,(18)
5872,2019-01-30,Whse_C,Product_1,Category_019,(23)
5873,2019-01-31,Whse_C,Product_1,Category_019,(16)
5874,2019-02-01,Whse_C,Product_1,Category_019,(15)
5875,2019-02-02,Whse_C,Product_1,Category_019,(23)
5876,2019-02-03,Whse_C,Product_1,Category_019,(12)
5877,2019-02-04,Whse_C,Product_1,Category_019,(19)
5878,2019-02-05,Whse_C,Product_1,Category_019,(27)
5879,2019-02-06,Whse_C,Product_1,Category_019,(20)
5880,2019-02-07,Whse_C,Product_1,Category_019,(10)
5881,2019-02-08,Whse_C,Product_1,Category_019,(19)
5882,2019-02-09,Whse_C,Product_1,Category_019,(26)
5883,2019-02-10,Whse_C,Product_1,Category_019,(12)
5884,2019-02-11,Whse_C,Product_1,Category_019,(15)
5885,2019-02-12,Whse_C,Product_1,Category_019,(14)
5886,2019-02-13,Whse_C,Product_1,Category_019,(12)
5887,2019-02-14,Whse_C,Product_1,Category_019,(13)
5888,2019-02-15,Whse_C,Product_1,Category_019,(19)
5889,2019-02-16,Whse_C,Product_1,Category_019,(20)
5890,2019-02-17,Whse_C,Product_1,Category_019,(12)
5891,2019-02-18,Whse_C,Product_1,Category_019,(17)
5892,2019-02-19,Whse_C,Product_1,Category_019,(11)
5893,2019-02-20,Whse_C,Product_1,Category_019,(18)
5894,2019-02-21,Whse_C,Product_1,Category_019,(24)
5895,2019-02-22,Whse_C,Product_1,Category_019,(11)
5896,2019-02-23,Whse_C,Product_1,Category_019,(26)
5897,2019-02-24,Whse_C,Product_1,Category_019,(15)
5898,2019-02-25,Whse_C,Product_1,Category_019,(16)
5899,2019-02-26,Whse_C,Product_1,Category_019,(21)
5900,2019-02-27,Whse_C,Product_1,Category_019,(15)
5901,2019-02-28,Whse_C,Product_1,Category_019,(18)
5902,2019-03-01,Whse_C,Product_1,Category_019,(27)
5903,2019-03-02,Whse_C,Product_1,Category_019,(27)
5904,2019-03-03,Whse_C,Product_1,Category_019,(22)
5905,2019-03-04,Whse_C,Product_1,Category_019,(15)
5906,2019-03-05,Whse_C,Product_1,Category_019,(23)
5907,2019-03-06,Whse_C,Product_1,Category_019,(15)
5908,2019-03-07,Whse_C,Product_1,Category_019,(16)
5909,2019-03-08,Whse_C,Product_1,Category_019,(19)
5910,2019-03-09,Whse_C,Product_1,Category_019,(25)
5911,2019-03-10,Whse_C,Product_1,Category_019,(18)
5912,2019-03-11,Whse_C,Product_1,Category_019,(27)
5913,2019-03-12,Whse_C,Product_1,Category_019,(22)
5914,2019-03-13,Whse_C,Product_1,Category_019,(15)
5915,2019-03-14,Whse_C,Product_1,Category_019,(20)
5916,2019-03-15,Whse_C,Product_1,Category_019,(22)
5917,2019-03-16,Whse_C,Product_1,Category_019,(27)
5918,2019-03-17,Whse_C,Product_1,Category_019,(12)
5919,2019-03-18,Whse_C,Product_1,Category_019,(18)
5920,2019-03-19,Whse_C,Product_1,Category_019,(26)
5921,2019-03-20,Whse_C,Product_1,Category_019,(14)
5922,2019-03-21,Whse_C,Product_1,Category_019,(25)
5923,2019-03-22,Whse_C,Product_1,Category_019,(30)
5924,2019-03-23,Whse_C,Product_1,Category_019,(16)
5925,2019-03-24,Whse_C,Product_1,Category_019,(13)
5926,2019-03-25,Whse_C,Product_1,Category_019,(17)
5927,2019-03-26,Whse_C,Product_1,Category_019,(19)
5928,2019-03-27,Whse_C,Product_1,Category_019,(12)
5929,2019-03-28,Whse_C,Product_1,Category_019,(23)
5930,2019-03-29,Whse_C,Product_1,Category_019,(21)
5931,2019-03-30,Whse_C,Product_1,Category_019,(25)
5932,2019-03-31,Whse_C,Product_1,Category_019,(10)
5933,2019-04-01,Whse_C,Product_1,Category_019,(23)
5934,2019-04-02,Whse_C,Product_1,Category_019,(21)
5935,2019-04-03,Whse_C,Product_1,Category_019,(16)
5936,2019-04-04,Whse_C,Product_1,Category_019,(28)
5937,2019-04-05,Whse_C,Product_1,Category_019,(28)
5938,2019-04-06,Whse_C,Product_1,Category_019,(30)
5939,2019-04-07,Whse_C,Product_1,Category_019,(19)
5940,2019-04-08,Whse_C,Product_1,Category_019,(21)
5941,2019-04-09,Whse_C,Product_1,Category_019,(22)
5942,2019-04-10,Whse_C,Product_1,Category_019,(32)
5943,2019-04-11,Whse_C,Product_1,Category_019,(30)
5944,2019-04-12,Whse_C,Product_1,Category_019,(30)
5945,2019-04-13,Whse_C,Product_1,Category_019,(30)
5946,2019-04-14,Whse_C,Product_1,Category_019,(17)
5947,2019-04-15,Whse_C,Product_1,Category_019,(15)
5948,2019-04-16,Whse_C,Product_1,Category_019,(17)
5949,2019-04-17,Whse_C,Product_1,Category_019,(19)
5950,2019-04-18,Whse_C,Product_1,Category_019,(19)
5951,2019-04-19,Whse_C,Product_1,Category_019,(34)
5952,2019-04-20,Whse_C,Product_1,Category_019,(30)
5953,2019-04-21,Whse_C,Product_1,Category_019,(17)
5954,2019-04-22,Whse_C,Product_1,Category_019,(23)
5955,2019-04-23,Whse_C,Product_1,Category_019,(24)
5956,2019-04-24,Whse_C,Product_1,Category_019,(22)
5957,2019-04-25,Whse_C,Product_1,Category_019,(20)
5958,2019-04-26,Whse_C,Product_1,Category_019,(31)
5959,2019-04-27,Whse_C,Product_1,Category_019,(27)
5960,2019-04-28,Whse_C,Product_1,Category_019,(20)
5961,2019-04-29,Whse_C,Product_1,Category_019,(21)
5962,2019-04-30,Whse_C,Product_1,Category_019,(22)
5963,2019-05-01,Whse_C,Product_1,Category_019,(27)
5964,2019-05-02,Whse_C,Product_1,Category_019,(36)
5965,2019-05-03,Whse_C,Product_1,Category_019,(27)
5966,2019-05-04,Whse_C,Product_1,Category_019,(30)
5967,2019-05-05,Whse_C,Product_1,Category_019,(17)
5968,2019-05-06,Whse_C,Product_1,Category_019,(24)
5969,2019-05-07,Whse_C,Product_1,Category_019,(24)
5970,2019-05-08,Whse_C,Product_1,Category_019,(21)
5971,2019-05-09,Whse_C,Product_1,Category_019,(27)
5972,2019-05-10,Whse_C,Product_1,Category_019,(24)
5973,2019-05-11,Whse_C,Product_1,Category_019,(26)
5974,2019-05-12,Whse_C,Product_1,Category_019,(21)
5975,2019-05-13,Whse_C,Product_1,Category_019,(24)
5976,2019-05-14,Whse_C,Product_1,Category_019,(23)
5977,2019-05-15,Whse_C,Product_1,Category_019,(24)
5978,2019-05-16,Whse_C,Product_1,Category_019,(19)
5979,2019-05-17,Whse_C,Product_1,Category_019,(39)
5980,2019-05-18,Whse_C,Product_1,Category_019,(31)
5981,2019-05-19,Whse_C,Product_1,Category_019,(22)
5982,2019-05-20,Whse_C,Product_1,Category_019,(19)
5983,2019-05-21,Whse_C,Product_1,Category_019,(24)
5984,2019-05-22,Whse_C,Product_1,Category_019,(21)
5985,2019-05-23,Whse_C,Product_1,Category_019,(28)
5986,2019-05-24,Whse_C,Product_1,Category_019,(27)
5987,2019-05-25,Whse_C,Product_1,Category_019,(27)
5988,2019-05-26,Whse_C,Product_1,Category_019,(19)
5989,2019-05-27,Whse_C,Product_1,Category_019,(24)
5990,2019-05-28,Whse_C,Product_1,Category_019,(21)
5991,2019-05-29,Whse_C,Product_1,Category_019,(25)
5992,2019-05-30,Whse_C,Product_1,Category_019,(29)
5993,2019-05-31,Whse_C,Product_1,Category_019,(22)
5994,2019-06-01,Whse_C,Product_1,Category_019,(30)
5995,2019-06-02,Whse_C,Product_1,Category_019,(13)
5996,2019-06-03,Whse_C,Product_1,Category_019,(26)
5997,2019-06-04,Whse_C,Product_1,Category_019,(38)
5998,2019-06-05,Whse_C,Product_1,Category_019,(26)
5999,2019-06-06,Whse_C,Product_1,Category_019,(31)
6000,2019-06-07,Whse_C,Product_1,Category_019,(38)
6001,2019-06-08,Whse_C,Product_1,Category_019,(31)
6002,2019-06-09,Whse_C,Product_1,Category_019,(25)
6003,2019-06-10,Whse_C,Product_1,Category_019,(33)
6004,2019-06-11,Whse_C,Product_1,Category_019,(17)
6005,2019-06-12,Whse_C,Product_1,Category_019,(27)
6006,2019-06-13,Whse_C,Product_1,Category_019,(28)
6007,2019-06-14,Whse_C,Product_1,Category_015,(32)
6008,2019-06-15,Whse_C,Product_1,Category_022,(30)
6009,2019-06-16,Whse_C,Product_1,Category_022,(19)
6010,2019-06-17,Whse_C,Product_1,Category_022,(22)
6011,2019-06-18,Whse_C,Product_1,Category_022,(31)
6012,2019-06-19,Whse_C,Product_1,Category_022,(29)
6013,2019-06-20,Whse_C,Product_1,Category_022,(30)
6014,2019-06-21,Whse_C,Product_1,Category_022,(33)
6015,2019-06-22,Whse_C,Product_1,Category_022,(34)
6016,2019-06-23,Whse_C,Product_1,Category_022,(26)
6017,2019-06-24,Whse_C,Product_1,Category_022,(28)
6018,2019-06-25,Whse_C,Product_1,Category_022,(19)
6019,2019-06-26,Whse_C,Product_1,Category_022,(28)
6020,2019-06-27,Whse_C,Product_1,Category_022,(26)
6021,2019-06-28,Whse_C,Product_1,Category_022,(38)
6022,2019-06-29,Whse_C,Product_1,Category_022,(35)
6023,2019-06-30,Whse_C,Product_1,Category_022,(29)
6024,2019-07-01,Whse_C,Product_1,Category_022,(21)
6025,2019-07-02,Whse_C,Product_1,Category_022,(31)
6026,2019-07-03,Whse_C,Product_1,Category_022,(32)
6027,2019-07-04,Whse_C,Product_1,Category_022,(24)
6028,2019-07-05,Whse_C,Product_1,Category_022,(32)
6029,2019-07-06,Whse_C,Product_1,Category_022,(36)
6030,2019-07-07,Whse_C,Product_1,Category_022,(22)
6031,2019-07-08,Whse_C,Product_1,Category_022,(17)
6032,2019-07-09,Whse_C,Product_1,Category_022,(26)
6033,2019-07-10,Whse_C,Product_1,Category_022,(25)
6034,2019-07-11,Whse_C,Product_1,Category_022,(16)
6035,2019-07-12,Whse_C,Product_1,Category_022,(28)
6036,2019-07-13,Whse_C,Product_1,Category_022,(35)
6037,2019-07-14,Whse_C,Product_1,Category_007,(21)
6038,2019-07-15,Whse_C,Product_1,Category_007,(25)
6039,2019-07-16,Whse_C,Product_1,Category_007,(19)
6040,2019-07-17,Whse_C,Product_1,Category_007,(38)
6041,2019-07-18,Whse_C,Product_1,Category_007,(29)
6042,2019-07-19,Whse_C,Product_1,Category_007,(23)
6043,2019-07-20,Whse_C,Product_1,Category_007,(20)
6044,2019-07-21,Whse_C,Product_1,Category_007,(22)
6045,2019-07-22,Whse_C,Product_1,Category_007,(32)
6046,2019-07-23,Whse_C,Product_1,Category_007,(25)
6047,2019-07-24,Whse_C,Product_1,Category_007,(26)
6048,2019-07-25,Whse_C,Product_1,Category_007,(28)
6049,2019-07-26,Whse_C,Product_1,Category_007,(28)
6050,2019-07-27,Whse_C,Product_1,Category_007,(34)
6051,2019-07-28,Whse_C,Product_1,Category_007,(16)
6052,2019-07-29,Whse_C,Product_1,Category_007,(24)
6053,2019-07-30,Whse_C,Product_1,Category_009,(28)
6054,2019-07-31,Whse_C,Product_1,Category_009,(32)
6055,2019-08-01,Whse_C,Product_1,Category_009,(25)
6056,2019-08-02,Whse_C,Product_1,Category_009,(29)
6057,2019-08-03,Whse_C,Product_1,Category_009,(28)
6058,2019-08-04,Whse_C,Product_1,Category_009,(20)
6059,2019-08-05,Whse_C,Product_1,Category_009,(19)
6060,2019-08-06,Whse_C,Product_1,Category_009,(35)
6061,2019-08-07,Whse_C,Product_1,Category_009,(26)
6062,2019-08-08,Whse_C,Product_1,Category_009,(19)
6063,2019-08-09,Whse_C,Product_1,Category_009,(30)
6064,2019-08-10,Whse_C,Product_1,Category_009,(26)
6065,2019-08-11,Whse_C,Product_1,Category_009,(20)
6066,2019-08-12,Whse_C,Product_1,Category_009,(12)
6067,2019-08-13,Whse_C,Product_1,Category_009,(23)
6068,2019-08-14,Whse_C,Product_1,Category_009,(18)
6069,2019-08-15,Whse_C,Product_1,Category_009,(27)
6070,2019-08-16,Whse_C,Product_1,Category_021,(32)
6071,2019-08-17,Whse_C,Product_1,Category_021,(27)
6072,2019-08-18,Whse_C,Product_1,Category_021,(17)
6073,2019-08-19,Whse_C,Product_1,Category_021,(17)
6074,2019-08-20,Whse_C,Product_1,Category_021,(32)
6075,2019-08-21,Whse_C,Product_1,Category_021,(14)
6076,2019-08-22,Whse_C,Product_1,Category_021,(20)
6077,2019-08-23,Whse_C,Product_1,Category_021,(19)
6078,2019-08-24,Whse_C,Product_1,Category_021,(39)
6079,2019-08-25,Whse_C,Product_1,Category_021,(19)
6080,2019-08-26,Whse_C,Product_1,Category_021,(19)
6081,2019-08-27,Whse_C,Product_1,Category_021,(27)
6082,2019-08-28,Whse_C,Product_1,Category_021,(22)
6083,2019-08-29,Whse_C,Product_1,Category_021,(22)
6084,2019-08-30,Whse_C,Product_1,Category_021,(26)
6085,2019-08-31,Whse_C,Product_1,Category_024,(28)
6086,2019-09-01,Whse_C,Product_1,Category_024,(16)
6087,2019-09-02,Whse_C,Product_1,Category_024,(13)
6088,2019-09-03,Whse_C,Product_1,Category_024,(27)
6089,2019-09-04,Whse_C,Product_1,Category_024,(27)
6090,2019-09-05,Whse_C,Product_1,Category_024,(22)
6091,2019-09-06,Whse_C,Product_1,Category_024,(30)
6092,2019-09-07,Whse_C,Product_1,Category_024,(28)
6093,2019-09-08,Whse_C,Product_1,Category_024,(19)
6094,2019-09-09,Whse_C,Product_1,Category_024,(32)
6095,2019-09-10,Whse_C,Product_1,Category_024,(23)
6096,2019-09-11,Whse_C,Product_1,Category_024,(30)
6097,2019-09-12,Whse_C,Product_1,Category_024,(20)
6098,2019-09-13,Whse_C,Product_1,Category_024,(27)
6099,2019-09-14,Whse_C,Product_1,Category_024,(22)
6100,2019-09-15,Whse_C,Product_1,Category_024,(23)
6101,2019-09-16,Whse_C,Product_1,Category_024,(27)
6102,2019-09-17,Whse_C,Product_1,Category_024,(24)
6103,2019-09-18,Whse_C,Product_1,Category_024,(22)
6104,2019-09-19,Whse_C,Product_1,Category_024,(26)
6105,2019-09-20,Whse_C,Product_1,Category_024,(32)
6106,2019-09-21,Whse_C,Product_1,Category_019,(26)
6107,2019-09-22,Whse_C,Product_1,Category_019,(21)
6108,2019-09-23,Whse_C,Product_1,Category_019,(16)
6109,2019-09-24,Whse_C,Product_1,Category_019,(13)
6110,2019-09-25,Whse_C,Product_1,Category_019,(29)
6111,2019-09-26,Whse_C,Product_1,Category_019,(23)
6112,2019-09-27,Whse_C,Product_1,Category_019,(27)
6113,2019-09-28,Whse_C,Product_1,Category_019,(32)
6114,2019-09-29,Whse_C,Product_1,Category_005,(15)
6115,2019-09-30,Whse_C,Product_1,Category_019,(18)
6116,2019-10-01,Whse_C,Product_1,Category_005,(18)
6117,2019-10-02,Whse_C,Product_1,Category_005,(26)
6118,2019-10-03,Whse_C,Product_1,Category_005,(22)
6119,2019-10-04,Whse_C,Product_1,Category_005,(21)
6120,2019-10-05,Whse_C,Product_1,Category_005,(23)
6121,2019-10-06,Whse_C,Product_1,Category_005,(10)
6122,2019-10-07,Whse_C,Product_1,Category_005,(26)
6123,2019-10-08,Whse_C,Product_1,Category_005,(21)
6124,2019-10-09,Whse_C,Product_1,Category_005,(20)
6125,2019-10-10,Whse_C,Product_1,Category_005,(21)
6126,2019-10-11,Whse_C,Product_1,Category_005,(18)
6127,2019-10-12,Whse_C,Product_1,Category_005,(29)
6128,2019-10-13,Whse_C,Product_1,Category_005,(26)
6129,2019-10-14,Whse_C,Product_1,Category_019,(26)
6130,2019-10-15,Whse_C,Product_1,Category_019,(18)
6131,2019-10-16,Whse_C,Product_1,Category_019,(21)
6132,2019-10-17,Whse_C,Product_1,Category_019,(17)
6133,2019-10-18,Whse_C,Product_1,Category_019,(26)
6134,2019-10-19,Whse_C,Product_1,Category_019,(19)
6135,2019-10-20,Whse_C,Product_1,Category_019,(12)
6136,2019-10-21,Whse_C,Product_1,Category_019,(19)
6137,2019-10-22,Whse_C,Product_1,Category_019,(24)
6138,2019-10-23,Whse_C,Product_1,Category_019,(24)
6139,2019-10-24,Whse_C,Product_1,Category_019,(22)
6140,2019-10-25,Whse_C,Product_1,Category_019,(23)
6141,2019-10-26,Whse_C,Product_1,Category_019,(22)
6142,2019-10-27,Whse_C,Product_1,Category_019,(13)
6143,2019-10-28,Whse_C,Product_1,Category_019,(21)
6144,2019-10-29,Whse_C,Product_1,Category_019,(23)
6145,2019-10-30,Whse_C,Product_1,Category_019,(16)
6146,2019-10-31,Whse_C,Product_1,Category_019,(22)
6147,2019-11-01,Whse_C,Product_1,Category_019,(29)
6148,2019-11-02,Whse_C,Product_1,Category_019,(21)
6149,2019-11-03,Whse_C,Product_1,Category_019,(30)
6150,2019-11-04,Whse_C,Product_1,Category_019,(19)
6151,2019-11-05,Whse_C,Product_1,Category_019,(16)
6152,2019-11-06,Whse_C,Product_1,Category_019,(37)
6153,2019-11-07,Whse_C,Product_1,Category_019,(28)
6154,2019-11-08,Whse_C,Product_1,Category_019,(25)
6155,2019-11-09,Whse_C,Product_1,Category_019,(27)
6156,2019-11-10,Whse_C,Product_1,Category_019,(19)
6157,2019-11-11,Whse_C,Product_1,Category_019,(19)
6158,2019-11-12,Whse_C,Product_1,Category_019,(23)
6159,2019-11-13,Whse_C,Product_1,Category_019,(22)
6160,2019-11-14,Whse_C,Product_1,Category_019,(25)
6161,2019-11-15,Whse_C,Product_1,Category_019,(22)
6162,2019-11-16,Whse_C,Product_1,Category_019,(33)
6163,2019-11-17,Whse_C,Product_1,Category_019,(14)
6164,2019-11-18,Whse_C,Product_1,Category_019,(28)
6165,2019-11-19,Whse_C,Product_1,Category_019,(18)
6166,2019-11-20,Whse_C,Product_1,Category_019,(21)
6167,2019-11-21,Whse_C,Product_1,Category_019,(22)
6168,2019-11-22,Whse_C,Product_1,Category_019,(31)
6169,2019-11-23,Whse_C,Product_1,Category_019,(21)
6170,2019-11-24,Whse_C,Product_1,Category_019,(20)
6171,2019-11-25,Whse_C,Product_1,Category_019,(18)
6172,2019-11-26,Whse_C,Product_1,Category_019,(22)
6173,2019-11-27,Whse_C,Product_1,Category_019,(25)
6174,2019-11-28,Whse_C,Product_1,Category_019,(20)
6175,2019-11-29,Whse_C,Product_1,Category_019,(28)
6176,2019-11-30,Whse_C,Product_1,Category_019,(20)
6177,2019-12-01,Whse_C,Product_1,Category_019,(14)
6178,2019-12-02,Whse_C,Product_1,Category_019,(18)
6179,2019-12-03,Whse_C,Product_1,Category_019,(16)
6180,2019-12-04,Whse_C,Product_1,Category_030,(16)
6181,2019-12-05,Whse_C,Product_1,Category_030,(27)
6182,2019-12-06,Whse_C,Product_1,Category_019,(18)
6183,2019-12-07,Whse_C,Product_1,Category_019,(21)
6184,2019-12-08,Whse_C,Product_1,Category_019,(17)
6185,2019-12-09,Whse_C,Product_1,Category_019,(11)
6186,2019-12-10,Whse_C,Product_1,Category_019,(14)
6187,2019-12-11,Whse_C,Product_1,Category_019,(21)
6188,2019-12-12,Whse_C,Product_1,Category_019,(19)
6189,2019-12-13,Whse_C,Product_1,Category_019,(17)
6190,2019-12-14,Whse_C,Product_1,Category_001,(18)
6191,2019-12-15,Whse_C,Product_1,Category_001,(11)
6192,2019-12-16,Whse_C,Product_1,Category_001,(13)
6193,2019-12-17,Whse_C,Product_1,Category_001,(18)
6194,2019-12-18,Whse_C,Product_1,Category_001,(18)
6195,2019-12-19,Whse_C,Product_1,Category_001,(16)
6196,2019-12-20,Whse_C,Product_1,Category_005,(23)
6197,2019-12-21,Whse_C,Product_1,Category_005,(17)
6198,2019-12-22,Whse_C,Product_1,Category_005,(7)
6199,2019-12-23,Whse_C,Product_1,Category_005,(21)
6200,2019-12-24,Whse_C,Product_1,Category_019,(18)
6201,2019-12-25,Whse_C,Product_1,Category_019,(18)
6202,2019-12-26,Whse_C,Product_1,Category_019,(11)
6203,2019-12-27,Whse_C,Product_1,Category_019,(21)
6204,2019-12-28,Whse_C,Product_1,Category_030,(17)
6205,2019-12-29,Whse_C,Product_1,Category_030,(12)
6206,2019-12-30,Whse_C,Product_1,Category_030,(12)
6207,2019-12-31,Whse_C,Product_1,Category_030,(18)
6208,2020-01-01,Whse_C,Product_1,Category_030,(20)
6209,2020-01-02,Whse_C,Product_1,Category_030,(17)
6210,2020-01-03,Whse_C,Product_1,Category_030,(15)
6211,2020-01-04,Whse_C,Product_1,Category_030,(19)
6212,2020-01-05,Whse_C,Product_1,Category_030,(20)
6213,2020-01-06,Whse_C,Product_1,Category_030,(11)
6214,2020-01-07,Whse_C,Product_1,Category_030,(18)
6215,2020-01-08,Whse_C,Product_1,Category_030,(16)
6216,2020-01-09,Whse_C,Product_1,Category_030,(10)
6217,2020-01-10,Whse_C,Product_1,Category_030,(15)
6218,2020-01-11,Whse_C,Product_1,Category_030,(22)
6219,2020-01-12,Whse_C,Product_1,Category_030,(8)
6220,2020-01-13,Whse_C,Product_1,Category_030,(16)
6221,2020-01-14,Whse_C,Product_1,Category_030,(14)
6222,2020-01-15,Whse_C,Product_1,Category_030,(11)
6223,2020-01-16,Whse_C,Product_1,Category_030,(15)
6224,2020-01-17,Whse_C,Product_1,Category_030,(18)
6225,2020-01-18,Whse_C,Product_1,Category_030,(18)
6226,2020-01-19,Whse_C,Product_1,Category_030,(18)
6227,2020-01-20,Whse_C,Product_1,Category_030,(12)
6228,2020-01-21,Whse_C,Product_1,Category_030,(13)
6229,2020-01-22,Whse_C,Product_1,Category_030,(14)
6230,2020-01-23,Whse_C,Product_1,Category_030,(15)
6231,2020-01-24,Whse_C,Product_1,Category_030,(13)
6232,2020-01-25,Whse_C,Product_1,Category_030,(26)
6233,2020-01-26,Whse_C,Product_1,Category_030,(12)
6234,2020-01-27,Whse_C,Product_1,Category_030,(14)
6235,2020-01-28,Whse_C,Product_1,Category_030,(15)
6236,2020-01-29,Whse_C,Product_1,Category_030,(16)
6237,2020-01-30,Whse_C,Product_1,Category_030,(15)
6238,2020-01-31,Whse_C,Product_1,Category_030,(19)
6239,2020-02-01,Whse_C,Product_1,Category_030,(26)
6240,2020-02-02,Whse_C,Product_1,Category_020,(9)
6241,2020-02-03,Whse_C,Product_1,Category_020,(27)
6242,2020-02-04,Whse_C,Product_1,Category_020,(23)
6243,2020-02-05,Whse_C,Product_1,Category_020,(16)
6244,2020-02-06,Whse_C,Product_1,Category_020,(16)
6245,2020-02-07,Whse_C,Product_1,Category_020,(20)
6246,2020-02-08,Whse_C,Product_1,Category_020,(17)
6247,2020-02-09,Whse_C,Product_1,Category_020,(9)
6248,2020-02-10,Whse_C,Product_1,Category_020,(13)
6249,2020-02-11,Whse_C,Product_1,Category_020,(14)
6250,2020-02-12,Whse_C,Product_1,Category_020,(21)
6251,2020-02-13,Whse_C,Product_1,Category_020,(18)
6252,2020-02-14,Whse_C,Product_1,Category_020,(16)
6253,2020-02-15,Whse_C,Product_1,Category_020,(21)
6254,2020-02-16,Whse_C,Product_1,Category_020,(13)
6255,2020-02-17,Whse_C,Product_1,Category_020,(21)
6256,2020-02-18,Whse_C,Product_1,Category_020,(17)
6257,2020-02-19,Whse_C,Product_1,Category_020,(25)
6258,2020-02-20,Whse_C,Product_1,Category_020,(26)
6259,2020-02-21,Whse_C,Product_1,Category_020,(17)
6260,2020-02-22,Whse_C,Product_1,Category_020,(21)
6261,2020-02-23,Whse_C,Product_1,Category_020,(12)
6262,2020-02-24,Whse_C,Product_1,Category_020,(9)
6263,2020-02-25,Whse_C,Product_1,Category_020,(11)
6264,2020-02-26,Whse_C,Product_1,Category_020,(22)
6265,2020-02-27,Whse_C,Product_1,Category_020,(20)
6266,2020-02-28,Whse_C,Product_1,Category_020,(23)
6267,2020-03-01,Whse_C,Product_1,Category_020,(33)
6268,2020-03-02,Whse_C,Product_1,Category_020,(14)
6269,2020-03-03,Whse_C,Product_1,Category_020,(14)
6270,2020-03-04,Whse_C,Product_1,Category_020,(20)
6271,2020-03-05,Whse_C,Product_1,Category_020,(18)
6272,2020-03-06,Whse_C,Product_1,Category_020,(28)
6273,2020-03-07,Whse_C,Product_1,Category_020,(24)
6274,2020-03-08,Whse_C,Product_1,Category_020,(29)
6275,2020-03-09,Whse_C,Product_1,Category_020,(10)
6276,2020-03-10,Whse_C,Product_1,Category_020,(14)
6277,2020-03-11,Whse_C,Product_1,Category_020,(24)
6278,2020-03-12,Whse_C,Product_1,Category_020,(27)
6279,2020-03-13,Whse_C,Product_1,Category_024,(31)
6280,2020-03-14,Whse_C,Product_1,Category_024,(27)
6281,2020-03-15,Whse_C,Product_1,Category_020,(29)
6282,2020-03-16,Whse_C,Product_1,Category_020,(17)
6283,2020-03-17,Whse_C,Product_1,Category_020,(11)
6284,2020-03-18,Whse_C,Product_1,Category_020,(29)
6285,2020-03-19,Whse_C,Product_1,Category_020,(23)
6286,2020-03-20,Whse_C,Product_1,Category_020,(17)
6287,2020-03-21,Whse_C,Product_1,Category_020,(21)
6288,2020-03-22,Whse_C,Product_1,Category_020,(30)
6289,2020-03-23,Whse_C,Product_1,Category_020,(17)
6290,2020-03-24,Whse_C,Product_1,Category_020,(20)
6291,2020-03-25,Whse_C,Product_1,Category_020,(20)
6292,2020-03-26,Whse_C,Product_1,Category_020,(16)
6293,2020-03-27,Whse_C,Product_1,Category_020,(21)
6294,2020-03-28,Whse_C,Product_1,Category_020,(20)
6295,2020-03-29,Whse_C,Product_1,Category_020,(21)
6296,2020-03-30,Whse_C,Product_1,Category_020,(11)
6297,2020-03-31,Whse_C,Product_1,Category_020,(17)
6298,2020-04-01,Whse_C,Product_1,Category_020,(23)
6299,2020-04-02,Whse_C,Product_1,Category_020,(31)
6300,2020-04-03,Whse_C,Product_1,Category_020,(28)
6301,2020-04-04,Whse_C,Product_1,Category_020,(33)
6302,2020-04-05,Whse_C,Product_1,Category_024,(28)
6303,2020-04-06,Whse_C,Product_1,Category_020,(18)
6304,2020-04-07,Whse_C,Product_1,Category_020,(19)
6305,2020-04-08,Whse_C,Product_1,Category_020,(23)
6306,2020-04-09,Whse_C,Product_1,Category_020,(25)
6307,2020-04-10,Whse_C,Product_1,Category_020,(26)
6308,2020-04-11,Whse_C,Product_1,Category_020,(20)
6309,2020-04-12,Whse_C,Product_1,Category_020,(38)
6310,2020-04-13,Whse_C,Product_1,Category_020,(11)
6311,2020-04-14,Whse_C,Product_1,Category_020,(18)
6312,2020-04-15,Whse_C,Product_1,Category_020,(15)
6313,2020-04-16,Whse_C,Product_1,Category_020,(23)
6314,2020-04-17,Whse_C,Product_1,Category_020,(37)
6315,2020-04-18,Whse_C,Product_1,Category_020,(23)
6316,2020-04-19,Whse_C,Product_1,Category_020,(26)
6317,2020-04-20,Whse_C,Product_1,Category_020,(14)
6318,2020-04-21,Whse_C,Product_1,Category_020,(19)
6319,2020-04-22,Whse_C,Product_1,Category_020,(24)
6320,2020-04-23,Whse_C,Product_1,Category_020,(24)
6321,2020-04-24,Whse_C,Product_1,Category_020,(32)
6322,2020-04-25,Whse_C,Product_1,Category_020,(28)
6323,2020-04-26,Whse_C,Product_1,Category_020,(32)
6324,2020-04-27,Whse_C,Product_1,Category_020,(10)
6325,2020-04-28,Whse_C,Product_1,Category_020,(18)
6326,2020-04-29,Whse_C,Product_1,Category_020,(21)
6327,2020-04-30,Whse_C,Product_1,Category_020,(26)
6328,2020-05-01,Whse_C,Product_1,Category_020,(22)
6329,2020-05-02,Whse_C,Product_1,Category_020,(37)
6330,2020-05-03,Whse_C,Product_1,Category_020,(30)
6331,2020-05-04,Whse_C,Product_1,Category_020,(17)
6332,2020-05-05,Whse_C,Product_1,Category_020,(20)
6333,2020-05-06,Whse_C,Product_1,Category_020,(27)
6334,2020-05-07,Whse_C,Product_1,Category_020,(22)
6335,2020-05-08,Whse_C,Product_1,Category_020,(24)
6336,2020-05-09,Whse_C,Product_1,Category_020,(27)
6337,2020-05-10,Whse_C,Product_1,Category_020,(24)
6338,2020-05-11,Whse_C,Product_1,Category_020,(26)
6339,2020-05-12,Whse_C,Product_1,Category_020,(23)
6340,2020-05-13,Whse_C,Product_1,Category_020,(22)
6341,2020-05-14,Whse_C,Product_1,Category_020,(38)
6342,2020-05-15,Whse_C,Product_1,Category_020,(32)
6343,2020-05-16,Whse_C,Product_1,Category_020,(23)
6344,2020-05-17,Whse_C,Product_1,Category_020,(33)
6345,2020-05-18,Whse_C,Product_1,Category_020,(26)
6346,2020-05-19,Whse_C,Product_1,Category_020,(19)
6347,2020-05-20,Whse_C,Product_1,Category_020,(25)
6348,2020-05-21,Whse_C,Product_1,Category_020,(27)
6349,2020-05-22,Whse_C,Product_1,Category_020,(22)
6350,2020-05-23,Whse_C,Product_1,Category_020,(29)
6351,2020-05-24,Whse_C,Product_1,Category_020,(37)
6352,2020-05-25,Whse_C,Product_1,Category_020,(24)
6353,2020-05-26,Whse_C,Product_1,Category_020,(26)
6354,2020-05-27,Whse_C,Product_1,Category_020,(29)
6355,2020-05-28,Whse_C,Product_1,Category_020,(29)
6356,2020-05-29,Whse_C,Product_1,Category_020,(31)
6357,2020-05-30,Whse_C,Product_1,Category_020,(29)
6358,2020-05-31,Whse_C,Product_1,Category_020,(35)
6359,2020-06-01,Whse_C,Product_1,Category_020,(27)
6360,2020-06-02,Whse_C,Product_1,Category_020,(17)
6361,2020-06-03,Whse_C,Product_1,Category_020,(26)
6362,2020-06-04,Whse_C,Product_1,Category_020,(31)
6363,2020-06-05,Whse_C,Product_1,Category_020,(32)
6364,2020-06-06,Whse_C,Product_1,Category_020,(24)
6365,2020-06-07,Whse_C,Product_1,Category_020,(30)
6366,2020-06-08,Whse_C,Product_1,Category_020,(16)
6367,2020-06-09,Whse_C,Product_1,Category_020,(33)
6368,2020-06-10,Whse_C,Product_1,Category_020,(22)
6369,2020-06-11,Whse_C,Product_1,Category_020,(27)
6370,2020-06-12,Whse_C,Product_1,Category_020,(24)
6371,2020-06-13,Whse_C,Product_1,Category_020,(35)
6372,2020-06-14,Whse_C,Product_1,Category_020,(35)
6373,2020-06-15,Whse_C,Product_1,Category_020,(17)
6374,2020-06-16,Whse_C,Product_1,Category_020,(31)
6375,2020-06-17,Whse_C,Product_1,Category_020,(23)
6376,2020-06-18,Whse_C,Product_1,Category_020,(27)
6377,2020-06-19,Whse_C,Product_1,Category_020,(28)
6378,2020-06-20,Whse_C,Product_1,Category_020,(38)
6379,2020-06-21,Whse_C,Product_1,Category_020,(28)
6380,2020-06-22,Whse_C,Product_1,Category_020,(30)
6381,2020-06-23,Whse_C,Product_1,Category_020,(31)
6382,2020-06-24,Whse_C,Product_1,Category_020,(31)
6383,2020-06-25,Whse_C,Product_1,Category_020,(26)
6384,2020-06-26,Whse_C,Product_1,Category_020,(38)
6385,2020-06-27,Whse_C,Product_1,Category_020,(31)
6386,2020-06-28,Whse_C,Product_1,Category_020,(27)
6387,2020-06-29,Whse_C,Product_1,Category_020,(17)
6388,2020-06-30,Whse_C,Product_1,Category_020,(17)
6389,2020-07-01,Whse_C,Product_1,Category_020,(26)
6390,2020-07-02,Whse_C,Product_1,Category_020,(35)
6391,2020-07-03,Whse_C,Product_1,Category_020,(29)
6392,2020-07-04,Whse_C,Product_1,Category_020,(33)
6393,2020-07-05,Whse_C,Product_1,Category_020,(28)
6394,2020-07-06,Whse_C,Product_1,Category_020,(23)
6395,2020-07-07,Whse_C,Product_1,Category_020,(30)
6396,2020-07-08,Whse_C,Product_1,Category_020,(25)
6397,2020-07-09,Whse_C,Product_1,Category_020,(26)
6398,2020-07-10,Whse_C,Product_1,Category_020,(34)
6399,2020-07-11,Whse_C,Product_1,Category_020,(31)
6400,2020-07-12,Whse_C,Product_1,Category_020,(39)
6401,2020-07-13,Whse_C,Product_1,Category_020,(17)
6402,2020-07-14,Whse_C,Product_1,Category_020,(26)
6403,2020-07-15,Whse_C,Product_1,Category_020,(26)
6404,2020-07-16,Whse_C,Product_1,Category_020,(33)
6405,2020-07-17,Whse_C,Product_1,Category_020,(29)
6406,2020-07-18,Whse_C,Product_1,Category_020,(35)
6407,2020-07-19,Whse_C,Product_1,Category_020,(36)
6408,2020-07-20,Whse_C,Product_1,Category_020,(24)
6409,2020-07-21,Whse_C,Product_1,Category_020,(18)
6410,2020-07-22,Whse_C,Product_1,Category_020,(19)
6411,2020-07-23,Whse_C,Product_1,Category_020,(26)
6412,2020-07-24,Whse_C,Product_1,Category_020,(21)
6413,2020-07-25,Whse_C,Product_1,Category_020,(33)
6414,2020-07-26,Whse_C,Product_1,Category_020,(24)
6415,2020-07-27,Whse_C,Product_1,Category_020,(23)
6416,2020-07-28,Whse_C,Product_1,Category_020,(33)
6417,2020-07-29,Whse_C,Product_1,Category_020,(22)
6418,2020-07-30,Whse_C,Product_1,Category_020,(41)
6419,2020-07-31,Whse_C,Product_1,Category_020,(37)
6420,2020-08-01,Whse_C,Product_1,Category_020,(30)
6421,2020-08-02,Whse_C,Product_1,Category_020,(29)
6422,2020-08-03,Whse_C,Product_1,Category_020,(21)
6423,2020-08-04,Whse_C,Product_1,Category_020,(23)
6424,2020-08-05,Whse_C,Product_1,Category_020,(29)
6425,2020-08-06,Whse_C,Product_1,Category_020,(37)
6426,2020-08-07,Whse_C,Product_1,Category_011,(18)
6427,2020-08-08,Whse_C,Product_1,Category_015,(34)
6428,2020-08-09,Whse_C,Product_1,Category_015,(40)
6429,2020-08-10,Whse_C,Product_1,Category_015,(27)
6430,2020-08-11,Whse_C,Product_1,Category_009,(26)
6431,2020-08-12,Whse_C,Product_1,Category_009,(19)
6432,2020-08-13,Whse_C,Product_1,Category_009,(30)
6433,2020-08-14,Whse_C,Product_1,Category_021,(36)
6434,2020-08-15,Whse_C,Product_1,Category_021,(27)
6435,2020-08-16,Whse_C,Product_1,Category_024,(36)
6436,2020-08-17,Whse_C,Product_1,Category_024,(27)
6437,2020-08-18,Whse_C,Product_1,Category_019,(35)
6438,2020-08-19,Whse_C,Product_1,Category_015,(23)
6439,2020-08-20,Whse_C,Product_1,Category_015,(32)
6440,2020-08-21,Whse_C,Product_1,Category_015,(35)
6441,2020-08-22,Whse_C,Product_1,Category_015,(33)
6442,2020-08-23,Whse_C,Product_1,Category_003,(23)
6443,2020-08-24,Whse_C,Product_1,Category_007,(19)
6444,2020-08-25,Whse_C,Product_1,Category_007,(24)
6445,2020-08-26,Whse_C,Product_1,Category_007,(13)
6446,2020-08-27,Whse_C,Product_1,Category_007,(16)
6447,2020-08-28,Whse_C,Product_1,Category_007,(29)
6448,2020-08-29,Whse_C,Product_1,Category_007,(30)
6449,2020-08-30,Whse_C,Product_1,Category_007,(37)
6450,2020-08-31,Whse_C,Product_1,Category_007,(19)
6451,2020-09-01,Whse_C,Product_1,Category_007,(26)
6452,2020-09-02,Whse_C,Product_1,Category_007,(26)
6453,2020-09-03,Whse_C,Product_1,Category_007,(21)
6454,2020-09-04,Whse_C,Product_1,Category_007,(23)
6455,2020-09-05,Whse_C,Product_1,Category_007,(34)
6456,2020-09-06,Whse_C,Product_1,Category_007,(26)
6457,2020-09-07,Whse_C,Product_1,Category_007,(20)
6458,2020-09-08,Whse_C,Product_1,Category_007,(24)
6459,2020-09-09,Whse_C,Product_1,Category_007,(17)
6460,2020-09-10,Whse_C,Product_1,Category_007,(25)
6461,2020-09-11,Whse_C,Product_1,Category_007,(25)
6462,2020-09-12,Whse_C,Product_1,Category_007,(28)
6463,2020-09-13,Whse_C,Product_1,Category_007,(37)
6464,2020-09-14,Whse_C,Product_1,Category_007,(19)
6465,2020-09-15,Whse_C,Product_1,Category_007,(27)
6466,2020-09-16,Whse_C,Product_1,Category_007,(24)
6467,2020-09-17,Whse_C,Product_1,Category_007,(31)
6468,2020-09-18,Whse_C,Product_1,Category_007,(33)
6469,2020-09-19,Whse_C,Product_1,Category_007,(23)
6470,2020-09-20,Whse_C,Product_1,Category_007,(26)
6471,2020-09-21,Whse_C,Product_1,Category_007,(16)
6472,2020-09-22,Whse_C,Product_1,Category_007,(22)
6473,2020-09-23,Whse_C,Product_1,Category_009,(21)
6474,2020-09-24,Whse_C,Product_1,Category_009,(23)
6475,2020-09-25,Whse_C,Product_1,Category_009,(25)
6476,2020-09-26,Whse_C,Product_1,Category_009,(21)
6477,2020-09-27,Whse_C,Product_1,Category_009,(31)
6478,2020-09-28,Whse_C,Product_1,Category_009,(21)
6479,2020-09-29,Whse_C,Product_1,Category_009,(29)
6480,2020-09-30,Whse_C,Product_1,Category_009,(23)
6481,2020-10-01,Whse_C,Product_1,Category_009,(28)
6482,2020-10-02,Whse_C,Product_1,Category_009,(26)
6483,2020-10-03,Whse_C,Product_1,Category_009,(25)
6484,2020-10-04,Whse_C,Product_1,Category_009,(28)
6485,2020-10-05,Whse_C,Product_1,Category_009,(14)
6486,2020-10-06,Whse_C,Product_1,Category_009,(24)
6487,2020-10-07,Whse_C,Product_1,Category_009,(23)
6488,2020-10-08,Whse_C,Product_1,Category_021,(37)
6489,2020-10-09,Whse_C,Product_1,Category_021,(17)
6490,2020-10-10,Whse_C,Product_1,Category_021,(26)
6491,2020-10-11,Whse_C,Product_1,Category_021,(33)
6492,2020-10-12,Whse_C,Product_1,Category_021,(16)
6493,2020-10-13,Whse_C,Product_1,Category_021,(27)
6494,2020-10-14,Whse_C,Product_1,Category_021,(16)
6495,2020-10-15,Whse_C,Product_1,Category_021,(24)
6496,2020-10-16,Whse_C,Product_1,Category_021,(21)
6497,2020-10-17,Whse_C,Product_1,Category_021,(21)
6498,2020-10-18,Whse_C,Product_1,Category_021,(23)
6499,2020-10-19,Whse_C,Product_1,Category_021,(12)
6500,2020-10-20,Whse_C,Product_1,Category_021,(19)
6501,2020-10-21,Whse_C,Product_1,Category_021,(22)
6502,2020-10-22,Whse_C,Product_1,Category_021,(24)
6503,2020-10-23,Whse_C,Product_1,Category_021,(26)
6504,2020-10-24,Whse_C,Product_1,Category_021,(31)
6505,2020-10-25,Whse_C,Product_1,Category_021,(32)
6506,2020-10-26,Whse_C,Product_1,Category_021,(18)
6507,2020-10-27,Whse_C,Product_1,Category_021,(23)
6508,2020-10-28,Whse_C,Product_1,Category_021,(19)
6509,2020-10-29,Whse_C,Product_1,Category_021,(26)
6510,2020-10-30,Whse_C,Product_1,Category_021,(21)
6511,2020-10-31,Whse_C,Product_1,Category_021,(27)
6512,2020-11-01,Whse_C,Product_1,Category_021,(31)
6513,2020-11-02,Whse_C,Product_1,Category_021,(20)
6514,2020-11-03,Whse_C,Product_1,Category_024,(20)
6515,2020-11-04,Whse_C,Product_1,Category_024,(27)
6516,2020-11-05,Whse_C,Product_1,Category_024,(20)
6517,2020-11-06,Whse_C,Product_1,Category_024,(28)
6518,2020-11-07,Whse_C,Product_1,Category_024,(22)
6519,2020-11-08,Whse_C,Product_1,Category_024,(24)
6520,2020-11-09,Whse_C,Product_1,Category_005,(15)
6521,2020-11-10,Whse_C,Product_1,Category_006,(19)
6522,2020-11-11,Whse_C,Product_1,Category_006,(25)
6523,2020-11-12,Whse_C,Product_1,Category_006,(33)
6524,2020-11-13,Whse_C,Product_1,Category_006,(26)
6525,2020-11-14,Whse_C,Product_1,Category_006,(28)
6526,2020-11-15,Whse_C,Product_1,Category_006,(28)
6527,2020-11-16,Whse_C,Product_1,Category_006,(27)
6528,2020-11-17,Whse_C,Product_1,Category_006,(19)
6529,2020-11-18,Whse_C,Product_1,Category_006,(28)
6530,2020-11-19,Whse_C,Product_1,Category_006,(22)
6531,2020-11-20,Whse_C,Product_1,Category_006,(26)
6532,2020-11-21,Whse_C,Product_1,Category_006,(26)
6533,2020-11-22,Whse_C,Product_1,Category_006,(40)
6534,2020-11-23,Whse_C,Product_1,Category_006,(22)
6535,2020-11-24,Whse_C,Product_1,Category_019,(25)
6536,2020-11-25,Whse_C,Product_1,Category_019,(23)
6537,2020-11-26,Whse_C,Product_1,Category_019,(23)
6538,2020-11-27,Whse_C,Product_1,Category_019,(26)
6539,2020-11-28,Whse_C,Product_1,Category_019,(27)
6540,2020-11-29,Whse_C,Product_1,Category_019,(29)
6541,2020-11-30,Whse_C,Product_1,Category_019,(14)
6542,2020-12-01,Whse_C,Product_1,Category_019,(11)
6543,2020-12-02,Whse_C,Product_1,Category_019,(13)
6544,2020-12-03,Whse_C,Product_1,Category_019,(17)
6545,2020-12-04,Whse_C,Product_1,Category_019,(7)
6546,2020-12-05,Whse_C,Product_1,Category_019,(18)
6547,2020-12-06,Whse_C,Product_1,Category_019,(21)
6548,2020-12-07,Whse_C,Product_1,Category_019,(14)
6549,2020-12-08,Whse_C,Product_1,Category_019,(13)
6550,2020-12-09,Whse_C,Product_1,Category_019,(13)
6551,2020-12-10,Whse_C,Product_1,Category_019,(13)
6552,2020-12-11,Whse_C,Product_1,Category_019,(21)
6553,2020-12-12,Whse_C,Product_1,Category_019,(17)
6554,2020-12-13,Whse_C,Product_1,Category_019,(26)
6555,2020-12-14,Whse_C,Product_1,Category_019,(6)
6556,2020-12-15,Whse_C,Product_1,Category_019,(19)
6557,2020-12-16,Whse_C,Product_1,Category_019,(13)
6558,2020-12-17,Whse_C,Product_1,Category_019,(11)
6559,2020-12-18,Whse_C,Product_1,Category_019,(26)
6560,2020-12-19,Whse_C,Product_1,Category_019,(17)
6561,2020-12-20,Whse_C,Product_1,Category_019,(7)
6562,2020-12-21,Whse_C,Product_1,Category_019,(22)
6563,2020-12-22,Whse_C,Product_1,Category_019,(14)
6564,2020-12-23,Whse_C,Product_1,Category_019,(19)
6565,2020-12-24,Whse_C,Product_1,Category_028,(14)
6566,2020-12-25,Whse_C,Product_1,Category_028,(21)
6567,2020-12-26,Whse_C,Product_1,Category_030,(11)
6568,2020-12-27,Whse_C,Product_1,Category_030,(22)
6569,2020-12-28,Whse_C,Product_1,Category_030,(10)
6570,2020-12-29,Whse_C,Product_1,Category_030,(14)
6571,2020-12-30,Whse_C,Product_1,Category_030,(17)
6572,2020-12-31,Whse_C,Product_1,Category_030,(28)
6573,2021-01-01,Whse_C,Product_1,Category_030,(17)
6574,2021-01-02,Whse_C,Product_1,Category_030,(23)
6575,2021-01-03,Whse_C,Product_1,Category_030,(23)
6576,2021-01-04,Whse_C,Product_1,Category_030,(13)
6577,2021-01-05,Whse_C,Product_1,Category_030,(18)
6578,2021-01-06,Whse_C,Product_1,Category_030,(13)
6579,2021-01-07,Whse_C,Product_1,Category_030,(14)
6580,2021-01-08,Whse_C,Product_1,Category_030,(18)
6581,2021-01-09,Whse_C,Product_1,Category_030,(10)
6582,2021-01-10,Whse_C,Product_1,Category_030,(17)
6583,2021-01-11,Whse_C,Product_1,Category_030,(12)
6584,2021-01-12,Whse_C,Product_1,Category_030,(21)
6585,2021-01-13,Whse_C,Product_1,Category_030,(11)
6586,2021-01-14,Whse_C,Product_1,Category_030,(15)
6587,2021-01-15,Whse_C,Product_1,Category_030,(24)
6588,2021-01-16,Whse_C,Product_1,Category_030,(13)
6589,2021-01-17,Whse_C,Product_1,Category_030,(14)
6590,2021-01-18,Whse_C,Product_1,Category_030,(16)
6591,2021-01-19,Whse_C,Product_1,Category_030,(15)
6592,2021-01-20,Whse_C,Product_1,Category_030,(13)
6593,2021-01-21,Whse_C,Product_1,Category_030,(13)
6594,2021-01-22,Whse_C,Product_1,Category_030,(13)
6595,2021-01-23,Whse_C,Product_1,Category_030,(20)
6596,2021-01-24,Whse_C,Product_1,Category_030,(19)
6597,2021-01-25,Whse_C,Product_1,Category_030,(18)
6598,2021-01-26,Whse_C,Product_1,Category_030,(9)
6599,2021-01-27,Whse_C,Product_1,Category_030,(11)
6600,2021-01-28,Whse_C,Product_1,Category_030,(20)
6601,2021-01-29,Whse_C,Product_1,Category_030,(18)
6602,2021-01-30,Whse_C,Product_1,Category_030,(14)
6603,2021-01-31,Whse_C,Product_1,Category_030,(19)
6604,2021-02-01,Whse_C,Product_1,Category_030,(12)
6605,2021-02-02,Whse_C,Product_1,Category_030,(17)
6606,2021-02-03,Whse_C,Product_1,Category_030,(14)
6607,2021-02-04,Whse_C,Product_1,Category_030,(12)
6608,2021-02-05,Whse_C,Product_1,Category_030,(20)
6609,2021-02-06,Whse_C,Product_1,Category_030,(17)
6610,2021-02-07,Whse_C,Product_1,Category_030,(24)
6611,2021-02-08,Whse_C,Product_1,Category_030,(15)
6612,2021-02-09,Whse_C,Product_1,Category_019,(17)
6613,2021-02-10,Whse_C,Product_1,Category_019,(19)
6614,2021-02-11,Whse_C,Product_1,Category_019,(20)
6615,2021-02-12,Whse_C,Product_1,Category_019,(15)
6616,2021-02-13,Whse_C,Product_1,Category_019,(27)
6617,2021-02-14,Whse_C,Product_1,Category_019,(21)
6618,2021-02-15,Whse_C,Product_1,Category_019,(13)
6619,2021-02-16,Whse_C,Product_1,Category_019,(21)
6620,2021-02-17,Whse_C,Product_1,Category_019,(11)
6621,2021-02-18,Whse_C,Product_1,Category_019,(15)
6622,2021-02-19,Whse_C,Product_1,Category_019,(19)
6623,2021-02-20,Whse_C,Product_1,Category_019,(18)
6624,2021-02-21,Whse_C,Product_1,Category_019,(18)
6625,2021-02-22,Whse_C,Product_1,Category_019,(11)
6626,2021-02-23,Whse_C,Product_1,Category_019,(14)
6627,2021-02-24,Whse_C,Product_1,Category_019,(22)
6628,2021-02-25,Whse_C,Product_1,Category_019,(17)
6629,2021-02-26,Whse_C,Product_1,Category_019,(19)
6630,2021-02-27,Whse_C,Product_1,Category_019,(22)
6631,2021-02-28,Whse_C,Product_1,Category_019,(20)
6632,2021-02-28,Whse_C,Product_1,Category_019,(14)
6633,2021-03-01,Whse_C,Product_1,Category_019,(30)
6634,2021-03-02,Whse_C,Product_1,Category_019,(20)
6635,2021-03-03,Whse_C,Product_1,Category_019,(23)
6636,2021-03-04,Whse_C,Product_1,Category_019,(18)
6637,2021-03-05,Whse_C,Product_1,Category_019,(19)
6638,2021-03-06,Whse_C,Product_1,Category_019,(29)
6639,2021-03-07,Whse_C,Product_1,Category_005,(27)
6640,2021-03-08,Whse_C,Product_1,Category_030,(21)
6641,2021-03-09,Whse_C,Product_1,Category_030,(21)
6642,2021-03-10,Whse_C,Product_1,Category_030,(20)
6643,2021-03-11,Whse_C,Product_1,Category_030,(19)
6644,2021-03-12,Whse_C,Product_1,Category_030,(29)
6645,2021-03-13,Whse_C,Product_1,Category_006,(23)
6646,2021-03-14,Whse_C,Product_1,Category_006,(21)
6647,2021-03-15,Whse_C,Product_1,Category_006,(24)
6648,2021-03-16,Whse_C,Product_1,Category_006,(24)
6649,2021-03-17,Whse_C,Product_1,Category_006,(20)
6650,2021-03-18,Whse_C,Product_1,Category_019,(25)
6651,2021-03-19,Whse_C,Product_1,Category_019,(28)
6652,2021-03-20,Whse_C,Product_1,Category_019,(27)
6653,2021-03-21,Whse_C,Product_1,Category_019,(17)
6654,2021-03-22,Whse_C,Product_1,Category_019,(27)
6655,2021-03-23,Whse_C,Product_1,Category_019,(23)
6656,2021-03-24,Whse_C,Product_1,Category_019,(22)
6657,2021-03-25,Whse_C,Product_1,Category_019,(18)
6658,2021-03-26,Whse_C,Product_1,Category_019,(13)
6659,2021-03-27,Whse_C,Product_1,Category_019,(23)
6660,2021-03-28,Whse_C,Product_1,Category_019,(22)
6661,2021-03-29,Whse_C,Product_1,Category_019,(26)
6662,2021-03-30,Whse_C,Product_1,Category_019,(19)
6663,2021-03-31,Whse_C,Product_1,Category_005,(15)
6664,2021-04-01,Whse_C,Product_1,Category_005,(21)
6665,2021-04-02,Whse_C,Product_1,Category_005,(18)
6666,2021-04-03,Whse_C,Product_1,Category_019,(24)
6667,2021-04-04,Whse_C,Product_1,Category_019,(17)
6668,2021-04-05,Whse_C,Product_1,Category_019,(19)
6669,2021-04-06,Whse_C,Product_1,Category_019,(22)
6670,2021-04-07,Whse_C,Product_1,Category_019,(20)
6671,2021-04-08,Whse_C,Product_1,Category_019,(21)
6672,2021-04-09,Whse_C,Product_1,Category_030,(22)
6673,2021-04-10,Whse_C,Product_1,Category_030,(31)
6674,2021-04-11,Whse_C,Product_1,Category_030,(21)
6675,2021-04-12,Whse_C,Product_1,Category_018,(15)
6676,2021-04-13,Whse_C,Product_1,Category_018,(31)
6677,2021-04-14,Whse_C,Product_1,Category_019,(28)
6678,2021-04-15,Whse_C,Product_1,Category_019,(26)
6679,2021-04-16,Whse_C,Product_1,Category_019,(31)
6680,2021-04-17,Whse_C,Product_1,Category_001,(29)
6681,2021-04-18,Whse_C,Product_1,Category_001,(23)
6682,2021-04-19,Whse_C,Product_1,Category_001,(28)
6683,2021-04-20,Whse_C,Product_1,Category_001,(24)
6684,2021-04-21,Whse_C,Product_1,Category_001,(29)
6685,2021-04-22,Whse_C,Product_1,Category_001,(32)
6686,2021-04-23,Whse_C,Product_1,Category_005,(26)
6687,2021-04-24,Whse_C,Product_1,Category_005,(37)
6688,2021-04-25,Whse_C,Product_1,Category_005,(21)
6689,2021-04-26,Whse_C,Product_1,Category_005,(30)
6690,2021-04-27,Whse_C,Product_1,Category_005,(24)
6691,2021-04-28,Whse_C,Product_1,Category_005,(31)
6692,2021-04-29,Whse_C,Product_1,Category_005,(27)
6693,2021-04-30,Whse_C,Product_1,Category_005,(20)
6694,2021-05-01,Whse_C,Product_1,Category_005,(34)
6695,2021-05-02,Whse_C,Product_1,Category_005,(27)
6696,2021-05-03,Whse_C,Product_1,Category_005,(36)
6697,2021-05-04,Whse_C,Product_1,Category_005,(28)
6698,2021-05-05,Whse_C,Product_1,Category_005,(26)
6699,2021-05-06,Whse_C,Product_1,Category_005,(23)
6700,2021-05-07,Whse_C,Product_1,Category_005,(30)
6701,2021-05-08,Whse_C,Product_1,Category_005,(31)
6702,2021-05-09,Whse_C,Product_1,Category_019,(18)
6703,2021-05-10,Whse_C,Product_1,Category_019,(23)
6704,2021-05-11,Whse_C,Product_1,Category_019,(26)
6705,2021-05-12,Whse_C,Product_1,Category_019,(23)
6706,2021-05-13,Whse_C,Product_1,Category_019,(31)
6707,2021-05-14,Whse_C,Product_1,Category_019,(36)
6708,2021-05-15,Whse_C,Product_1,Category_019,(41)
6709,2021-05-16,Whse_C,Product_1,Category_019,(20)
6710,2021-05-17,Whse_C,Product_1,Category_019,(31)
6711,2021-05-18,Whse_C,Product_1,Category_019,(24)
6712,2021-05-19,Whse_C,Product_1,Category_019,(21)
6713,2021-05-20,Whse_C,Product_1,Category_019,(35)
6714,2021-05-21,Whse_C,Product_1,Category_019,(34)
6715,2021-05-22,Whse_C,Product_1,Category_019,(28)
6716,2021-05-23,Whse_C,Product_1,Category_019,(24)
6717,2021-05-24,Whse_C,Product_1,Category_019,(26)
6718,2021-05-25,Whse_C,Product_1,Category_019,(28)
6719,2021-05-26,Whse_C,Product_1,Category_019,(24)
6720,2021-05-27,Whse_C,Product_1,Category_019,(28)
6721,2021-05-28,Whse_C,Product_1,Category_019,(20)
6722,2021-05-29,Whse_C,Product_1,Category_019,(32)
6723,2021-05-30,Whse_C,Product_1,Category_019,(12)
6724,2021-05-31,Whse_C,Product_1,Category_019,(29)
6725,2021-06-01,Whse_C,Product_1,Category_019,(22)
6726,2021-06-02,Whse_C,Product_1,Category_019,(35)
6727,2021-06-03,Whse_C,Product_1,Category_019,(27)
6728,2021-06-04,Whse_C,Product_1,Category_019,(36)
6729,2021-06-05,Whse_C,Product_1,Category_019,(36)
6730,2021-06-06,Whse_C,Product_1,Category_019,(35)
6731,2021-06-07,Whse_C,Product_1,Category_019,(24)
6732,2021-06-08,Whse_C,Product_1,Category_019,(21)
6733,2021-06-09,Whse_C,Product_1,Category_019,(21)
6734,2021-06-10,Whse_C,Product_1,Category_019,(34)
6735,2021-06-11,Whse_C,Product_1,Category_019,(28)
6736,2021-06-12,Whse_C,Product_1,Category_019,(33)
6737,2021-06-13,Whse_C,Product_1,Category_019,(24)
6738,2021-06-14,Whse_C,Product_1,Category_019,(27)
6739,2021-06-15,Whse_C,Product_1,Category_019,(32)
6740,2021-06-16,Whse_C,Product_1,Category_019,(36)
6741,2021-06-17,Whse_C,Product_1,Category_019,(32)
6742,2021-06-18,Whse_C,Product_1,Category_019,(35)
6743,2021-06-19,Whse_C,Product_1,Category_019,(44)
6744,2021-06-20,Whse_C,Product_1,Category_019,(29)
6745,2021-06-21,Whse_C,Product_1,Category_019,(21)
6746,2021-06-22,Whse_C,Product_1,Category_019,(27)
6747,2021-06-23,Whse_C,Product_1,Category_019,(31)
6748,2021-06-24,Whse_C,Product_1,Category_019,(38)
6749,2021-06-25,Whse_C,Product_1,Category_019,(38)
6750,2021-06-26,Whse_C,Product_1,Category_019,(44)
6751,2021-06-27,Whse_C,Product_1,Category_019,(30)
6752,2021-06-28,Whse_C,Product_1,Category_019,(34)
6753,2021-06-29,Whse_C,Product_1,Category_019,(29)
6754,2021-06-30,Whse_C,Product_1,Category_019,(36)
6755,2021-07-01,Whse_C,Product_1,Category_019,(38)
6756,2021-07-02,Whse_C,Product_1,Category_019,(41)
6757,2021-07-03,Whse_C,Product_1,Category_019,(43)
6758,2021-07-04,Whse_C,Product_1,Category_019,(27)
6759,2021-07-05,Whse_C,Product_1,Category_019,(34)
6760,2021-07-06,Whse_C,Product_1,Category_019,(36)
6761,2021-07-07,Whse_C,Product_1,Category_019,(27)
6762,2021-07-08,Whse_C,Product_1,Category_019,(40)
6763,2021-07-09,Whse_C,Product_1,Category_019,(47)
6764,2021-07-10,Whse_C,Product_1,Category_019,(32)
6765,2021-07-11,Whse_C,Product_1,Category_019,(29)
6766,2021-07-12,Whse_C,Product_1,Category_019,(24)
6767,2021-07-13,Whse_C,Product_1,Category_019,(31)
6768,2021-07-14,Whse_C,Product_1,Category_019,(32)
6769,2021-07-15,Whse_C,Product_1,Category_019,(33)
6770,2021-07-16,Whse_C,Product_1,Category_019,(30)
6771,2021-07-17,Whse_C,Product_1,Category_019,(31)
6772,2021-07-18,Whse_C,Product_1,Category_019,(23)
6773,2021-07-19,Whse_C,Product_1,Category_019,(35)
6774,2021-07-20,Whse_C,Product_1,Category_019,(33)
6775,2021-07-21,Whse_C,Product_1,Category_019,(27)
6776,2021-07-22,Whse_C,Product_1,Category_019,(32)
6777,2021-07-23,Whse_C,Product_1,Category_019,(27)
6778,2021-07-24,Whse_C,Product_1,Category_019,(39)
6779,2021-07-25,Whse_C,Product_1,Category_019,(19)
6780,2021-07-26,Whse_C,Product_1,Category_019,(33)
6781,2021-07-27,Whse_C,Product_1,Category_019,(35)
6782,2021-07-28,Whse_C,Product_1,Category_019,(39)
6783,2021-07-29,Whse_C,Product_1,Category_019,(35)
6784,2021-07-30,Whse_C,Product_1,Category_019,(30)
6785,2021-07-31,Whse_C,Product_1,Category_019,(54)
6786,2021-08-01,Whse_C,Product_1,Category_019,(19)
6787,2021-08-02,Whse_C,Product_1,Category_019,(26)
6788,2021-08-03,Whse_C,Product_1,Category_019,(19)
6789,2021-08-04,Whse_C,Product_1,Category_019,(33)
6790,2021-08-05,Whse_C,Product_1,Category_019,(32)
6791,2021-08-06,Whse_C,Product_1,Category_019,(25)
6792,2021-08-07,Whse_C,Product_1,Category_019,(27)
6793,2021-08-08,Whse_C,Product_1,Category_019,(32)
6794,2021-08-09,Whse_C,Product_1,Category_019,(20)
6795,2021-08-10,Whse_C,Product_1,Category_019,(28)
6796,2021-08-11,Whse_C,Product_1,Category_019,(24)
6797,2021-08-12,Whse_C,Product_1,Category_019,(29)
6798,2021-08-13,Whse_C,Product_1,Category_019,(28)
6799,2021-08-14,Whse_C,Product_1,Category_019,(42)
6800,2021-08-15,Whse_C,Product_1,Category_019,(15)
6801,2021-08-16,Whse_C,Product_1,Category_019,(31)
6802,2021-08-17,Whse_C,Product_1,Category_019,(19)
6803,2021-08-18,Whse_C,Product_1,Category_019,(28)
6804,2021-08-19,Whse_C,Product_1,Category_019,(32)
6805,2021-08-20,Whse_C,Product_1,Category_019,(25)
6806,2021-08-21,Whse_C,Product_1,Category_019,(32)
6807,2021-08-22,Whse_C,Product_1,Category_019,(23)
6808,2021-08-23,Whse_C,Product_1,Category_019,(27)
6809,2021-08-24,Whse_C,Product_1,Category_019,(28)
6810,2021-08-25,Whse_C,Product_1,Category_019,(31)
6811,2021-08-26,Whse_C,Product_1,Category_019,(41)
6812,2021-08-27,Whse_C,Product_1,Category_019,(36)
6813,2021-08-28,Whse_C,Product_1,Category_019,(41)
6814,2021-08-29,Whse_C,Product_1,Category_019,(19)
6815,2021-08-30,Whse_C,Product_1,Category_019,(25)
6816,2021-08-31,Whse_C,Product_1,Category_019,(28)
6817,2021-09-01,Whse_C,Product_1,Category_019,(30)
6818,2021-09-02,Whse_C,Product_1,Category_019,(29)
6819,2021-09-03,Whse_C,Product_1,Category_019,(29)
6820,2021-09-04,Whse_C,Product_1,Category_019,(26)
6821,2021-09-05,Whse_C,Product_1,Category_019,(17)
6822,2021-09-06,Whse_C,Product_1,Category_019,(23)
6823,2021-09-07,Whse_C,Product_1,Category_019,(20)
6824,2021-09-08,Whse_C,Product_1,Category_019,(31)
6825,2021-09-09,Whse_C,Product_1,Category_019,(29)
6826,2021-09-10,Whse_C,Product_1,Category_019,(30)
6827,2021-09-11,Whse_C,Product_1,Category_019,(32)
6828,2021-09-12,Whse_C,Product_1,Category_019,(16)
6829,2021-09-13,Whse_C,Product_1,Category_019,(24)
6830,2021-09-14,Whse_C,Product_1,Category_019,(18)
6831,2021-09-15,Whse_C,Product_1,Category_019,(20)
6832,2021-09-16,Whse_C,Product_1,Category_019,(37)
6833,2021-09-17,Whse_C,Product_1,Category_019,(30)
6834,2021-09-18,Whse_C,Product_1,Category_019,(34)
6835,2021-09-19,Whse_C,Product_1,Category_019,(21)
6836,2021-09-20,Whse_C,Product_1,Category_019,(26)
6837,2021-09-21,Whse_C,Product_1,Category_019,(19)
6838,2021-09-22,Whse_C,Product_1,Category_019,(25)
6839,2021-09-23,Whse_C,Product_1,Category_019,(30)
6840,2021-09-24,Whse_C,Product_1,Category_019,(26)
6841,2021-09-25,Whse_C,Product_1,Category_019,(34)
6842,2021-09-26,Whse_C,Product_1,Category_019,(18)
6843,2021-09-27,Whse_C,Product_1,Category_019,(36)
6844,2021-09-28,Whse_C,Product_1,Category_019,(23)
6845,2021-09-29,Whse_C,Product_1,Category_019,(25)
6846,2021-09-30,Whse_C,Product_1,Category_019,(37)
6847,2021-10-01,Whse_C,Product_1,Category_019,(22)
6848,2021-10-02,Whse_C,Product_1,Category_019,(24)
6849,2021-10-03,Whse_C,Product_1,Category_019,(20)
6850,2021-10-04,Whse_C,Product_1,Category_019,(29)
6851,2021-10-05,Whse_C,Product_1,Category_019,(24)
6852,2021-10-06,Whse_C,Product_1,Category_019,(26)
6853,2021-10-07,Whse_C,Product_1,Category_019,(25)
6854,2021-10-08,Whse_C,Product_1,Category_019,(37)
6855,2021-10-09,Whse_C,Product_1,Category_019,(30)
6856,2021-10-10,Whse_C,Product_1,Category_019,(19)
6857,2021-10-11,Whse_C,Product_1,Category_019,(32)
6858,2021-10-12,Whse_C,Product_1,Category_019,(18)
6859,2021-10-13,Whse_C,Product_1,Category_019,(31)
6860,2021-10-14,Whse_C,Product_1,Category_019,(28)
6861,2021-10-15,Whse_C,Product_1,Category_019,(30)
6862,2021-10-16,Whse_C,Product_1,Category_019,(29)
6863,2021-10-17,Whse_C,Product_1,Category_019,(15)
6864,2021-10-18,Whse_C,Product_1,Category_019,(27)
6865,2021-10-19,Whse_C,Product_1,Category_023,(16)
6866,2021-10-20,Whse_C,Product_1,Category_023,(22)
6867,2021-10-21,Whse_C,Product_1,Category_023,(30)
6868,2021-10-22,Whse_C,Product_1,Category_023,(19)
6869,2021-10-23,Whse_C,Product_1,Category_023,(25)
6870,2021-10-24,Whse_C,Product_1,Category_023,(28)
6871,2021-10-25,Whse_C,Product_1,Category_023,(31)
6872,2021-10-26,Whse_C,Product_1,Category_023,(24)
6873,2021-10-27,Whse_C,Product_1,Category_023,(16)
6874,2021-10-28,Whse_C,Product_1,Category_023,(24)
6875,2021-10-29,Whse_C,Product_1,Category_023,(40)
6876,2021-10-30,Whse_C,Product_1,Category_023,(22)
6877,2021-10-31,Whse_C,Product_1,Category_023,(17)
6878,2021-11-01,Whse_C,Product_1,Category_023,(27)
6879,2021-11-02,Whse_C,Product_1,Category_023,(25)
6880,2021-11-03,Whse_C,Product_1,Category_023,(19)
6881,2021-11-04,Whse_C,Product_1,Category_023,(34)
6882,2021-11-05,Whse_C,Product_1,Category_023,(26)
6883,2021-11-06,Whse_C,Product_1,Category_023,(28)
6884,2021-11-07,Whse_C,Product_1,Category_023,(12)
6885,2021-11-08,Whse_C,Product_1,Category_023,(18)
6886,2021-11-09,Whse_C,Product_1,Category_023,(23)
6887,2021-11-10,Whse_C,Product_1,Category_023,(29)
6888,2021-11-11,Whse_C,Product_1,Category_023,(31)
6889,2021-11-12,Whse_C,Product_1,Category_023,(21)
6890,2021-11-13,Whse_C,Product_1,Category_023,(25)
6891,2021-11-14,Whse_C,Product_1,Category_023,(24)
6892,2021-11-15,Whse_C,Product_1,Category_023,(30)
6893,2021-11-16,Whse_C,Product_1,Category_023,(25)
6894,2021-11-17,Whse_C,Product_1,Category_023,(19)
6895,2021-11-18,Whse_C,Product_1,Category_023,(23)
6896,2021-11-19,Whse_C,Product_1,Category_023,(29)
6897,2021-11-20,Whse_C,Product_1,Category_023,(22)
6898,2021-11-21,Whse_C,Product_1,Category_023,(31)
6899,2021-11-22,Whse_C,Product_1,Category_023,(21)
6900,2021-11-23,Whse_C,Product_1,Category_023,(18)
6901,2021-11-24,Whse_C,Product_1,Category_023,(24)
6902,2021-11-25,Whse_C,Product_1,Category_023,(22)
6903,2021-11-26,Whse_C,Product_1,Category_023,(34)
6904,2021-11-27,Whse_C,Product_1,Category_023,(18)
6905,2021-11-28,Whse_C,Product_1,Category_023,(23)
6906,2021-11-29,Whse_C,Product_1,Category_023,(24)
6907,2021-11-30,Whse_C,Product_1,Category_023,(19)
6908,2021-12-01,Whse_C,Product_1,Category_023,(16)
6909,2021-12-02,Whse_C,Product_1,Category_023,(18)
6910,2021-12-03,Whse_C,Product_1,Category_023,(19)
6911,2021-12-04,Whse_C,Product_1,Category_023,(26)
6912,2021-12-05,Whse_C,Product_1,Category_023,(22)
6913,2021-12-06,Whse_C,Product_1,Category_023,(13)
6914,2021-12-07,Whse_C,Product_1,Category_023,(19)
6915,2021-12-08,Whse_C,Product_1,Category_023,(27)
6916,2021-12-09,Whse_C,Product_1,Category_023,(33)
6917,2021-12-10,Whse_C,Product_1,Category_023,(15)
6918,2021-12-11,Whse_C,Product_1,Category_023,(22)
6919,2021-12-12,Whse_C,Product_1,Category_023,(15)
6920,2021-12-13,Whse_C,Product_1,Category_023,(15)
6921,2021-12-14,Whse_C,Product_1,Category_023,(15)
6922,2021-12-15,Whse_C,Product_1,Category_023,(15)
6923,2021-12-16,Whse_C,Product_1,Category_023,(28)
6924,2021-12-17,Whse_C,Product_1,Category_023,(22)
6925,2021-12-18,Whse_C,Product_1,Category_023,(24)
6926,2021-12-19,Whse_C,Product_1,Category_023,(12)
6927,2021-12-20,Whse_C,Product_1,Category_023,(19)
6928,2021-12-21,Whse_C,Product_1,Category_023,(17)
6929,2021-12-22,Whse_C,Product_1,Category_023,(19)
6930,2021-12-23,Whse_C,Product_1,Category_023,(16)
6931,2021-12-24,Whse_C,Product_1,Category_023,(13)
6932,2021-12-25,Whse_C,Product_1,Category_023,(32)
6933,2021-12-26,Whse_C,Product_1,Category_023,(21)
6934,2021-12-27,Whse_C,Product_1,Category_023,(17)
6935,2021-12-28,Whse_C,Product_1,Category_023,(22)
6936,2021-12-29,Whse_C,Product_1,Category_023,(10)
6937,2021-12-30,Whse_C,Product_1,Category_023,(21)
6938,2021-12-31,Whse_C,Product_1,Category_023,(15)
6939,2022-01-01,Whse_C,Product_1,Category_023,(16)
6940,2022-01-02,Whse_C,Product_1,Category_023,(20)
6941,2022-01-03,Whse_C,Product_1,Category_023,(19)
6942,2022-01-04,Whse_C,Product_1,Category_023,(14)
6943,2022-01-05,Whse_C,Product_1,Category_023,(16)
6944,2022-01-06,Whse_C,Product_1,Category_023,(25)
6945,2022-01-07,Whse_C,Product_1,Category_023,(29)
6946,2022-01-08,Whse_C,Product_1,Category_023,(19)
6947,2022-01-09,Whse_C,Product_1,Category_023,(9)
6948,2022-01-10,Whse_C,Product_1,Category_023,(23)
6949,2022-01-11,Whse_C,Product_1,Category_023,(20)
6950,2022-01-12,Whse_C,Product_1,Category_023,(16)
6951,2022-01-13,Whse_C,Product_1,Category_023,(18)
6952,2022-01-14,Whse_C,Product_1,Category_023,(17)
6953,2022-01-15,Whse_C,Product_1,Category_023,(21)
6954,2022-01-16,Whse_C,Product_1,Category_023,(16)
6955,2022-01-17,Whse_C,Product_1,Category_023,(22)
6956,2022-01-18,Whse_C,Product_1,Category_023,(14)
6957,2022-01-19,Whse_C,Product_1,Category_023,(21)
6958,2022-01-20,Whse_C,Product_1,Category_023,(26)
6959,2022-01-21,Whse_C,Product_1,Category_023,(24)
6960,2022-01-22,Whse_C,Product_1,Category_023,(13)
6961,2022-01-23,Whse_C,Product_1,Category_023,(16)
6962,2022-01-24,Whse_C,Product_1,Category_023,(16)
6963,2022-01-25,Whse_C,Product_1,Category_023,(18)
6964,2022-01-26,Whse_C,Product_1,Category_023,(18)
6965,2022-01-27,Whse_C,Product_1,Category_023,(22)
6966,2022-01-28,Whse_C,Product_1,Category_023,(19)
6967,2022-01-29,Whse_C,Product_1,Category_023,(10)
6968,2022-01-30,Whse_C,Product_1,Category_023,(8)
6969,2022-01-31,Whse_C,Product_1,Category_023,(16)
6970,2022-02-01,Whse_C,Product_1,Category_023,(19)
6971,2022-02-02,Whse_C,Product_1,Category_023,(17)
6972,2022-02-03,Whse_C,Product_1,Category_023,(28)
6973,2022-02-04,Whse_C,Product_1,Category_023,(15)
6974,2022-02-05,Whse_C,Product_1,Category_023,(30)
6975,2022-02-06,Whse_C,Product_1,Category_023,(15)
6976,2022-02-07,Whse_C,Product_1,Category_023,(21)
6977,2022-02-08,Whse_C,Product_1,Category_023,(20)
6978,2022-02-09,Whse_C,Product_1,Category_023,(18)
6979,2022-02-10,Whse_C,Product_1,Category_023,(15)
6980,2022-02-11,Whse_C,Product_1,Category_023,(21)
6981,2022-02-12,Whse_C,Product_1,Category_023,(24)
6982,2022-02-13,Whse_C,Product_1,Category_030,(18)
6983,2022-02-14,Whse_C,Product_1,Category_030,(9)
6984,2022-02-15,Whse_C,Product_1,Category_030,(18)
6985,2022-02-16,Whse_C,Product_1,Category_030,(20)
6986,2022-02-17,Whse_C,Product_1,Category_030,(15)
6987,2022-02-18,Whse_C,Product_1,Category_030,(17)
6988,2022-02-19,Whse_C,Product_1,Category_030,(25)
6989,2022-02-20,Whse_C,Product_1,Category_030,(10)
6990,2022-02-21,Whse_C,Product_1,Category_030,(18)
6991,2022-02-22,Whse_C,Product_1,Category_030,(16)
6992,2022-02-23,Whse_C,Product_1,Category_030,(24)
6993,2022-02-24,Whse_C,Product_1,Category_030,(16)
6994,2022-02-25,Whse_C,Product_1,Category_030,(18)
6995,2022-02-26,Whse_C,Product_1,Category_030,(26)
6996,2022-02-27,Whse_C,Product_1,Category_030,(12)
6997,2022-02-28,Whse_C,Product_1,Category_030,(13)
6998,2022-03-01,Whse_C,Product_1,Category_030,(20)
6999,2022-03-02,Whse_C,Product_1,Category_030,(22)
7000,2022-03-03,Whse_C,Product_1,Category_030,(28)
7001,2022-03-04,Whse_C,Product_1,Category_030,(20)
7002,2022-03-05,Whse_C,Product_1,Category_030,(23)
7003,2022-03-06,Whse_C,Product_1,Category_030,(21)
7004,2022-03-07,Whse_C,Product_1,Category_030,(13)
7005,2022-03-08,Whse_C,Product_1,Category_030,(28)
7006,2022-03-09,Whse_C,Product_1,Category_030,(18)
7007,2022-03-10,Whse_C,Product_1,Category_030,(29)
7008,2022-03-11,Whse_C,Product_1,Category_030,(16)
7009,2022-03-12,Whse_C,Product_1,Category_030,(27)
7010,2022-03-13,Whse_C,Product_1,Category_030,(16)
7011,2022-03-14,Whse_C,Product_1,Category_030,(28)
7012,2022-03-15,Whse_C,Product_1,Category_030,(21)
7013,2022-03-16,Whse_C,Product_1,Category_030,(22)
7014,2022-03-17,Whse_C,Product_1,Category_030,(24)
7015,2022-03-18,Whse_C,Product_1,Category_030,(27)
7016,2022-03-19,Whse_C,Product_1,Category_030,(22)
7017,2022-03-20,Whse_C,Product_1,Category_019,(19)
7018,2022-03-21,Whse_C,Product_1,Category_019,(17)
7019,2022-03-22,Whse_C,Product_1,Category_019,(22)
7020,2022-03-23,Whse_C,Product_1,Category_019,(19)
7021,2022-03-24,Whse_C,Product_1,Category_019,(36)
7022,2022-03-25,Whse_C,Product_1,Category_019,(27)
7023,2022-03-26,Whse_C,Product_1,Category_019,(23)
7024,2022-03-27,Whse_C,Product_1,Category_019,(17)
7025,2022-03-28,Whse_C,Product_1,Category_019,(23)
7026,2022-03-29,Whse_C,Product_1,Category_019,(16)
7027,2022-03-30,Whse_C,Product_1,Category_019,(23)
7028,2022-03-31,Whse_C,Product_1,Category_019,(16)
7029,2022-04-01,Whse_C,Product_1,Category_019,(32)
7030,2022-04-02,Whse_C,Product_1,Category_019,(33)
7031,2022-04-03,Whse_C,Product_1,Category_006,(18)
7032,2022-04-04,Whse_C,Product_1,Category_006,(26)
7033,2022-04-05,Whse_C,Product_1,Category_006,(26)
7034,2022-04-06,Whse_C,Product_1,Category_006,(24)
7035,2022-04-07,Whse_C,Product_1,Category_006,(26)
7036,2022-04-08,Whse_C,Product_1,Category_019,(29)
7037,2022-04-09,Whse_C,Product_1,Category_019,(31)
7038,2022-04-10,Whse_C,Product_1,Category_019,(26)
7039,2022-04-11,Whse_C,Product_1,Category_019,(30)
7040,2022-04-12,Whse_C,Product_1,Category_019,(21)
7041,2022-04-13,Whse_C,Product_1,Category_019,(22)
7042,2022-04-14,Whse_C,Product_1,Category_019,(37)
7043,2022-04-15,Whse_C,Product_1,Category_019,(21)
7044,2022-04-16,Whse_C,Product_1,Category_019,(35)
7045,2022-04-17,Whse_C,Product_1,Category_019,(22)
7046,2022-04-18,Whse_C,Product_1,Category_019,(20)
7047,2022-04-19,Whse_C,Product_1,Category_019,(29)
7048,2022-04-20,Whse_C,Product_1,Category_019,(32)
7049,2022-04-21,Whse_C,Product_1,Category_019,(39)
7050,2022-04-22,Whse_C,Product_1,Category_019,(36)
7051,2022-04-23,Whse_C,Product_1,Category_019,(31)
7052,2022-04-24,Whse_C,Product_1,Category_019,(12)
7053,2022-04-25,Whse_C,Product_1,Category_019,(25)
7054,2022-04-26,Whse_C,Product_1,Category_019,(18)
7055,2022-04-27,Whse_C,Product_1,Category_019,(27)
7056,2022-04-28,Whse_C,Product_1,Category_019,(29)
7057,2022-04-29,Whse_C,Product_1,Category_019,(33)
7058,2022-04-30,Whse_C,Product_1,Category_019,(24)
7059,2022-05-01,Whse_C,Product_1,Category_019,(26)
7060,2022-05-02,Whse_C,Product_1,Category_019,(17)
7061,2022-05-03,Whse_C,Product_1,Category_019,(29)
7062,2022-05-04,Whse_C,Product_1,Category_019,(29)
7063,2022-05-05,Whse_C,Product_1,Category_019,(41)
7064,2022-05-06,Whse_C,Product_1,Category_019,(37)
7065,2022-05-07,Whse_C,Product_1,Category_019,(26)
7066,2022-05-08,Whse_C,Product_1,Category_019,(24)
7067,2022-05-09,Whse_C,Product_1,Category_019,(22)
7068,2022-05-10,Whse_C,Product_1,Category_019,(23)
7069,2022-05-11,Whse_C,Product_1,Category_019,(26)
7070,2022-05-12,Whse_C,Product_1,Category_019,(32)
7071,2022-05-13,Whse_C,Product_1,Category_019,(23)
7072,2022-05-14,Whse_C,Product_1,Category_019,(30)
7073,2022-05-15,Whse_C,Product_1,Category_019,(26)
7074,2022-05-16,Whse_C,Product_1,Category_019,(25)
7075,2022-05-17,Whse_C,Product_1,Category_019,(21)
7076,2022-05-18,Whse_C,Product_1,Category_019,(36)
7077,2022-05-19,Whse_C,Product_1,Category_019,(34)
7078,2022-05-20,Whse_C,Product_1,Category_019,(31)
7079,2022-05-21,Whse_C,Product_1,Category_019,(42)
7080,2022-05-22,Whse_C,Product_1,Category_019,(22)
7081,2022-05-23,Whse_C,Product_1,Category_019,(21)
7082,2022-05-24,Whse_C,Product_1,Category_019,(32)
7083,2022-05-25,Whse_C,Product_1,Category_019,(31)
7084,2022-05-26,Whse_C,Product_1,Category_019,(27)
7085,2022-05-27,Whse_C,Product_1,Category_019,(42)
7086,2022-05-28,Whse_C,Product_1,Category_019,(26)
7087,2022-05-29,Whse_C,Product_1,Category_019,(21)
7088,2022-05-30,Whse_C,Product_1,Category_019,(21)
7089,2022-05-31,Whse_C,Product_1,Category_019,(27)
7090,2022-06-01,Whse_C,Product_1,Category_019,(29)
7091,2022-06-02,Whse_C,Product_1,Category_019,(32)
7092,2022-06-03,Whse_C,Product_1,Category_019,(31)
7093,2022-06-04,Whse_C,Product_1,Category_019,(31)
7094,2022-06-05,Whse_C,Product_1,Category_019,(33)
7095,2022-06-06,Whse_C,Product_1,Category_019,(37)
7096,2022-06-07,Whse_C,Product_1,Category_019,(26)
7097,2022-06-08,Whse_C,Product_1,Category_019,(15)
7098,2022-06-09,Whse_C,Product_1,Category_019,(35)
7099,2022-06-10,Whse_C,Product_1,Category_019,(40)
7100,2022-06-11,Whse_C,Product_1,Category_019,(51)
7101,2022-06-12,Whse_C,Product_1,Category_019,(36)
7102,2022-06-13,Whse_C,Product_1,Category_019,(32)
7103,2022-06-14,Whse_C,Product_1,Category_019,(27)
7104,2022-06-15,Whse_C,Product_1,Category_019,(27)
7105,2022-06-16,Whse_C,Product_1,Category_019,(29)
7106,2022-06-17,Whse_C,Product_1,Category_019,(37)
7107,2022-06-18,Whse_C,Product_1,Category_019,(42)
7108,2022-06-19,Whse_C,Product_1,Category_019,(27)
7109,2022-06-20,Whse_C,Product_1,Category_019,(28)
7110,2022-06-21,Whse_C,Product_1,Category_019,(34)
7111,2022-06-22,Whse_C,Product_1,Category_019,(37)
7112,2022-06-23,Whse_C,Product_1,Category_019,(25)
7113,2022-06-24,Whse_C,Product_1,Category_019,(38)
7114,2022-06-25,Whse_C,Product_1,Category_005,(31)
7115,2022-06-26,Whse_C,Product_1,Category_005,(15)
7116,2022-06-27,Whse_C,Product_1,Category_005,(28)
7117,2022-06-28,Whse_C,Product_1,Category_019,(36)
7118,2022-06-29,Whse_C,Product_1,Category_019,(25)
7119,2022-06-30,Whse_C,Product_1,Category_019,(28)
7120,2022-07-01,Whse_C,Product_1,Category_019,(43)
7121,2022-07-02,Whse_C,Product_1,Category_001,(46)
7122,2022-07-03,Whse_C,Product_1,Category_001,(20)
7123,2022-07-04,Whse_C,Product_1,Category_001,(30)
7124,2022-07-05,Whse_C,Product_1,Category_005,(37)
7125,2022-07-06,Whse_C,Product_1,Category_005,(36)
7126,2022-07-07,Whse_C,Product_1,Category_005,(36)
7127,2022-07-08,Whse_C,Product_1,Category_005,(30)
7128,2022-07-09,Whse_C,Product_1,Category_005,(52)
7129,2022-07-10,Whse_C,Product_1,Category_005,(32)
7130,2022-07-11,Whse_C,Product_1,Category_005,(28)
7131,2022-07-12,Whse_C,Product_1,Category_005,(26)
7132,2022-07-13,Whse_C,Product_1,Category_005,(37)
7133,2022-07-14,Whse_C,Product_1,Category_005,(47)
7134,2022-07-15,Whse_C,Product_1,Category_019,(23)
7135,2022-07-16,Whse_C,Product_1,Category_019,(33)
7136,2022-07-17,Whse_C,Product_1,Category_019,(30)
7137,2022-07-18,Whse_C,Product_1,Category_019,(28)
7138,2022-07-19,Whse_C,Product_1,Category_001,(32)
7139,2022-07-20,Whse_C,Product_1,Category_001,(47)
7140,2022-07-21,Whse_C,Product_1,Category_001,(44)
7141,2022-07-22,Whse_C,Product_1,Category_001,(42)
7142,2022-07-23,Whse_C,Product_1,Category_001,(40)
7143,2022-07-24,Whse_C,Product_1,Category_001,(32)
7144,2022-07-25,Whse_C,Product_1,Category_001,(29)
7145,2022-07-26,Whse_C,Product_1,Category_001,(31)
7146,2022-07-27,Whse_C,Product_1,Category_001,(35)
7147,2022-07-28,Whse_C,Product_1,Category_001,(35)
7148,2022-07-29,Whse_C,Product_1,Category_001,(40)
7149,2022-07-30,Whse_C,Product_1,Category_001,(43)
7150,2022-07-31,Whse_C,Product_1,Category_019,(23)
7151,2022-08-01,Whse_C,Product_1,Category_019,(16)
7152,2022-08-02,Whse_C,Product_1,Category_019,(23)
7153,2022-08-03,Whse_C,Product_1,Category_019,(27)
7154,2022-08-04,Whse_C,Product_1,Category_019,(28)
7155,2022-08-05,Whse_C,Product_1,Category_019,(34)
7156,2022-08-06,Whse_C,Product_1,Category_019,(25)
7157,2022-08-07,Whse_C,Product_1,Category_019,(28)
7158,2022-08-08,Whse_C,Product_1,Category_019,(21)
7159,2022-08-09,Whse_C,Product_1,Category_019,(28)
7160,2022-08-10,Whse_C,Product_1,Category_019,(27)
7161,2022-08-11,Whse_C,Product_1,Category_019,(30)
7162,2022-08-12,Whse_C,Product_1,Category_019,(31)
7163,2022-08-13,Whse_C,Product_1,Category_019,(36)
7164,2022-08-14,Whse_C,Product_1,Category_019,(26)
7165,2022-08-15,Whse_C,Product_1,Category_019,(23)
7166,2022-08-16,Whse_C,Product_1,Category_019,(31)
7167,2022-08-17,Whse_C,Product_1,Category_019,(41)
7168,2022-08-18,Whse_C,Product_1,Category_019,(28)
7169,2022-08-19,Whse_C,Product_1,Category_019,(33)
7170,2022-08-20,Whse_C,Product_1,Category_019,(28)
7171,2022-08-21,Whse_C,Product_1,Category_019,(16)
7172,2022-08-22,Whse_C,Product_1,Category_019,(24)
7173,2022-08-23,Whse_C,Product_1,Category_019,(24)
7174,2022-08-24,Whse_C,Product_1,Category_019,(33)
7175,2022-08-25,Whse_C,Product_1,Category_019,(31)
7176,2022-08-26,Whse_C,Product_1,Category_019,(33)
7177,2022-08-27,Whse_C,Product_1,Category_019,(24)
7178,2022-08-28,Whse_C,Product_1,Category_019,(19)
7179,2022-08-29,Whse_C,Product_1,Category_019,(33)
7180,2022-08-30,Whse_C,Product_1,Category_019,(31)
7181,2022-08-31,Whse_C,Product_1,Category_019,(23)
7182,2022-09-01,Whse_C,Product_1,Category_019,(31)
7183,2022-09-02,Whse_C,Product_1,Category_019,(29)
7184,2022-09-03,Whse_C,Product_1,Category_019,(33)
7185,2022-09-04,Whse_C,Product_1,Category_019,(22)
7186,2022-09-05,Whse_C,Product_1,Category_019,(23)
7187,2022-09-06,Whse_C,Product_1,Category_019,(20)
7188,2022-09-07,Whse_C,Product_1,Category_019,(24)
7189,2022-09-08,Whse_C,Product_1,Category_019,(25)
7190,2022-09-09,Whse_C,Product_1,Category_019,(23)
7191,2022-09-10,Whse_C,Product_1,Category_019,(32)
7192,2022-09-11,Whse_C,Product_1,Category_019,(25)
7193,2022-09-12,Whse_C,Product_1,Category_019,(33)
7194,2022-09-13,Whse_C,Product_1,Category_019,(22)
7195,2022-09-14,Whse_C,Product_1,Category_019,(36)
7196,2022-09-15,Whse_C,Product_1,Category_019,(26)
7197,2022-09-16,Whse_C,Product_1,Category_019,(32)
7198,2022-09-17,Whse_C,Product_1,Category_019,(37)
7199,2022-09-18,Whse_C,Product_1,Category_019,(24)
7200,2022-09-19,Whse_C,Product_1,Category_019,(26)
7201,2022-09-20,Whse_C,Product_1,Category_019,(30)
7202,2022-09-21,Whse_C,Product_1,Category_019,(35)
7203,2022-09-22,Whse_C,Product_1,Category_019,(35)
7204,2022-09-23,Whse_C,Product_1,Category_019,(19)
7205,2022-09-24,Whse_C,Product_1,Category_030,(27)
7206,2022-09-25,Whse_C,Product_1,Category_007,(20)
7207,2022-09-26,Whse_C,Product_1,Category_007,(29)
7208,2022-09-27,Whse_C,Product_1,Category_007,(30)
7209,2022-09-28,Whse_C,Product_1,Category_007,(28)
7210,2022-09-29,Whse_C,Product_1,Category_007,(24)
7211,2022-09-30,Whse_C,Product_1,Category_009,(35)
7212,2022-10-01,Whse_C,Product_1,Category_009,(32)
7213,2022-10-02,Whse_C,Product_1,Category_009,(23)
7214,2022-10-03,Whse_C,Product_1,Category_009,(35)
7215,2022-10-04,Whse_C,Product_1,Category_009,(26)
7216,2022-10-05,Whse_C,Product_1,Category_009,(25)
7217,2022-10-06,Whse_C,Product_1,Category_009,(36)
7218,2022-10-07,Whse_C,Product_1,Category_009,(25)
7219,2022-10-08,Whse_C,Product_1,Category_009,(39)
7220,2022-10-09,Whse_C,Product_1,Category_009,(23)
7221,2022-10-10,Whse_C,Product_1,Category_009,(17)
7222,2022-10-11,Whse_C,Product_1,Category_009,(35)
7223,2022-10-12,Whse_C,Product_1,Category_009,(18)
7224,2022-10-13,Whse_C,Product_1,Category_009,(27)
7225,2022-10-14,Whse_C,Product_1,Category_009,(30)
7226,2022-10-15,Whse_C,Product_1,Category_009,(25)
7227,2022-10-16,Whse_C,Product_1,Category_009,(9)
7228,2022-10-17,Whse_C,Product_1,Category_009,(21)
7229,2022-10-18,Whse_C,Product_1,Category_009,(32)
7230,2022-10-19,Whse_C,Product_1,Category_009,(31)
7231,2022-10-20,Whse_C,Product_1,Category_009,(34)
7232,2022-10-21,Whse_C,Product_1,Category_009,(34)
7233,2022-10-22,Whse_C,Product_1,Category_009,(27)
7234,2022-10-23,Whse_C,Product_1,Category_009,(14)
7235,2022-10-24,Whse_C,Product_1,Category_009,(19)
7236,2022-10-25,Whse_C,Product_1,Category_009,(22)
7237,2022-10-26,Whse_C,Product_1,Category_009,(17)
7238,2022-10-27,Whse_C,Product_1,Category_009,(18)
7239,2022-10-28,Whse_C,Product_1,Category_009,(21)
7240,2022-10-29,Whse_C,Product_1,Category_009,(25)
7241,2022-10-30,Whse_C,Product_1,Category_009,(17)
7242,2022-10-31,Whse_C,Product_1,Category_009,(13)
7243,2022-11-01,Whse_C,Product_1,Category_009,(27)
7244,2022-11-02,Whse_C,Product_1,Category_009,(25)
7245,2022-11-03,Whse_C,Product_1,Category_009,(30)
7246,2022-11-04,Whse_C,Product_1,Category_009,(38)
7247,2022-11-05,Whse_C,Product_1,Category_009,(31)
7248,2022-11-06,Whse_C,Product_1,Category_009,(22)
7249,2022-11-07,Whse_C,Product_1,Category_009,(20)
7250,2022-11-08,Whse_C,Product_1,Category_009,(25)
7251,2022-11-09,Whse_C,Product_1,Category_009,(23)
7252,2022-11-10,Whse_C,Product_1,Category_009,(29)
7253,2022-11-11,Whse_C,Product_1,Category_009,(34)
7254,2022-11-12,Whse_C,Product_1,Category_009,(30)
7255,2022-11-13,Whse_C,Product_1,Category_009,(18)
7256,2022-11-14,Whse_C,Product_1,Category_009,(21)
7257,2022-11-15,Whse_C,Product_1,Category_009,(16)
7258,2022-11-16,Whse_C,Product_1,Category_009,(25)
7259,2022-11-17,Whse_C,Product_1,Category_009,(33)
7260,2022-11-18,Whse_C,Product_1,Category_009,(39)
7261,2022-11-19,Whse_C,Product_1,Category_009,(29)
7262,2022-11-20,Whse_C,Product_1,Category_009,(24)
7263,2022-11-21,Whse_C,Product_1,Category_009,(27)
7264,2022-11-22,Whse_C,Product_1,Category_009,(26)
7265,2022-11-23,Whse_C,Product_1,Category_009,(26)
7266,2022-11-24,Whse_C,Product_1,Category_009,(33)
7267,2022-11-25,Whse_C,Product_1,Category_009,(32)
7268,2022-11-26,Whse_C,Product_1,Category_009,(33)
7269,2022-11-27,Whse_C,Product_1,Category_009,(17)
7270,2022-11-28,Whse_C,Product_1,Category_009,(25)
7271,2022-11-29,Whse_C,Product_1,Category_009,(20)
7272,2022-11-30,Whse_C,Product_1,Category_009,(30)
7273,2022-12-01,Whse_C,Product_1,Category_009,(17)
7274,2022-12-02,Whse_C,Product_1,Category_009,(29)
7275,2022-12-03,Whse_C,Product_1,Category_009,(19)
7276,2022-12-04,Whse_C,Product_1,Category_009,(11)
7277,2022-12-05,Whse_C,Product_1,Category_009,(12)
7278,2022-12-06,Whse_C,Product_1,Category_009,(17)
7279,2022-12-07,Whse_C,Product_1,Category_009,(25)
7280,2022-12-08,Whse_C,Product_1,Category_009,(22)
7281,2022-12-09,Whse_C,Product_1,Category_009,(24)
7282,2022-12-10,Whse_C,Product_1,Category_009,(27)
7283,2022-12-11,Whse_C,Product_1,Category_009,(18)
7284,2022-12-12,Whse_C,Product_1,Category_009,(22)
7285,2022-12-13,Whse_C,Product_1,Category_009,(12)
7286,2022-12-14,Whse_C,Product_1,Category_009,(29)
7287,2022-12-15,Whse_C,Product_1,Category_009,(25)
7288,2022-12-16,Whse_C,Product_1,Category_009,(21)
7289,2022-12-17,Whse_C,Product_1,Category_009,(18)
7290,2022-12-18,Whse_C,Product_1,Category_009,(18)
7291,2022-12-19,Whse_C,Product_1,Category_009,(19)
7292,2022-12-20,Whse_C,Product_1,Category_009,(17)
7293,2022-12-21,Whse_C,Product_1,Category_009,(17)
7294,2022-12-22,Whse_C,Product_1,Category_009,(22)
7295,2022-12-23,Whse_C,Product_1,Category_009,(23)
7296,2022-12-24,Whse_C,Product_1,Category_009,(25)
7297,2022-12-25,Whse_C,Product_1,Category_009,(16)
7298,2022-12-26,Whse_C,Product_1,Category_021,(18)
7299,2022-12-27,Whse_C,Product_1,Category_024,(15)
7300,2022-12-28,Whse_C,Product_1,Category_009,(26)
7301,2022-12-29,Whse_C,Product_1,Category_009,(28)
7302,2022-12-30,Whse_C,Product_1,Category_009,(21)
7303,2022-12-31,Whse_C,Product_1,Category_009,(23)
